original_row_index,generated_version,item_number,list_item,Full verb phrase,Causality,NP1,verb,NP2,because,pronoun,präposition,adjective + verb,and,NP final,verb final,Generated-Sentence,np2_replacement_status,NP1 - male,NP1 - female,NP2 - male,NP2 - female,verb_bias,Unnamed: 7,Unnamed: 18,Ferstl_verb_eng,Ferstl_sem_cat,Ferstl_eng_verb_length,Ferstl_eng_verb_freq,Ferstl_val,Ferstl_IVC,verb_bias.1,new verb,old verb,german_verb_freq,german_verb_length,Unnamed: 30,Previous-Sentences (04/2026),adj,german_adj_freq,german_adj_length,Susanne_avgRating_Score,Susanne_avgRating_Score.1,20_Best_Verbs,adj_amb,verb_changed,verb_change_log,adjective_changed,adjective_change_log,preposition_changed,preposition_change_log,und_changed,und_change_log
228,original,1,1,belästigte,NP1-Causality,David,belästigte,"Linda,",weil,er,am frühen Morgen,rücksichtslos war,und,die Musik,aufdrehte,"David belästigte Linda, weil er am frühen Morgen rücksichtslos war und die Musik aufdrehte.",ok_prefix_keep_particle_or_punctuation,David,Sabine,Frank,Linda,NP1,,,agitated,StimExp,8.0,25.0,-1.36,85,NP1,regte … auf,aufregte,0.11,8.0,,"Der Schüler regte die Lehrerin auf, weil er am frühen Morgen unüberhörbar war und Störung erzeugte.",unüberhörbar,0.94,12.0,68.75,68.75,optimal,nonamb,True,regte -> belästigte (Eng: agitated),True,unüberhörbar war -> rücksichtslos war,False,,True,Störungen verursachte -> die Musik aufdrehte
228,both_male,2,1,belästigte,NP1-Causality,David,belästigte,"Frank,",weil,er,am frühen Morgen,rücksichtslos war,und,die Musik,aufdrehte,"David belästigte Frank, weil er am frühen Morgen rücksichtslos war und die Musik aufdrehte.",ok_prefix_keep_particle_or_punctuation,David,Sabine,Frank,Linda,NP1,,,agitated,StimExp,8.0,25.0,-1.36,85,NP1,regte … auf,aufregte,0.11,8.0,,"Der Schüler regte die Lehrerin auf, weil er am frühen Morgen unüberhörbar war und Störung erzeugte.",unüberhörbar,0.94,12.0,68.75,68.75,optimal,nonamb,True,regte -> belästigte (Eng: agitated),True,unüberhörbar war -> rücksichtslos war,False,,True,Störungen verursachte -> die Musik aufdrehte
228,both_female,3,1,belästigte,NP1-Causality,Sabine,belästigte,"Linda,",weil,sie,am frühen Morgen,rücksichtslos war,und,die Musik,aufdrehte,"Sabine belästigte Linda, weil sie am frühen Morgen rücksichtslos war und die Musik aufdrehte.",ok_prefix_keep_particle_or_punctuation,David,Sabine,Frank,Linda,NP1,,,agitated,StimExp,8.0,25.0,-1.36,85,NP1,regte … auf,aufregte,0.11,8.0,,"Der Schüler regte die Lehrerin auf, weil er am frühen Morgen unüberhörbar war und Störung erzeugte.",unüberhörbar,0.94,12.0,68.75,68.75,optimal,nonamb,True,regte -> belästigte (Eng: agitated),True,unüberhörbar war -> rücksichtslos war,False,,True,Störungen verursachte -> die Musik aufdrehte
228,swapped,4,1,belästigte,NP1-Causality,Sabine,belästigte,"Frank,",weil,sie,am frühen Morgen,rücksichtslos war,und,die Musik,aufdrehte,"Sabine belästigte Frank, weil sie am frühen Morgen rücksichtslos war und die Musik aufdrehte.",ok_prefix_keep_particle_or_punctuation,David,Sabine,Frank,Linda,NP1,,,agitated,StimExp,8.0,25.0,-1.36,85,NP1,regte … auf,aufregte,0.11,8.0,,"Der Schüler regte die Lehrerin auf, weil er am frühen Morgen unüberhörbar war und Störung erzeugte.",unüberhörbar,0.94,12.0,68.75,68.75,optimal,nonamb,True,regte -> belästigte (Eng: agitated),True,unüberhörbar war -> rücksichtslos war,False,,True,Störungen verursachte -> die Musik aufdrehte
229,original,5,1,belästigte,NP2-Causality,David,belästigte,"Linda,",weil,sie,am frühen Morgen,übermüdet war,und,keine Ruhe,fand,"David belästigte Linda, weil sie am frühen Morgen übermüdet war und keine Ruhe fand.",ok_prefix_keep_particle_or_punctuation,David,Sabine,Frank,Linda,NP1,,,agitated,StimExp,8.0,25.0,-1.36,85,NP1,regte … auf,aufregte,0.11,8.0,,"Der Schüler regte die Lehrerin auf, weil sie am frühen Morgen müde war und die Geduld fehlte.",gereizt,3.14,7.0,68.75,68.75,optimal,nonamb,True,regte -> belästigte (Eng: agitated),True,müde war -> übermüdet war,False,,True,die Geduld fehlte -> keine Ruhe fand
229,both_male,6,1,belästigte,NP2-Causality,David,belästigte,"Frank,",weil,er,am frühen Morgen,übermüdet war,und,keine Ruhe,fand,"David belästigte Frank, weil er am frühen Morgen übermüdet war und keine Ruhe fand.",ok_prefix_keep_particle_or_punctuation,David,Sabine,Frank,Linda,NP1,,,agitated,StimExp,8.0,25.0,-1.36,85,NP1,regte … auf,aufregte,0.11,8.0,,"Der Schüler regte die Lehrerin auf, weil sie am frühen Morgen müde war und die Geduld fehlte.",gereizt,3.14,7.0,68.75,68.75,optimal,nonamb,True,regte -> belästigte (Eng: agitated),True,müde war -> übermüdet war,False,,True,die Geduld fehlte -> keine Ruhe fand
229,both_female,7,1,belästigte,NP2-Causality,Sabine,belästigte,"Linda,",weil,sie,am frühen Morgen,übermüdet war,und,keine Ruhe,fand,"Sabine belästigte Linda, weil sie am frühen Morgen übermüdet war und keine Ruhe fand.",ok_prefix_keep_particle_or_punctuation,David,Sabine,Frank,Linda,NP1,,,agitated,StimExp,8.0,25.0,-1.36,85,NP1,regte … auf,aufregte,0.11,8.0,,"Der Schüler regte die Lehrerin auf, weil sie am frühen Morgen müde war und die Geduld fehlte.",gereizt,3.14,7.0,68.75,68.75,optimal,nonamb,True,regte -> belästigte (Eng: agitated),True,müde war -> übermüdet war,False,,True,die Geduld fehlte -> keine Ruhe fand
229,swapped,8,1,belästigte,NP2-Causality,Sabine,belästigte,"Frank,",weil,er,am frühen Morgen,übermüdet war,und,keine Ruhe,fand,"Sabine belästigte Frank, weil er am frühen Morgen übermüdet war und keine Ruhe fand.",ok_prefix_keep_particle_or_punctuation,David,Sabine,Frank,Linda,NP1,,,agitated,StimExp,8.0,25.0,-1.36,85,NP1,regte … auf,aufregte,0.11,8.0,,"Der Schüler regte die Lehrerin auf, weil sie am frühen Morgen müde war und die Geduld fehlte.",gereizt,3.14,7.0,68.75,68.75,optimal,nonamb,True,regte -> belästigte (Eng: agitated),True,müde war -> übermüdet war,False,,True,die Geduld fehlte -> keine Ruhe fand
206,original,1,2,störte,NP1-Causality,Peter,störte,"Katharina,",weil,er,am späten Nachmittag,laut war,und,das Meeting,unterbrach,"Peter störte Katharina, weil er am späten Nachmittag laut war und das Meeting unterbrach.",ok_prefix_keep_particle_or_punctuation,Peter,Eva,Sebastian,Katharina,NP1,,,annoyed,StimExp,7.0,268.0,-2.0,79,NP1,störte,störte,2.33,6.0,,"Der Bär störte die Löwin, weil er am späten Nachmittag aggressiv war und das Knurren ausstieß.",aggressiv,19.09,9.0,87.5,87.5,optimal,nonamb,False,,True,aggressiv war -> laut war,False,,True,Knurren von sich gab -> das Meeting unterbrach
206,both_male,2,2,störte,NP1-Causality,Peter,störte,"Sebastian,",weil,er,am späten Nachmittag,laut war,und,das Meeting,unterbrach,"Peter störte Sebastian, weil er am späten Nachmittag laut war und das Meeting unterbrach.",ok_prefix_keep_particle_or_punctuation,Peter,Eva,Sebastian,Katharina,NP1,,,annoyed,StimExp,7.0,268.0,-2.0,79,NP1,störte,störte,2.33,6.0,,"Der Bär störte die Löwin, weil er am späten Nachmittag aggressiv war und das Knurren ausstieß.",aggressiv,19.09,9.0,87.5,87.5,optimal,nonamb,False,,True,aggressiv war -> laut war,False,,True,Knurren von sich gab -> das Meeting unterbrach
206,both_female,3,2,störte,NP1-Causality,Eva,störte,"Katharina,",weil,sie,am späten Nachmittag,laut war,und,das Meeting,unterbrach,"Eva störte Katharina, weil sie am späten Nachmittag laut war und das Meeting unterbrach.",ok_prefix_keep_particle_or_punctuation,Peter,Eva,Sebastian,Katharina,NP1,,,annoyed,StimExp,7.0,268.0,-2.0,79,NP1,störte,störte,2.33,6.0,,"Der Bär störte die Löwin, weil er am späten Nachmittag aggressiv war und das Knurren ausstieß.",aggressiv,19.09,9.0,87.5,87.5,optimal,nonamb,False,,True,aggressiv war -> laut war,False,,True,Knurren von sich gab -> das Meeting unterbrach
206,swapped,4,2,störte,NP1-Causality,Eva,störte,"Sebastian,",weil,sie,am späten Nachmittag,laut war,und,das Meeting,unterbrach,"Eva störte Sebastian, weil sie am späten Nachmittag laut war und das Meeting unterbrach.",ok_prefix_keep_particle_or_punctuation,Peter,Eva,Sebastian,Katharina,NP1,,,annoyed,StimExp,7.0,268.0,-2.0,79,NP1,störte,störte,2.33,6.0,,"Der Bär störte die Löwin, weil er am späten Nachmittag aggressiv war und das Knurren ausstieß.",aggressiv,19.09,9.0,87.5,87.5,optimal,nonamb,False,,True,aggressiv war -> laut war,False,,True,Knurren von sich gab -> das Meeting unterbrach
207,original,5,2,störte,NP2-Causality,Peter,störte,"Katharina,",weil,sie,am späten Nachmittag,gestresst war,und,die Nerven,verlor,"Peter störte Katharina, weil sie am späten Nachmittag gestresst war und die Nerven verlor.",ok_prefix_keep_particle_or_punctuation,Peter,Eva,Sebastian,Katharina,NP1,,,annoyed,StimExp,7.0,268.0,-2.0,79,NP1,störte,störte,2.33,6.0,,"Der Bär störte die Löwin, weil sie am späten Nachmittag erschöpft war und Zittern musste.",erschöpft,10.12,9.0,87.5,87.5,optimal,nonamb,False,,True,erschöpft war -> gestresst war,False,,True,Zittern musste -> die Nerven verlor
207,both_male,6,2,störte,NP2-Causality,Peter,störte,"Sebastian,",weil,er,am späten Nachmittag,gestresst war,und,die Nerven,verlor,"Peter störte Sebastian, weil er am späten Nachmittag gestresst war und die Nerven verlor.",ok_prefix_keep_particle_or_punctuation,Peter,Eva,Sebastian,Katharina,NP1,,,annoyed,StimExp,7.0,268.0,-2.0,79,NP1,störte,störte,2.33,6.0,,"Der Bär störte die Löwin, weil sie am späten Nachmittag erschöpft war und Zittern musste.",erschöpft,10.12,9.0,87.5,87.5,optimal,nonamb,False,,True,erschöpft war -> gestresst war,False,,True,Zittern musste -> die Nerven verlor
207,both_female,7,2,störte,NP2-Causality,Eva,störte,"Katharina,",weil,sie,am späten Nachmittag,gestresst war,und,die Nerven,verlor,"Eva störte Katharina, weil sie am späten Nachmittag gestresst war und die Nerven verlor.",ok_prefix_keep_particle_or_punctuation,Peter,Eva,Sebastian,Katharina,NP1,,,annoyed,StimExp,7.0,268.0,-2.0,79,NP1,störte,störte,2.33,6.0,,"Der Bär störte die Löwin, weil sie am späten Nachmittag erschöpft war und Zittern musste.",erschöpft,10.12,9.0,87.5,87.5,optimal,nonamb,False,,True,erschöpft war -> gestresst war,False,,True,Zittern musste -> die Nerven verlor
207,swapped,8,2,störte,NP2-Causality,Eva,störte,"Sebastian,",weil,er,am späten Nachmittag,gestresst war,und,die Nerven,verlor,"Eva störte Sebastian, weil er am späten Nachmittag gestresst war und die Nerven verlor.",ok_prefix_keep_particle_or_punctuation,Peter,Eva,Sebastian,Katharina,NP1,,,annoyed,StimExp,7.0,268.0,-2.0,79,NP1,störte,störte,2.33,6.0,,"Der Bär störte die Löwin, weil sie am späten Nachmittag erschöpft war und Zittern musste.",erschöpft,10.12,9.0,87.5,87.5,optimal,nonamb,False,,True,erschöpft war -> gestresst war,False,,True,Zittern musste -> die Nerven verlor
222,original,1,3,ärgerte,NP1-Causality,Michael,ärgerte,"Barbara,",weil,er,um die Mittagszeit,frech war,und,einen Witz,machte,"Michael ärgerte Barbara, weil er um die Mittagszeit frech war und einen Witz machte.",ok_prefix_keep_particle_or_punctuation,Michael,Nina,Stefan,Barbara,NP1,,,angered,StimExp,7.0,11.0,-2.46,85,NP1,ärgerte,ärgerte,1.41,7.0,,"Der Schäferhund ärgerte die Besitzerin, weil er um die Mittagszeit unüberhörbar war und das Scharren erzeugte.",unüberhörbar,0.94,12.0,56.25,56.25,suboptimal,nonamb,False,,True,aggressiv war -> frech war,False,,True,Kratzer hinterließ -> einen Witz machte
222,both_male,2,3,ärgerte,NP1-Causality,Michael,ärgerte,"Stefan,",weil,er,um die Mittagszeit,frech war,und,einen Witz,machte,"Michael ärgerte Stefan, weil er um die Mittagszeit frech war und einen Witz machte.",ok_prefix_keep_particle_or_punctuation,Michael,Nina,Stefan,Barbara,NP1,,,angered,StimExp,7.0,11.0,-2.46,85,NP1,ärgerte,ärgerte,1.41,7.0,,"Der Schäferhund ärgerte die Besitzerin, weil er um die Mittagszeit unüberhörbar war und das Scharren erzeugte.",unüberhörbar,0.94,12.0,56.25,56.25,suboptimal,nonamb,False,,True,aggressiv war -> frech war,False,,True,Kratzer hinterließ -> einen Witz machte
222,both_female,3,3,ärgerte,NP1-Causality,Nina,ärgerte,"Barbara,",weil,sie,um die Mittagszeit,frech war,und,einen Witz,machte,"Nina ärgerte Barbara, weil sie um die Mittagszeit frech war und einen Witz machte.",ok_prefix_keep_particle_or_punctuation,Michael,Nina,Stefan,Barbara,NP1,,,angered,StimExp,7.0,11.0,-2.46,85,NP1,ärgerte,ärgerte,1.41,7.0,,"Der Schäferhund ärgerte die Besitzerin, weil er um die Mittagszeit unüberhörbar war und das Scharren erzeugte.",unüberhörbar,0.94,12.0,56.25,56.25,suboptimal,nonamb,False,,True,aggressiv war -> frech war,False,,True,Kratzer hinterließ -> einen Witz machte
222,swapped,4,3,ärgerte,NP1-Causality,Nina,ärgerte,"Stefan,",weil,sie,um die Mittagszeit,frech war,und,einen Witz,machte,"Nina ärgerte Stefan, weil sie um die Mittagszeit frech war und einen Witz machte.",ok_prefix_keep_particle_or_punctuation,Michael,Nina,Stefan,Barbara,NP1,,,angered,StimExp,7.0,11.0,-2.46,85,NP1,ärgerte,ärgerte,1.41,7.0,,"Der Schäferhund ärgerte die Besitzerin, weil er um die Mittagszeit unüberhörbar war und das Scharren erzeugte.",unüberhörbar,0.94,12.0,56.25,56.25,suboptimal,nonamb,False,,True,aggressiv war -> frech war,False,,True,Kratzer hinterließ -> einen Witz machte
223,original,5,3,ärgerte,NP2-Causality,Michael,ärgerte,"Barbara,",weil,sie,um die Mittagszeit,gereizt war,und,das Gespräch,verweigerte,"Michael ärgerte Barbara, weil sie um die Mittagszeit gereizt war und das Gespräch verweigerte.",ok_prefix_keep_particle_or_punctuation,Michael,Nina,Stefan,Barbara,NP1,,,angered,StimExp,7.0,11.0,-2.46,85,NP1,ärgerte,ärgerte,1.41,7.0,,"Der Schäferhund ärgerte die Besitzerin, weil sie um die Mittagszeit überdrüssig war und Müdigkeit empfand.",überdrüssig,0.92,11.0,56.25,56.25,suboptimal,nonamb,False,,True,überdrüssig war -> gereizt war,False,,True,Müdigkeit empfand -> das Gespräch verweigerte
223,both_male,6,3,ärgerte,NP2-Causality,Michael,ärgerte,"Stefan,",weil,er,um die Mittagszeit,gereizt war,und,das Gespräch,verweigerte,"Michael ärgerte Stefan, weil er um die Mittagszeit gereizt war und das Gespräch verweigerte.",ok_prefix_keep_particle_or_punctuation,Michael,Nina,Stefan,Barbara,NP1,,,angered,StimExp,7.0,11.0,-2.46,85,NP1,ärgerte,ärgerte,1.41,7.0,,"Der Schäferhund ärgerte die Besitzerin, weil sie um die Mittagszeit überdrüssig war und Müdigkeit empfand.",überdrüssig,0.92,11.0,56.25,56.25,suboptimal,nonamb,False,,True,überdrüssig war -> gereizt war,False,,True,Müdigkeit empfand -> das Gespräch verweigerte
223,both_female,7,3,ärgerte,NP2-Causality,Nina,ärgerte,"Barbara,",weil,sie,um die Mittagszeit,gereizt war,und,das Gespräch,verweigerte,"Nina ärgerte Barbara, weil sie um die Mittagszeit gereizt war und das Gespräch verweigerte.",ok_prefix_keep_particle_or_punctuation,Michael,Nina,Stefan,Barbara,NP1,,,angered,StimExp,7.0,11.0,-2.46,85,NP1,ärgerte,ärgerte,1.41,7.0,,"Der Schäferhund ärgerte die Besitzerin, weil sie um die Mittagszeit überdrüssig war und Müdigkeit empfand.",überdrüssig,0.92,11.0,56.25,56.25,suboptimal,nonamb,False,,True,überdrüssig war -> gereizt war,False,,True,Müdigkeit empfand -> das Gespräch verweigerte
223,swapped,8,3,ärgerte,NP2-Causality,Nina,ärgerte,"Stefan,",weil,er,um die Mittagszeit,gereizt war,und,das Gespräch,verweigerte,"Nina ärgerte Stefan, weil er um die Mittagszeit gereizt war und das Gespräch verweigerte.",ok_prefix_keep_particle_or_punctuation,Michael,Nina,Stefan,Barbara,NP1,,,angered,StimExp,7.0,11.0,-2.46,85,NP1,ärgerte,ärgerte,1.41,7.0,,"Der Schäferhund ärgerte die Besitzerin, weil sie um die Mittagszeit überdrüssig war und Müdigkeit empfand.",überdrüssig,0.92,11.0,56.25,56.25,suboptimal,nonamb,False,,True,überdrüssig war -> gereizt war,False,,True,Müdigkeit empfand -> das Gespräch verweigerte
208,original,1,4,verärgerte,NP1-Causality,Martin,verärgerte,"Birgit,",weil,er,am frühen Abend,aufdringlich war,und,die Grenze,überschritt,"Martin verärgerte Birgit, weil er am frühen Abend aufdringlich war und die Grenze überschritt.",ok_prefix_keep_particle_or_punctuation,Martin,Renate,Tobias,Birgit,NP1,,,antagonized,StimExp,11.0,1.0,-1.36,80,NP1,verärgerte,verärgerte,0.37,10.0,,"Der Schaffner verärgerte die Reisende, weil er am frühen Abend aufdringlich war und die Hartnäckigkeit zeigte. ",aufdringlich,3.73,12.0,56.25,56.25,suboptimal,nonamb,False,,False,,False,,True,Hartnäckigkeit zeigte -> die Grenze überschritt
208,both_male,2,4,verärgerte,NP1-Causality,Martin,verärgerte,"Tobias,",weil,er,am frühen Abend,aufdringlich war,und,die Grenze,überschritt,"Martin verärgerte Tobias, weil er am frühen Abend aufdringlich war und die Grenze überschritt.",ok_prefix_keep_particle_or_punctuation,Martin,Renate,Tobias,Birgit,NP1,,,antagonized,StimExp,11.0,1.0,-1.36,80,NP1,verärgerte,verärgerte,0.37,10.0,,"Der Schaffner verärgerte die Reisende, weil er am frühen Abend aufdringlich war und die Hartnäckigkeit zeigte. ",aufdringlich,3.73,12.0,56.25,56.25,suboptimal,nonamb,False,,False,,False,,True,Hartnäckigkeit zeigte -> die Grenze überschritt
208,both_female,3,4,verärgerte,NP1-Causality,Renate,verärgerte,"Birgit,",weil,sie,am frühen Abend,aufdringlich war,und,die Grenze,überschritt,"Renate verärgerte Birgit, weil sie am frühen Abend aufdringlich war und die Grenze überschritt.",ok_prefix_keep_particle_or_punctuation,Martin,Renate,Tobias,Birgit,NP1,,,antagonized,StimExp,11.0,1.0,-1.36,80,NP1,verärgerte,verärgerte,0.37,10.0,,"Der Schaffner verärgerte die Reisende, weil er am frühen Abend aufdringlich war und die Hartnäckigkeit zeigte. ",aufdringlich,3.73,12.0,56.25,56.25,suboptimal,nonamb,False,,False,,False,,True,Hartnäckigkeit zeigte -> die Grenze überschritt
208,swapped,4,4,verärgerte,NP1-Causality,Renate,verärgerte,"Tobias,",weil,sie,am frühen Abend,aufdringlich war,und,die Grenze,überschritt,"Renate verärgerte Tobias, weil sie am frühen Abend aufdringlich war und die Grenze überschritt.",ok_prefix_keep_particle_or_punctuation,Martin,Renate,Tobias,Birgit,NP1,,,antagonized,StimExp,11.0,1.0,-1.36,80,NP1,verärgerte,verärgerte,0.37,10.0,,"Der Schaffner verärgerte die Reisende, weil er am frühen Abend aufdringlich war und die Hartnäckigkeit zeigte. ",aufdringlich,3.73,12.0,56.25,56.25,suboptimal,nonamb,False,,False,,False,,True,Hartnäckigkeit zeigte -> die Grenze überschritt
209,original,5,4,verärgerte,NP2-Causality,Martin,verärgerte,"Birgit,",weil,sie,am frühen Abend,sensibel war,und,jedes Wort ernst,nahm,"Martin verärgerte Birgit, weil sie am frühen Abend sensibel war und jedes Wort ernst nahm.",ok_prefix_keep_particle_or_punctuation,Martin,Renate,Tobias,Birgit,NP1,,,antagonized,StimExp,11.0,1.0,-1.36,80,NP1,verärgerte,verärgerte,0.37,10.0,,"Der Schaffner verärgerte die Reisende,  weil sie am frühen Abend sensibel war und das Gefühl wahrnahm. ",sensibel,13.76,8.0,56.25,56.25,suboptimal,nonamb,False,,False,,False,,True,einen Angriff wahrnahm -> jedes Wort ernst nahm
209,both_male,6,4,verärgerte,NP2-Causality,Martin,verärgerte,"Tobias,",weil,er,am frühen Abend,sensibel war,und,jedes Wort ernst,nahm,"Martin verärgerte Tobias, weil er am frühen Abend sensibel war und jedes Wort ernst nahm.",ok_prefix_keep_particle_or_punctuation,Martin,Renate,Tobias,Birgit,NP1,,,antagonized,StimExp,11.0,1.0,-1.36,80,NP1,verärgerte,verärgerte,0.37,10.0,,"Der Schaffner verärgerte die Reisende,  weil sie am frühen Abend sensibel war und das Gefühl wahrnahm. ",sensibel,13.76,8.0,56.25,56.25,suboptimal,nonamb,False,,False,,False,,True,einen Angriff wahrnahm -> jedes Wort ernst nahm
209,both_female,7,4,verärgerte,NP2-Causality,Renate,verärgerte,"Birgit,",weil,sie,am frühen Abend,sensibel war,und,jedes Wort ernst,nahm,"Renate verärgerte Birgit, weil sie am frühen Abend sensibel war und jedes Wort ernst nahm.",ok_prefix_keep_particle_or_punctuation,Martin,Renate,Tobias,Birgit,NP1,,,antagonized,StimExp,11.0,1.0,-1.36,80,NP1,verärgerte,verärgerte,0.37,10.0,,"Der Schaffner verärgerte die Reisende,  weil sie am frühen Abend sensibel war und das Gefühl wahrnahm. ",sensibel,13.76,8.0,56.25,56.25,suboptimal,nonamb,False,,False,,False,,True,einen Angriff wahrnahm -> jedes Wort ernst nahm
209,swapped,8,4,verärgerte,NP2-Causality,Renate,verärgerte,"Tobias,",weil,er,am frühen Abend,sensibel war,und,jedes Wort ernst,nahm,"Renate verärgerte Tobias, weil er am frühen Abend sensibel war und jedes Wort ernst nahm.",ok_prefix_keep_particle_or_punctuation,Martin,Renate,Tobias,Birgit,NP1,,,antagonized,StimExp,11.0,1.0,-1.36,80,NP1,verärgerte,verärgerte,0.37,10.0,,"Der Schaffner verärgerte die Reisende,  weil sie am frühen Abend sensibel war und das Gefühl wahrnahm. ",sensibel,13.76,8.0,56.25,56.25,suboptimal,nonamb,False,,False,,False,,True,einen Angriff wahrnahm -> jedes Wort ernst nahm
10,original,1,5,bewunderte,NP1-Causality,Paul,bewunderte,"Petra,",weil,er,von Anfang an,beeindruckt war,und,das Talent,lobte,"Paul bewunderte Petra, weil er von Anfang an beeindruckt war und das Talent lobte.",ok_prefix_keep_particle_or_punctuation,Paul,Maria,Florian,Petra,NP2,,,admired,ExpStim,7.0,74.0,2.0,-92,NP2,bewunderte,bewunderte,1.17,10.0,,"Der Liebhaber bewunderte die Komponistin, weil er von Anfang an verzaubert war und die Musik genoss.",überzeugt,41.42,9.0,50.0,50.0,suboptimal,nonamb,False,,True,verzaubert war -> beeindruckt war,False,,True,die Musik genoss -> das Talent lobte
10,both_male,2,5,bewunderte,NP1-Causality,Paul,bewunderte,"Florian,",weil,er,von Anfang an,beeindruckt war,und,das Talent,lobte,"Paul bewunderte Florian, weil er von Anfang an beeindruckt war und das Talent lobte.",ok_prefix_keep_particle_or_punctuation,Paul,Maria,Florian,Petra,NP2,,,admired,ExpStim,7.0,74.0,2.0,-92,NP2,bewunderte,bewunderte,1.17,10.0,,"Der Liebhaber bewunderte die Komponistin, weil er von Anfang an verzaubert war und die Musik genoss.",überzeugt,41.42,9.0,50.0,50.0,suboptimal,nonamb,False,,True,verzaubert war -> beeindruckt war,False,,True,die Musik genoss -> das Talent lobte
10,both_female,3,5,bewunderte,NP1-Causality,Maria,bewunderte,"Petra,",weil,sie,von Anfang an,beeindruckt war,und,das Talent,lobte,"Maria bewunderte Petra, weil sie von Anfang an beeindruckt war und das Talent lobte.",ok_prefix_keep_particle_or_punctuation,Paul,Maria,Florian,Petra,NP2,,,admired,ExpStim,7.0,74.0,2.0,-92,NP2,bewunderte,bewunderte,1.17,10.0,,"Der Liebhaber bewunderte die Komponistin, weil er von Anfang an verzaubert war und die Musik genoss.",überzeugt,41.42,9.0,50.0,50.0,suboptimal,nonamb,False,,True,verzaubert war -> beeindruckt war,False,,True,die Musik genoss -> das Talent lobte
10,swapped,4,5,bewunderte,NP1-Causality,Maria,bewunderte,"Florian,",weil,sie,von Anfang an,beeindruckt war,und,das Talent,lobte,"Maria bewunderte Florian, weil sie von Anfang an beeindruckt war und das Talent lobte.",ok_prefix_keep_particle_or_punctuation,Paul,Maria,Florian,Petra,NP2,,,admired,ExpStim,7.0,74.0,2.0,-92,NP2,bewunderte,bewunderte,1.17,10.0,,"Der Liebhaber bewunderte die Komponistin, weil er von Anfang an verzaubert war und die Musik genoss.",überzeugt,41.42,9.0,50.0,50.0,suboptimal,nonamb,False,,True,verzaubert war -> beeindruckt war,False,,True,die Musik genoss -> das Talent lobte
11,original,5,5,bewunderte,NP2-Causality,Paul,bewunderte,"Petra,",weil,sie,von Anfang an,talentiert war,und,die Preise,gewann,"Paul bewunderte Petra, weil sie von Anfang an talentiert war und die Preise gewann.",ok_prefix_keep_particle_or_punctuation,Paul,Maria,Florian,Petra,NP2,,,admired,ExpStim,7.0,74.0,2.0,-92,NP2,bewunderte,bewunderte,1.17,10.0,,"Der Liebhaber bewunderte die Komponistin, weil sie von Anfang an talentiert war und Meisterwerke verfasste.",talentiert,2.73,10.0,50.0,50.0,suboptimal,nonamb,False,,False,,False,,True,Meisterwerke verfasste -> die Preise gewann
11,both_male,6,5,bewunderte,NP2-Causality,Paul,bewunderte,"Florian,",weil,er,von Anfang an,talentiert war,und,die Preise,gewann,"Paul bewunderte Florian, weil er von Anfang an talentiert war und die Preise gewann.",ok_prefix_keep_particle_or_punctuation,Paul,Maria,Florian,Petra,NP2,,,admired,ExpStim,7.0,74.0,2.0,-92,NP2,bewunderte,bewunderte,1.17,10.0,,"Der Liebhaber bewunderte die Komponistin, weil sie von Anfang an talentiert war und Meisterwerke verfasste.",talentiert,2.73,10.0,50.0,50.0,suboptimal,nonamb,False,,False,,False,,True,Meisterwerke verfasste -> die Preise gewann
11,both_female,7,5,bewunderte,NP2-Causality,Maria,bewunderte,"Petra,",weil,sie,von Anfang an,talentiert war,und,die Preise,gewann,"Maria bewunderte Petra, weil sie von Anfang an talentiert war und die Preise gewann.",ok_prefix_keep_particle_or_punctuation,Paul,Maria,Florian,Petra,NP2,,,admired,ExpStim,7.0,74.0,2.0,-92,NP2,bewunderte,bewunderte,1.17,10.0,,"Der Liebhaber bewunderte die Komponistin, weil sie von Anfang an talentiert war und Meisterwerke verfasste.",talentiert,2.73,10.0,50.0,50.0,suboptimal,nonamb,False,,False,,False,,True,Meisterwerke verfasste -> die Preise gewann
11,swapped,8,5,bewunderte,NP2-Causality,Maria,bewunderte,"Florian,",weil,er,von Anfang an,talentiert war,und,die Preise,gewann,"Maria bewunderte Florian, weil er von Anfang an talentiert war und die Preise gewann.",ok_prefix_keep_particle_or_punctuation,Paul,Maria,Florian,Petra,NP2,,,admired,ExpStim,7.0,74.0,2.0,-92,NP2,bewunderte,bewunderte,1.17,10.0,,"Der Liebhaber bewunderte die Komponistin, weil sie von Anfang an talentiert war und Meisterwerke verfasste.",talentiert,2.73,10.0,50.0,50.0,suboptimal,nonamb,False,,False,,False,,True,Meisterwerke verfasste -> die Preise gewann
32,original,1,6,beklatschte,NP1-Causality,Daniel,beklatschte,"Jana,",weil,er,während der Vorstellung,begeistert war,und,die Show,liebte,"Daniel beklatschte Jana, weil er während der Vorstellung begeistert war und die Show liebte.",ok_prefix_keep_particle_or_punctuation,Daniel,Martina,Karl,Jana,NP2,,,applauded,AgEvo,9.0,12.0,1.82,-84,NP2,beklatschte,beklatschte,0.03,11.0,,"Der Zuschauer beklatschte die Puppenspielerin, weil er am späten Nachmittag begeistert war und das Lob aussprach.",begeistert,34.48,10.0,37.5,37.5,suboptimal,nonamb,False,,False,,False,,True,die Bewegungen verfolgte -> die Show liebte
32,both_male,2,6,beklatschte,NP1-Causality,Daniel,beklatschte,"Karl,",weil,er,während der Vorstellung,begeistert war,und,die Show,liebte,"Daniel beklatschte Karl, weil er während der Vorstellung begeistert war und die Show liebte.",ok_prefix_keep_particle_or_punctuation,Daniel,Martina,Karl,Jana,NP2,,,applauded,AgEvo,9.0,12.0,1.82,-84,NP2,beklatschte,beklatschte,0.03,11.0,,"Der Zuschauer beklatschte die Puppenspielerin, weil er am späten Nachmittag begeistert war und das Lob aussprach.",begeistert,34.48,10.0,37.5,37.5,suboptimal,nonamb,False,,False,,False,,True,die Bewegungen verfolgte -> die Show liebte
32,both_female,3,6,beklatschte,NP1-Causality,Martina,beklatschte,"Jana,",weil,sie,während der Vorstellung,begeistert war,und,die Show,liebte,"Martina beklatschte Jana, weil sie während der Vorstellung begeistert war und die Show liebte.",ok_prefix_keep_particle_or_punctuation,Daniel,Martina,Karl,Jana,NP2,,,applauded,AgEvo,9.0,12.0,1.82,-84,NP2,beklatschte,beklatschte,0.03,11.0,,"Der Zuschauer beklatschte die Puppenspielerin, weil er am späten Nachmittag begeistert war und das Lob aussprach.",begeistert,34.48,10.0,37.5,37.5,suboptimal,nonamb,False,,False,,False,,True,die Bewegungen verfolgte -> die Show liebte
32,swapped,4,6,beklatschte,NP1-Causality,Martina,beklatschte,"Karl,",weil,sie,während der Vorstellung,begeistert war,und,die Show,liebte,"Martina beklatschte Karl, weil sie während der Vorstellung begeistert war und die Show liebte.",ok_prefix_keep_particle_or_punctuation,Daniel,Martina,Karl,Jana,NP2,,,applauded,AgEvo,9.0,12.0,1.82,-84,NP2,beklatschte,beklatschte,0.03,11.0,,"Der Zuschauer beklatschte die Puppenspielerin, weil er am späten Nachmittag begeistert war und das Lob aussprach.",begeistert,34.48,10.0,37.5,37.5,suboptimal,nonamb,False,,False,,False,,True,die Bewegungen verfolgte -> die Show liebte
33,original,5,6,beklatschte,NP2-Causality,Daniel,beklatschte,"Jana,",weil,sie,während der Vorstellung,großartig war,und,den Applaus,erhielt,"Daniel beklatschte Jana, weil sie während der Vorstellung großartig war und den Applaus erhielt.",ok_prefix_keep_particle_or_punctuation,Daniel,Martina,Karl,Jana,NP2,,,applauded,AgEvo,9.0,12.0,1.82,-84,NP2,beklatschte,beklatschte,0.03,11.0,,"Der Zuschauer beklatschte die Puppenspielerin, weil sie am späten Nachmittag großartig war und das Kunststück vollbrachte.",großartig,19.01,10.0,37.5,37.5,suboptimal,nonamb,False,,False,,False,,True,Kunststücke vollbrachte -> den Applaus erhielt
33,both_male,6,6,beklatschte,NP2-Causality,Daniel,beklatschte,"Karl,",weil,er,während der Vorstellung,großartig war,und,den Applaus,erhielt,"Daniel beklatschte Karl, weil er während der Vorstellung großartig war und den Applaus erhielt.",ok_prefix_keep_particle_or_punctuation,Daniel,Martina,Karl,Jana,NP2,,,applauded,AgEvo,9.0,12.0,1.82,-84,NP2,beklatschte,beklatschte,0.03,11.0,,"Der Zuschauer beklatschte die Puppenspielerin, weil sie am späten Nachmittag großartig war und das Kunststück vollbrachte.",großartig,19.01,10.0,37.5,37.5,suboptimal,nonamb,False,,False,,False,,True,Kunststücke vollbrachte -> den Applaus erhielt
33,both_female,7,6,beklatschte,NP2-Causality,Martina,beklatschte,"Jana,",weil,sie,während der Vorstellung,großartig war,und,den Applaus,erhielt,"Martina beklatschte Jana, weil sie während der Vorstellung großartig war und den Applaus erhielt.",ok_prefix_keep_particle_or_punctuation,Daniel,Martina,Karl,Jana,NP2,,,applauded,AgEvo,9.0,12.0,1.82,-84,NP2,beklatschte,beklatschte,0.03,11.0,,"Der Zuschauer beklatschte die Puppenspielerin, weil sie am späten Nachmittag großartig war und das Kunststück vollbrachte.",großartig,19.01,10.0,37.5,37.5,suboptimal,nonamb,False,,False,,False,,True,Kunststücke vollbrachte -> den Applaus erhielt
33,swapped,8,6,beklatschte,NP2-Causality,Martina,beklatschte,"Karl,",weil,er,während der Vorstellung,großartig war,und,den Applaus,erhielt,"Martina beklatschte Karl, weil er während der Vorstellung großartig war und den Applaus erhielt.",ok_prefix_keep_particle_or_punctuation,Daniel,Martina,Karl,Jana,NP2,,,applauded,AgEvo,9.0,12.0,1.82,-84,NP2,beklatschte,beklatschte,0.03,11.0,,"Der Zuschauer beklatschte die Puppenspielerin, weil sie am späten Nachmittag großartig war und das Kunststück vollbrachte.",großartig,19.01,10.0,37.5,37.5,suboptimal,nonamb,False,,False,,False,,True,Kunststücke vollbrachte -> den Applaus erhielt
58,original,1,7,verehrte,NP1-Causality,Johannes,verehrte,"Julia,",weil,er,von Anfang an,beeindruckt war,und,den Erfolg,teilte,"Johannes verehrte Julia, weil er von Anfang an beeindruckt war und den Erfolg teilte.",ok_prefix_keep_particle_or_punctuation,Johannes,Claudia,Jürgen,Julia,NP2,,,adored,ExpStim,6.0,18.0,2.54,-74,NP2,verehrte,verehrte,2.75,8.0,,"Der Schamane verehrte die Göttin, weil er von Anfang an empfänglich war und einen Zugang spührte.",schwach,51.17,7.0,93.75,93.75,optimal,nonamb,False,,True,empfänglich war -> beeindruckt war,False,,True,einen Zugang spührte -> den Erfolg teilte
58,both_male,2,7,verehrte,NP1-Causality,Johannes,verehrte,"Jürgen,",weil,er,von Anfang an,beeindruckt war,und,den Erfolg,teilte,"Johannes verehrte Jürgen, weil er von Anfang an beeindruckt war und den Erfolg teilte.",ok_prefix_keep_particle_or_punctuation,Johannes,Claudia,Jürgen,Julia,NP2,,,adored,ExpStim,6.0,18.0,2.54,-74,NP2,verehrte,verehrte,2.75,8.0,,"Der Schamane verehrte die Göttin, weil er von Anfang an empfänglich war und einen Zugang spührte.",schwach,51.17,7.0,93.75,93.75,optimal,nonamb,False,,True,empfänglich war -> beeindruckt war,False,,True,einen Zugang spührte -> den Erfolg teilte
58,both_female,3,7,verehrte,NP1-Causality,Claudia,verehrte,"Julia,",weil,sie,von Anfang an,beeindruckt war,und,den Erfolg,teilte,"Claudia verehrte Julia, weil sie von Anfang an beeindruckt war und den Erfolg teilte.",ok_prefix_keep_particle_or_punctuation,Johannes,Claudia,Jürgen,Julia,NP2,,,adored,ExpStim,6.0,18.0,2.54,-74,NP2,verehrte,verehrte,2.75,8.0,,"Der Schamane verehrte die Göttin, weil er von Anfang an empfänglich war und einen Zugang spührte.",schwach,51.17,7.0,93.75,93.75,optimal,nonamb,False,,True,empfänglich war -> beeindruckt war,False,,True,einen Zugang spührte -> den Erfolg teilte
58,swapped,4,7,verehrte,NP1-Causality,Claudia,verehrte,"Jürgen,",weil,sie,von Anfang an,beeindruckt war,und,den Erfolg,teilte,"Claudia verehrte Jürgen, weil sie von Anfang an beeindruckt war und den Erfolg teilte.",ok_prefix_keep_particle_or_punctuation,Johannes,Claudia,Jürgen,Julia,NP2,,,adored,ExpStim,6.0,18.0,2.54,-74,NP2,verehrte,verehrte,2.75,8.0,,"Der Schamane verehrte die Göttin, weil er von Anfang an empfänglich war und einen Zugang spührte.",schwach,51.17,7.0,93.75,93.75,optimal,nonamb,False,,True,empfänglich war -> beeindruckt war,False,,True,einen Zugang spührte -> den Erfolg teilte
59,original,5,7,verehrte,NP2-Causality,Johannes,verehrte,"Julia,",weil,sie,von Anfang an,beeindruckend war,und,die Menge,begeisterte,"Johannes verehrte Julia, weil sie von Anfang an beeindruckend war und die Menge begeisterte.",ok_prefix_keep_particle_or_punctuation,Johannes,Claudia,Jürgen,Julia,NP2,,,adored,ExpStim,6.0,18.0,2.54,-74,NP2,verehrte,verehrte,2.75,8.0,,"Der Schamane verehrte die Göttin, weil sie von Anfang an mächtig war und Zeichen setzte.",mächtig,34.16,7.0,93.75,93.75,optimal,nonamb,False,,True,mächtig war -> beeindruckend war,False,,True,Zeichen setzte -> die Menge begeisterte
59,both_male,6,7,verehrte,NP2-Causality,Johannes,verehrte,"Jürgen,",weil,er,von Anfang an,beeindruckend war,und,die Menge,begeisterte,"Johannes verehrte Jürgen, weil er von Anfang an beeindruckend war und die Menge begeisterte.",ok_prefix_keep_particle_or_punctuation,Johannes,Claudia,Jürgen,Julia,NP2,,,adored,ExpStim,6.0,18.0,2.54,-74,NP2,verehrte,verehrte,2.75,8.0,,"Der Schamane verehrte die Göttin, weil sie von Anfang an mächtig war und Zeichen setzte.",mächtig,34.16,7.0,93.75,93.75,optimal,nonamb,False,,True,mächtig war -> beeindruckend war,False,,True,Zeichen setzte -> die Menge begeisterte
59,both_female,7,7,verehrte,NP2-Causality,Claudia,verehrte,"Julia,",weil,sie,von Anfang an,beeindruckend war,und,die Menge,begeisterte,"Claudia verehrte Julia, weil sie von Anfang an beeindruckend war und die Menge begeisterte.",ok_prefix_keep_particle_or_punctuation,Johannes,Claudia,Jürgen,Julia,NP2,,,adored,ExpStim,6.0,18.0,2.54,-74,NP2,verehrte,verehrte,2.75,8.0,,"Der Schamane verehrte die Göttin, weil sie von Anfang an mächtig war und Zeichen setzte.",mächtig,34.16,7.0,93.75,93.75,optimal,nonamb,False,,True,mächtig war -> beeindruckend war,False,,True,Zeichen setzte -> die Menge begeisterte
59,swapped,8,7,verehrte,NP2-Causality,Claudia,verehrte,"Jürgen,",weil,er,von Anfang an,beeindruckend war,und,die Menge,begeisterte,"Claudia verehrte Jürgen, weil er von Anfang an beeindruckend war und die Menge begeisterte.",ok_prefix_keep_particle_or_punctuation,Johannes,Claudia,Jürgen,Julia,NP2,,,adored,ExpStim,6.0,18.0,2.54,-74,NP2,verehrte,verehrte,2.75,8.0,,"Der Schamane verehrte die Göttin, weil sie von Anfang an mächtig war und Zeichen setzte.",mächtig,34.16,7.0,93.75,93.75,optimal,nonamb,False,,True,mächtig war -> beeindruckend war,False,,True,Zeichen setzte -> die Menge begeisterte
38,original,1,8,beruhigte,NP1-Causality,Philipp,beruhigte,"Susanne,",weil,er,in der Nacht,fürsorglich war,und,den Tee,kochte,"Philipp beruhigte Susanne, weil er in der Nacht fürsorglich war und den Tee kochte.",ok_prefix_keep_particle_or_punctuation,Philipp,Daniela,Alexander,Susanne,NP2,,,calmed down,AgP,6.0,0.0,0.27,-79,NP2,beruhigte,beruhigte,1.31,9.0,,"Der Krankenpfleger beruhigte die Patientin, weil sie spät in der Nacht besorgt war und das Weinen zurückhielt.",besorgt,15.02,7.0,31.25,31.25,suboptimal,nonamb,False,,False,,False,,True,Sicherheit ausstrahlte -> den Tee kochte
38,both_male,2,8,beruhigte,NP1-Causality,Philipp,beruhigte,"Alexander,",weil,er,in der Nacht,fürsorglich war,und,den Tee,kochte,"Philipp beruhigte Alexander, weil er in der Nacht fürsorglich war und den Tee kochte.",ok_prefix_keep_particle_or_punctuation,Philipp,Daniela,Alexander,Susanne,NP2,,,calmed down,AgP,6.0,0.0,0.27,-79,NP2,beruhigte,beruhigte,1.31,9.0,,"Der Krankenpfleger beruhigte die Patientin, weil sie spät in der Nacht besorgt war und das Weinen zurückhielt.",besorgt,15.02,7.0,31.25,31.25,suboptimal,nonamb,False,,False,,False,,True,Sicherheit ausstrahlte -> den Tee kochte
38,both_female,3,8,beruhigte,NP1-Causality,Daniela,beruhigte,"Susanne,",weil,sie,in der Nacht,fürsorglich war,und,den Tee,kochte,"Daniela beruhigte Susanne, weil sie in der Nacht fürsorglich war und den Tee kochte.",ok_prefix_keep_particle_or_punctuation,Philipp,Daniela,Alexander,Susanne,NP2,,,calmed down,AgP,6.0,0.0,0.27,-79,NP2,beruhigte,beruhigte,1.31,9.0,,"Der Krankenpfleger beruhigte die Patientin, weil sie spät in der Nacht besorgt war und das Weinen zurückhielt.",besorgt,15.02,7.0,31.25,31.25,suboptimal,nonamb,False,,False,,False,,True,Sicherheit ausstrahlte -> den Tee kochte
38,swapped,4,8,beruhigte,NP1-Causality,Daniela,beruhigte,"Alexander,",weil,sie,in der Nacht,fürsorglich war,und,den Tee,kochte,"Daniela beruhigte Alexander, weil sie in der Nacht fürsorglich war und den Tee kochte.",ok_prefix_keep_particle_or_punctuation,Philipp,Daniela,Alexander,Susanne,NP2,,,calmed down,AgP,6.0,0.0,0.27,-79,NP2,beruhigte,beruhigte,1.31,9.0,,"Der Krankenpfleger beruhigte die Patientin, weil sie spät in der Nacht besorgt war und das Weinen zurückhielt.",besorgt,15.02,7.0,31.25,31.25,suboptimal,nonamb,False,,False,,False,,True,Sicherheit ausstrahlte -> den Tee kochte
39,original,5,8,beruhigte,NP2-Causality,Philipp,beruhigte,"Susanne,",weil,sie,in der Nacht,hilflos war,und,den Rat,suchte,"Philipp beruhigte Susanne, weil sie in der Nacht hilflos war und den Rat suchte.",ok_prefix_keep_particle_or_punctuation,Philipp,Daniela,Alexander,Susanne,NP2,,,calmed down,AgP,6.0,0.0,0.27,-79,NP2,beruhigte,beruhigte,1.31,9.0,,"Der Krankenpfleger beruhigte die Patientin, weil er spät in der Nacht professionell war und das Verfahren erklärte.",professionell,30.71,13.0,31.25,31.25,suboptimal,nonamb,False,,False,,False,,True,Tränen vergoss -> den Rat suchte
39,both_male,6,8,beruhigte,NP2-Causality,Philipp,beruhigte,"Alexander,",weil,er,in der Nacht,hilflos war,und,den Rat,suchte,"Philipp beruhigte Alexander, weil er in der Nacht hilflos war und den Rat suchte.",ok_prefix_keep_particle_or_punctuation,Philipp,Daniela,Alexander,Susanne,NP2,,,calmed down,AgP,6.0,0.0,0.27,-79,NP2,beruhigte,beruhigte,1.31,9.0,,"Der Krankenpfleger beruhigte die Patientin, weil er spät in der Nacht professionell war und das Verfahren erklärte.",professionell,30.71,13.0,31.25,31.25,suboptimal,nonamb,False,,False,,False,,True,Tränen vergoss -> den Rat suchte
39,both_female,7,8,beruhigte,NP2-Causality,Daniela,beruhigte,"Susanne,",weil,sie,in der Nacht,hilflos war,und,den Rat,suchte,"Daniela beruhigte Susanne, weil sie in der Nacht hilflos war und den Rat suchte.",ok_prefix_keep_particle_or_punctuation,Philipp,Daniela,Alexander,Susanne,NP2,,,calmed down,AgP,6.0,0.0,0.27,-79,NP2,beruhigte,beruhigte,1.31,9.0,,"Der Krankenpfleger beruhigte die Patientin, weil er spät in der Nacht professionell war und das Verfahren erklärte.",professionell,30.71,13.0,31.25,31.25,suboptimal,nonamb,False,,False,,False,,True,Tränen vergoss -> den Rat suchte
39,swapped,8,8,beruhigte,NP2-Causality,Daniela,beruhigte,"Alexander,",weil,er,in der Nacht,hilflos war,und,den Rat,suchte,"Daniela beruhigte Alexander, weil er in der Nacht hilflos war und den Rat suchte.",ok_prefix_keep_particle_or_punctuation,Philipp,Daniela,Alexander,Susanne,NP2,,,calmed down,AgP,6.0,0.0,0.27,-79,NP2,beruhigte,beruhigte,1.31,9.0,,"Der Krankenpfleger beruhigte die Patientin, weil er spät in der Nacht professionell war und das Verfahren erklärte.",professionell,30.71,13.0,31.25,31.25,suboptimal,nonamb,False,,False,,False,,True,Tränen vergoss -> den Rat suchte
112,original,1,9,beschuldigte,NP1-Causality,Andreas,beschuldigte,"Johanna,",weil,er,seit einiger Zeit,streng war,und,keine Ausreden,akzeptierte,"Andreas beschuldigte Johanna, weil er seit einiger Zeit streng war und keine Ausreden akzeptierte.",ok_prefix_keep_particle_or_punctuation,Andreas,Lisa,Thomas,Johanna,neutral,,,accused,AgEvo,7.0,90.0,-2.0,2,neutral,klagte ... an,klagte,2.97,6.0,,"Der Richter klagte die Frau an, weil er seit einiger Zeit unbestechlich war und die Richtlinien beachtete.",unbestechlich,0.88,13.0,43.75,43.75,suboptimal,nonamb,True,klagte -> beschuldigte (Eng: accused),True,unbestechlich war -> streng war,False,,True,die Richtlinien beachtete -> keine Ausreden akzeptierte
112,both_male,2,9,beschuldigte,NP1-Causality,Andreas,beschuldigte,"Thomas,",weil,er,seit einiger Zeit,streng war,und,keine Ausreden,akzeptierte,"Andreas beschuldigte Thomas, weil er seit einiger Zeit streng war und keine Ausreden akzeptierte.",ok_prefix_keep_particle_or_punctuation,Andreas,Lisa,Thomas,Johanna,neutral,,,accused,AgEvo,7.0,90.0,-2.0,2,neutral,klagte ... an,klagte,2.97,6.0,,"Der Richter klagte die Frau an, weil er seit einiger Zeit unbestechlich war und die Richtlinien beachtete.",unbestechlich,0.88,13.0,43.75,43.75,suboptimal,nonamb,True,klagte -> beschuldigte (Eng: accused),True,unbestechlich war -> streng war,False,,True,die Richtlinien beachtete -> keine Ausreden akzeptierte
112,both_female,3,9,beschuldigte,NP1-Causality,Lisa,beschuldigte,"Johanna,",weil,sie,seit einiger Zeit,streng war,und,keine Ausreden,akzeptierte,"Lisa beschuldigte Johanna, weil sie seit einiger Zeit streng war und keine Ausreden akzeptierte.",ok_prefix_keep_particle_or_punctuation,Andreas,Lisa,Thomas,Johanna,neutral,,,accused,AgEvo,7.0,90.0,-2.0,2,neutral,klagte ... an,klagte,2.97,6.0,,"Der Richter klagte die Frau an, weil er seit einiger Zeit unbestechlich war und die Richtlinien beachtete.",unbestechlich,0.88,13.0,43.75,43.75,suboptimal,nonamb,True,klagte -> beschuldigte (Eng: accused),True,unbestechlich war -> streng war,False,,True,die Richtlinien beachtete -> keine Ausreden akzeptierte
112,swapped,4,9,beschuldigte,NP1-Causality,Lisa,beschuldigte,"Thomas,",weil,sie,seit einiger Zeit,streng war,und,keine Ausreden,akzeptierte,"Lisa beschuldigte Thomas, weil sie seit einiger Zeit streng war und keine Ausreden akzeptierte.",ok_prefix_keep_particle_or_punctuation,Andreas,Lisa,Thomas,Johanna,neutral,,,accused,AgEvo,7.0,90.0,-2.0,2,neutral,klagte ... an,klagte,2.97,6.0,,"Der Richter klagte die Frau an, weil er seit einiger Zeit unbestechlich war und die Richtlinien beachtete.",unbestechlich,0.88,13.0,43.75,43.75,suboptimal,nonamb,True,klagte -> beschuldigte (Eng: accused),True,unbestechlich war -> streng war,False,,True,die Richtlinien beachtete -> keine Ausreden akzeptierte
113,original,5,9,beschuldigte,NP2-Causality,Andreas,beschuldigte,"Johanna,",weil,sie,seit einiger Zeit,kriminell war,und,die Sachen,stahl,"Andreas beschuldigte Johanna, weil sie seit einiger Zeit kriminell war und die Sachen stahl.",ok_prefix_keep_particle_or_punctuation,Andreas,Lisa,Thomas,Johanna,neutral,,,accused,AgEvo,7.0,90.0,-2.0,2,neutral,klagte ... an,klagte,2.97,6.0,,"Der Richter klagte die Frau an, weil sie seit einiger Zeit kriminell war und einen Diebstahl begangen hatte.",kriminell,11.35,9.0,43.75,43.75,suboptimal,nonamb,True,klagte -> beschuldigte (Eng: accused),False,,False,,True,einen Diebstahl beging -> die Sachen stahl
113,both_male,6,9,beschuldigte,NP2-Causality,Andreas,beschuldigte,"Thomas,",weil,er,seit einiger Zeit,kriminell war,und,die Sachen,stahl,"Andreas beschuldigte Thomas, weil er seit einiger Zeit kriminell war und die Sachen stahl.",ok_prefix_keep_particle_or_punctuation,Andreas,Lisa,Thomas,Johanna,neutral,,,accused,AgEvo,7.0,90.0,-2.0,2,neutral,klagte ... an,klagte,2.97,6.0,,"Der Richter klagte die Frau an, weil sie seit einiger Zeit kriminell war und einen Diebstahl begangen hatte.",kriminell,11.35,9.0,43.75,43.75,suboptimal,nonamb,True,klagte -> beschuldigte (Eng: accused),False,,False,,True,einen Diebstahl beging -> die Sachen stahl
113,both_female,7,9,beschuldigte,NP2-Causality,Lisa,beschuldigte,"Johanna,",weil,sie,seit einiger Zeit,kriminell war,und,die Sachen,stahl,"Lisa beschuldigte Johanna, weil sie seit einiger Zeit kriminell war und die Sachen stahl.",ok_prefix_keep_particle_or_punctuation,Andreas,Lisa,Thomas,Johanna,neutral,,,accused,AgEvo,7.0,90.0,-2.0,2,neutral,klagte ... an,klagte,2.97,6.0,,"Der Richter klagte die Frau an, weil sie seit einiger Zeit kriminell war und einen Diebstahl begangen hatte.",kriminell,11.35,9.0,43.75,43.75,suboptimal,nonamb,True,klagte -> beschuldigte (Eng: accused),False,,False,,True,einen Diebstahl beging -> die Sachen stahl
113,swapped,8,9,beschuldigte,NP2-Causality,Lisa,beschuldigte,"Thomas,",weil,er,seit einiger Zeit,kriminell war,und,die Sachen,stahl,"Lisa beschuldigte Thomas, weil er seit einiger Zeit kriminell war und die Sachen stahl.",ok_prefix_keep_particle_or_punctuation,Andreas,Lisa,Thomas,Johanna,neutral,,,accused,AgEvo,7.0,90.0,-2.0,2,neutral,klagte ... an,klagte,2.97,6.0,,"Der Richter klagte die Frau an, weil sie seit einiger Zeit kriminell war und einen Diebstahl begangen hatte.",kriminell,11.35,9.0,43.75,43.75,suboptimal,nonamb,True,klagte -> beschuldigte (Eng: accused),False,,False,,True,einen Diebstahl beging -> die Sachen stahl
150,original,1,10,mied,NP1-Causality,Christian,mied,"Anna,",weil,er,am späten Abend,überfordert war,und,jede Diskussion,vermied,"Christian mied Anna, weil er am späten Abend überfordert war und jede Diskussion vermied.",ok_prefix_keep_particle_or_punctuation,Christian,Laura,Matthias,Anna,neutral,,,avoided,AgP,7.0,68.0,-1.09,14,neutral,mied,mied,0.3,4.0,,"Der Kellner mied die Besucherin, weil er in der Dämmerung überfordert war und das Wanken spürte.",überfordert,10.07,11.0,43.75,43.75,suboptimal,nonamb,False,,False,,False,,True,Schwindel verspührte -> jede Diskussion vermied
150,both_male,2,10,mied,NP1-Causality,Christian,mied,"Matthias,",weil,er,am späten Abend,überfordert war,und,jede Diskussion,vermied,"Christian mied Matthias, weil er am späten Abend überfordert war und jede Diskussion vermied.",ok_prefix_keep_particle_or_punctuation,Christian,Laura,Matthias,Anna,neutral,,,avoided,AgP,7.0,68.0,-1.09,14,neutral,mied,mied,0.3,4.0,,"Der Kellner mied die Besucherin, weil er in der Dämmerung überfordert war und das Wanken spürte.",überfordert,10.07,11.0,43.75,43.75,suboptimal,nonamb,False,,False,,False,,True,Schwindel verspührte -> jede Diskussion vermied
150,both_female,3,10,mied,NP1-Causality,Laura,mied,"Anna,",weil,sie,am späten Abend,überfordert war,und,jede Diskussion,vermied,"Laura mied Anna, weil sie am späten Abend überfordert war und jede Diskussion vermied.",ok_prefix_keep_particle_or_punctuation,Christian,Laura,Matthias,Anna,neutral,,,avoided,AgP,7.0,68.0,-1.09,14,neutral,mied,mied,0.3,4.0,,"Der Kellner mied die Besucherin, weil er in der Dämmerung überfordert war und das Wanken spürte.",überfordert,10.07,11.0,43.75,43.75,suboptimal,nonamb,False,,False,,False,,True,Schwindel verspührte -> jede Diskussion vermied
150,swapped,4,10,mied,NP1-Causality,Laura,mied,"Matthias,",weil,sie,am späten Abend,überfordert war,und,jede Diskussion,vermied,"Laura mied Matthias, weil sie am späten Abend überfordert war und jede Diskussion vermied.",ok_prefix_keep_particle_or_punctuation,Christian,Laura,Matthias,Anna,neutral,,,avoided,AgP,7.0,68.0,-1.09,14,neutral,mied,mied,0.3,4.0,,"Der Kellner mied die Besucherin, weil er in der Dämmerung überfordert war und das Wanken spürte.",überfordert,10.07,11.0,43.75,43.75,suboptimal,nonamb,False,,False,,False,,True,Schwindel verspührte -> jede Diskussion vermied
151,original,5,10,mied,NP2-Causality,Christian,mied,"Anna,",weil,sie,am späten Abend,unfreundlich war,und,die Tür,verschloss,"Christian mied Anna, weil sie am späten Abend unfreundlich war und die Tür verschloss.",ok_prefix_keep_particle_or_punctuation,Christian,Laura,Matthias,Anna,neutral,,,avoided,AgP,7.0,68.0,-1.09,14,neutral,mied,mied,0.3,4.0,,"Der Kellner mied die Besucherin, weil sie in der Dämmerung anspruchsvoll war und die Rückmeldung erwartete.",anspruchsvoll,15.15,13.0,43.75,43.75,suboptimal,nonamb,False,,True,anspruchsvoll war -> unfreundlich war,False,,True,Sonderwünsche verlangte -> die Tür verschloss
151,both_male,6,10,mied,NP2-Causality,Christian,mied,"Matthias,",weil,er,am späten Abend,unfreundlich war,und,die Tür,verschloss,"Christian mied Matthias, weil er am späten Abend unfreundlich war und die Tür verschloss.",ok_prefix_keep_particle_or_punctuation,Christian,Laura,Matthias,Anna,neutral,,,avoided,AgP,7.0,68.0,-1.09,14,neutral,mied,mied,0.3,4.0,,"Der Kellner mied die Besucherin, weil sie in der Dämmerung anspruchsvoll war und die Rückmeldung erwartete.",anspruchsvoll,15.15,13.0,43.75,43.75,suboptimal,nonamb,False,,True,anspruchsvoll war -> unfreundlich war,False,,True,Sonderwünsche verlangte -> die Tür verschloss
151,both_female,7,10,mied,NP2-Causality,Laura,mied,"Anna,",weil,sie,am späten Abend,unfreundlich war,und,die Tür,verschloss,"Laura mied Anna, weil sie am späten Abend unfreundlich war und die Tür verschloss.",ok_prefix_keep_particle_or_punctuation,Christian,Laura,Matthias,Anna,neutral,,,avoided,AgP,7.0,68.0,-1.09,14,neutral,mied,mied,0.3,4.0,,"Der Kellner mied die Besucherin, weil sie in der Dämmerung anspruchsvoll war und die Rückmeldung erwartete.",anspruchsvoll,15.15,13.0,43.75,43.75,suboptimal,nonamb,False,,True,anspruchsvoll war -> unfreundlich war,False,,True,Sonderwünsche verlangte -> die Tür verschloss
151,swapped,8,10,mied,NP2-Causality,Laura,mied,"Matthias,",weil,er,am späten Abend,unfreundlich war,und,die Tür,verschloss,"Laura mied Matthias, weil er am späten Abend unfreundlich war und die Tür verschloss.",ok_prefix_keep_particle_or_punctuation,Christian,Laura,Matthias,Anna,neutral,,,avoided,AgP,7.0,68.0,-1.09,14,neutral,mied,mied,0.3,4.0,,"Der Kellner mied die Besucherin, weil sie in der Dämmerung anspruchsvoll war und die Rückmeldung erwartete.",anspruchsvoll,15.15,13.0,43.75,43.75,suboptimal,nonamb,False,,True,anspruchsvoll war -> unfreundlich war,False,,True,Sonderwünsche verlangte -> die Tür verschloss
136,original,1,11,beleidigte,NP1-Causality,Uwe,beleidigte,"Nicole,",weil,er,am frühen Abend,müde war,und,keine Geduld,hatte,"Uwe beleidigte Nicole, weil er am frühen Abend müde war und keine Geduld hatte.",ok_prefix_keep_particle_or_punctuation,Uwe,Sarah,Klaus,Nicole,neutral,,,affronted,StimExp,9.0,30.0,-1.0,12,neutral,beleidigte,beleidigte,0.73,10.0,,"Der Verkäufer beleidigte die Kundin, weil er am frühen Abend müde war und nach Hause wollte.",empört,5.68,6.0,75.0,75.0,optimal,nonamb,False,,False,,False,,True,nach Hause wollte -> keine Geduld hatte
136,both_male,2,11,beleidigte,NP1-Causality,Uwe,beleidigte,"Klaus,",weil,er,am frühen Abend,müde war,und,keine Geduld,hatte,"Uwe beleidigte Klaus, weil er am frühen Abend müde war und keine Geduld hatte.",ok_prefix_keep_particle_or_punctuation,Uwe,Sarah,Klaus,Nicole,neutral,,,affronted,StimExp,9.0,30.0,-1.0,12,neutral,beleidigte,beleidigte,0.73,10.0,,"Der Verkäufer beleidigte die Kundin, weil er am frühen Abend müde war und nach Hause wollte.",empört,5.68,6.0,75.0,75.0,optimal,nonamb,False,,False,,False,,True,nach Hause wollte -> keine Geduld hatte
136,both_female,3,11,beleidigte,NP1-Causality,Sarah,beleidigte,"Nicole,",weil,sie,am frühen Abend,müde war,und,keine Geduld,hatte,"Sarah beleidigte Nicole, weil sie am frühen Abend müde war und keine Geduld hatte.",ok_prefix_keep_particle_or_punctuation,Uwe,Sarah,Klaus,Nicole,neutral,,,affronted,StimExp,9.0,30.0,-1.0,12,neutral,beleidigte,beleidigte,0.73,10.0,,"Der Verkäufer beleidigte die Kundin, weil er am frühen Abend müde war und nach Hause wollte.",empört,5.68,6.0,75.0,75.0,optimal,nonamb,False,,False,,False,,True,nach Hause wollte -> keine Geduld hatte
136,swapped,4,11,beleidigte,NP1-Causality,Sarah,beleidigte,"Klaus,",weil,sie,am frühen Abend,müde war,und,keine Geduld,hatte,"Sarah beleidigte Klaus, weil sie am frühen Abend müde war und keine Geduld hatte.",ok_prefix_keep_particle_or_punctuation,Uwe,Sarah,Klaus,Nicole,neutral,,,affronted,StimExp,9.0,30.0,-1.0,12,neutral,beleidigte,beleidigte,0.73,10.0,,"Der Verkäufer beleidigte die Kundin, weil er am frühen Abend müde war und nach Hause wollte.",empört,5.68,6.0,75.0,75.0,optimal,nonamb,False,,False,,False,,True,nach Hause wollte -> keine Geduld hatte
137,original,5,11,beleidigte,NP2-Causality,Uwe,beleidigte,"Nicole,",weil,sie,am frühen Abend,nervig war,und,den Streit,anfing,"Uwe beleidigte Nicole, weil sie am frühen Abend nervig war und den Streit anfing.",ok_prefix_keep_particle_or_punctuation,Uwe,Sarah,Klaus,Nicole,neutral,,,affronted,StimExp,9.0,30.0,-1.0,12,neutral,beleidigte,beleidigte,0.73,10.0,,"Der Verkäufer beleidigte die Kundin, weil sie am frühen Abend penetrant war und Unhöflichkeit zeigte.",penetrant,1.56,9.0,75.0,75.0,optimal,nonamb,False,,True,penetrant war -> nervig war,False,,True,Unhöflichkeit zeigte -> den Streit anfing
137,both_male,6,11,beleidigte,NP2-Causality,Uwe,beleidigte,"Klaus,",weil,er,am frühen Abend,nervig war,und,den Streit,anfing,"Uwe beleidigte Klaus, weil er am frühen Abend nervig war und den Streit anfing.",ok_prefix_keep_particle_or_punctuation,Uwe,Sarah,Klaus,Nicole,neutral,,,affronted,StimExp,9.0,30.0,-1.0,12,neutral,beleidigte,beleidigte,0.73,10.0,,"Der Verkäufer beleidigte die Kundin, weil sie am frühen Abend penetrant war und Unhöflichkeit zeigte.",penetrant,1.56,9.0,75.0,75.0,optimal,nonamb,False,,True,penetrant war -> nervig war,False,,True,Unhöflichkeit zeigte -> den Streit anfing
137,both_female,7,11,beleidigte,NP2-Causality,Sarah,beleidigte,"Nicole,",weil,sie,am frühen Abend,nervig war,und,den Streit,anfing,"Sarah beleidigte Nicole, weil sie am frühen Abend nervig war und den Streit anfing.",ok_prefix_keep_particle_or_punctuation,Uwe,Sarah,Klaus,Nicole,neutral,,,affronted,StimExp,9.0,30.0,-1.0,12,neutral,beleidigte,beleidigte,0.73,10.0,,"Der Verkäufer beleidigte die Kundin, weil sie am frühen Abend penetrant war und Unhöflichkeit zeigte.",penetrant,1.56,9.0,75.0,75.0,optimal,nonamb,False,,True,penetrant war -> nervig war,False,,True,Unhöflichkeit zeigte -> den Streit anfing
137,swapped,8,11,beleidigte,NP2-Causality,Sarah,beleidigte,"Klaus,",weil,er,am frühen Abend,nervig war,und,den Streit,anfing,"Sarah beleidigte Klaus, weil er am frühen Abend nervig war und den Streit anfing.",ok_prefix_keep_particle_or_punctuation,Uwe,Sarah,Klaus,Nicole,neutral,,,affronted,StimExp,9.0,30.0,-1.0,12,neutral,beleidigte,beleidigte,0.73,10.0,,"Der Verkäufer beleidigte die Kundin, weil sie am frühen Abend penetrant war und Unhöflichkeit zeigte.",penetrant,1.56,9.0,75.0,75.0,optimal,nonamb,False,,True,penetrant war -> nervig war,False,,True,Unhöflichkeit zeigte -> den Streit anfing
124,original,1,12,beichtete,NP1-Causality,Hans,beichtete,"Lena,",weil,er,seit langer Zeit,schuldbewusst war,und,eine Last,trug,"Hans beichtete Lena, weil er seit langer Zeit schuldbewusst war und eine Last trug.",ok_prefix_keep_particle_or_punctuation,Hans,Monika,Wolfgang,Lena,neutral,,,confided in,AgP,8.0,0.0,1.91,5,neutral,vertraute,vertraute,7.55,11.0,,"Der Freund vertraute der Frau etwas an, weil er seit langer Zeit verzweifelt war und die Antwort suchte.",verzweifelt,16.17,11.0,50.0,50.0,suboptimal,nonamb,True,vertraute -> beichtete (Eng: confided in),True,verzweifelt war -> schuldbewusst war,False,,True,das Gewissen plagte -> eine Last trug
124,both_male,2,12,beichtete,NP1-Causality,Hans,beichtete,"Wolfgang,",weil,er,seit langer Zeit,schuldbewusst war,und,eine Last,trug,"Hans beichtete Wolfgang, weil er seit langer Zeit schuldbewusst war und eine Last trug.",ok_prefix_keep_particle_or_punctuation,Hans,Monika,Wolfgang,Lena,neutral,,,confided in,AgP,8.0,0.0,1.91,5,neutral,vertraute,vertraute,7.55,11.0,,"Der Freund vertraute der Frau etwas an, weil er seit langer Zeit verzweifelt war und die Antwort suchte.",verzweifelt,16.17,11.0,50.0,50.0,suboptimal,nonamb,True,vertraute -> beichtete (Eng: confided in),True,verzweifelt war -> schuldbewusst war,False,,True,das Gewissen plagte -> eine Last trug
124,both_female,3,12,beichtete,NP1-Causality,Monika,beichtete,"Lena,",weil,sie,seit langer Zeit,schuldbewusst war,und,eine Last,trug,"Monika beichtete Lena, weil sie seit langer Zeit schuldbewusst war und eine Last trug.",ok_prefix_keep_particle_or_punctuation,Hans,Monika,Wolfgang,Lena,neutral,,,confided in,AgP,8.0,0.0,1.91,5,neutral,vertraute,vertraute,7.55,11.0,,"Der Freund vertraute der Frau etwas an, weil er seit langer Zeit verzweifelt war und die Antwort suchte.",verzweifelt,16.17,11.0,50.0,50.0,suboptimal,nonamb,True,vertraute -> beichtete (Eng: confided in),True,verzweifelt war -> schuldbewusst war,False,,True,das Gewissen plagte -> eine Last trug
124,swapped,4,12,beichtete,NP1-Causality,Monika,beichtete,"Wolfgang,",weil,sie,seit langer Zeit,schuldbewusst war,und,eine Last,trug,"Monika beichtete Wolfgang, weil sie seit langer Zeit schuldbewusst war und eine Last trug.",ok_prefix_keep_particle_or_punctuation,Hans,Monika,Wolfgang,Lena,neutral,,,confided in,AgP,8.0,0.0,1.91,5,neutral,vertraute,vertraute,7.55,11.0,,"Der Freund vertraute der Frau etwas an, weil er seit langer Zeit verzweifelt war und die Antwort suchte.",verzweifelt,16.17,11.0,50.0,50.0,suboptimal,nonamb,True,vertraute -> beichtete (Eng: confided in),True,verzweifelt war -> schuldbewusst war,False,,True,das Gewissen plagte -> eine Last trug
125,original,5,12,beichtete,NP2-Causality,Hans,beichtete,"Lena,",weil,sie,seit langer Zeit,verlässlich war,und,jedes Geheimnis,hütete,"Hans beichtete Lena, weil sie seit langer Zeit verlässlich war und jedes Geheimnis hütete.",ok_prefix_keep_particle_or_punctuation,Hans,Monika,Wolfgang,Lena,neutral,,,confided in,AgP,8.0,0.0,1.91,5,neutral,vertraute,vertraute,7.55,11.0,,"Der Freund vertraute der Frau etwas an, weil sie seit langer Zeit verschwiegen war und die Beachtung schenkte.",verschwiegen,5.11,12.0,50.0,50.0,suboptimal,nonamb,True,vertraute -> beichtete (Eng: confided in),True,verständnisvoll war -> verlässlich war,False,,True,Verschwiegenheit versprach -> jedes Geheimnis hütete
125,both_male,6,12,beichtete,NP2-Causality,Hans,beichtete,"Wolfgang,",weil,er,seit langer Zeit,verlässlich war,und,jedes Geheimnis,hütete,"Hans beichtete Wolfgang, weil er seit langer Zeit verlässlich war und jedes Geheimnis hütete.",ok_prefix_keep_particle_or_punctuation,Hans,Monika,Wolfgang,Lena,neutral,,,confided in,AgP,8.0,0.0,1.91,5,neutral,vertraute,vertraute,7.55,11.0,,"Der Freund vertraute der Frau etwas an, weil sie seit langer Zeit verschwiegen war und die Beachtung schenkte.",verschwiegen,5.11,12.0,50.0,50.0,suboptimal,nonamb,True,vertraute -> beichtete (Eng: confided in),True,verständnisvoll war -> verlässlich war,False,,True,Verschwiegenheit versprach -> jedes Geheimnis hütete
125,both_female,7,12,beichtete,NP2-Causality,Monika,beichtete,"Lena,",weil,sie,seit langer Zeit,verlässlich war,und,jedes Geheimnis,hütete,"Monika beichtete Lena, weil sie seit langer Zeit verlässlich war und jedes Geheimnis hütete.",ok_prefix_keep_particle_or_punctuation,Hans,Monika,Wolfgang,Lena,neutral,,,confided in,AgP,8.0,0.0,1.91,5,neutral,vertraute,vertraute,7.55,11.0,,"Der Freund vertraute der Frau etwas an, weil sie seit langer Zeit verschwiegen war und die Beachtung schenkte.",verschwiegen,5.11,12.0,50.0,50.0,suboptimal,nonamb,True,vertraute -> beichtete (Eng: confided in),True,verständnisvoll war -> verlässlich war,False,,True,Verschwiegenheit versprach -> jedes Geheimnis hütete
125,swapped,8,12,beichtete,NP2-Causality,Monika,beichtete,"Wolfgang,",weil,er,seit langer Zeit,verlässlich war,und,jedes Geheimnis,hütete,"Monika beichtete Wolfgang, weil er seit langer Zeit verlässlich war und jedes Geheimnis hütete.",ok_prefix_keep_particle_or_punctuation,Hans,Monika,Wolfgang,Lena,neutral,,,confided in,AgP,8.0,0.0,1.91,5,neutral,vertraute,vertraute,7.55,11.0,,"Der Freund vertraute der Frau etwas an, weil sie seit langer Zeit verschwiegen war und die Beachtung schenkte.",verschwiegen,5.11,12.0,50.0,50.0,suboptimal,nonamb,True,vertraute -> beichtete (Eng: confided in),True,verständnisvoll war -> verlässlich war,False,,True,Verschwiegenheit versprach -> jedes Geheimnis hütete
172,original,1,13,langweilte,NP1-Causality,Karl,langweilte,"Jana,",weil,er,an diesem Abend,eintönig war,und,den Vortrag,wiederholte,"Karl langweilte Jana, weil er an diesem Abend eintönig war und den Vortrag wiederholte.",ok_prefix_keep_particle_or_punctuation,Karl,Nina,Christian,Jana,NP1,,,bored,StimExp,5.0,19.0,-1.64,73,NP1,lagweilte,langweilte,0.29,10.0,,"Der Redner langweilte die Zuhörerin, weil er seit einiger Zeit eintönig war und das Gähnen auslöste.",eintönig,2.38,8.0,75.0,75.0,optimal,nonamb,False,,False,,False,,True,Bekanntes von sich gab -> den Vortrag wiederholte
172,both_male,2,13,langweilte,NP1-Causality,Karl,langweilte,"Christian,",weil,er,an diesem Abend,eintönig war,und,den Vortrag,wiederholte,"Karl langweilte Christian, weil er an diesem Abend eintönig war und den Vortrag wiederholte.",ok_prefix_keep_particle_or_punctuation,Karl,Nina,Christian,Jana,NP1,,,bored,StimExp,5.0,19.0,-1.64,73,NP1,lagweilte,langweilte,0.29,10.0,,"Der Redner langweilte die Zuhörerin, weil er seit einiger Zeit eintönig war und das Gähnen auslöste.",eintönig,2.38,8.0,75.0,75.0,optimal,nonamb,False,,False,,False,,True,Bekanntes von sich gab -> den Vortrag wiederholte
172,both_female,3,13,langweilte,NP1-Causality,Nina,langweilte,"Jana,",weil,sie,an diesem Abend,eintönig war,und,den Vortrag,wiederholte,"Nina langweilte Jana, weil sie an diesem Abend eintönig war und den Vortrag wiederholte.",ok_prefix_keep_particle_or_punctuation,Karl,Nina,Christian,Jana,NP1,,,bored,StimExp,5.0,19.0,-1.64,73,NP1,lagweilte,langweilte,0.29,10.0,,"Der Redner langweilte die Zuhörerin, weil er seit einiger Zeit eintönig war und das Gähnen auslöste.",eintönig,2.38,8.0,75.0,75.0,optimal,nonamb,False,,False,,False,,True,Bekanntes von sich gab -> den Vortrag wiederholte
172,swapped,4,13,langweilte,NP1-Causality,Nina,langweilte,"Christian,",weil,sie,an diesem Abend,eintönig war,und,den Vortrag,wiederholte,"Nina langweilte Christian, weil sie an diesem Abend eintönig war und den Vortrag wiederholte.",ok_prefix_keep_particle_or_punctuation,Karl,Nina,Christian,Jana,NP1,,,bored,StimExp,5.0,19.0,-1.64,73,NP1,lagweilte,langweilte,0.29,10.0,,"Der Redner langweilte die Zuhörerin, weil er seit einiger Zeit eintönig war und das Gähnen auslöste.",eintönig,2.38,8.0,75.0,75.0,optimal,nonamb,False,,False,,False,,True,Bekanntes von sich gab -> den Vortrag wiederholte
173,original,5,13,langweilte,NP2-Causality,Karl,langweilte,"Jana,",weil,sie,an diesem Abend,ungeduldig war,und,das Interesse,verlor,"Karl langweilte Jana, weil sie an diesem Abend ungeduldig war und das Interesse verlor.",ok_prefix_keep_particle_or_punctuation,Karl,Nina,Christian,Jana,NP1,,,bored,StimExp,5.0,19.0,-1.64,73,NP1,lagweilte,langweilte,0.29,10.0,,"Der Redner langweilte die Zuhörerin, weil sie seit einiger Zeit skeptisch war und das Stirnrunzeln zeigte.",skeptisch,10.79,9.0,75.0,75.0,optimal,nonamb,False,,True,kritisch war -> ungeduldig war,False,,True,Anderes erwartete -> das Interesse verlor
173,both_male,6,13,langweilte,NP2-Causality,Karl,langweilte,"Christian,",weil,er,an diesem Abend,ungeduldig war,und,das Interesse,verlor,"Karl langweilte Christian, weil er an diesem Abend ungeduldig war und das Interesse verlor.",ok_prefix_keep_particle_or_punctuation,Karl,Nina,Christian,Jana,NP1,,,bored,StimExp,5.0,19.0,-1.64,73,NP1,lagweilte,langweilte,0.29,10.0,,"Der Redner langweilte die Zuhörerin, weil sie seit einiger Zeit skeptisch war und das Stirnrunzeln zeigte.",skeptisch,10.79,9.0,75.0,75.0,optimal,nonamb,False,,True,kritisch war -> ungeduldig war,False,,True,Anderes erwartete -> das Interesse verlor
173,both_female,7,13,langweilte,NP2-Causality,Nina,langweilte,"Jana,",weil,sie,an diesem Abend,ungeduldig war,und,das Interesse,verlor,"Nina langweilte Jana, weil sie an diesem Abend ungeduldig war und das Interesse verlor.",ok_prefix_keep_particle_or_punctuation,Karl,Nina,Christian,Jana,NP1,,,bored,StimExp,5.0,19.0,-1.64,73,NP1,lagweilte,langweilte,0.29,10.0,,"Der Redner langweilte die Zuhörerin, weil sie seit einiger Zeit skeptisch war und das Stirnrunzeln zeigte.",skeptisch,10.79,9.0,75.0,75.0,optimal,nonamb,False,,True,kritisch war -> ungeduldig war,False,,True,Anderes erwartete -> das Interesse verlor
173,swapped,8,13,langweilte,NP2-Causality,Nina,langweilte,"Christian,",weil,er,an diesem Abend,ungeduldig war,und,das Interesse,verlor,"Nina langweilte Christian, weil er an diesem Abend ungeduldig war und das Interesse verlor.",ok_prefix_keep_particle_or_punctuation,Karl,Nina,Christian,Jana,NP1,,,bored,StimExp,5.0,19.0,-1.64,73,NP1,lagweilte,langweilte,0.29,10.0,,"Der Redner langweilte die Zuhörerin, weil sie seit einiger Zeit skeptisch war und das Stirnrunzeln zeigte.",skeptisch,10.79,9.0,75.0,75.0,optimal,nonamb,False,,True,kritisch war -> ungeduldig war,False,,True,Anderes erwartete -> das Interesse verlor
216,original,1,14,benachrichtigte,NP1-Causality,Alexander,benachrichtigte,"Laura,",weil,er,zu dem Zeitpunkt,achtsam war,und,den Vorfall,meldete,"Alexander benachrichtigte Laura, weil er zu dem Zeitpunkt achtsam war und den Vorfall meldete.",ok_prefix_keep_particle_or_punctuation,Alexander,Katharina,Tobias,Laura,NP1,,,called,AgP,6.0,15.0,0.45,82,NP1,rief,rief,31.09,4.0,,"Der Sohn rief die Mutter, weil er seit geraumer Zeit ideenreich war und den Entwurf zeigte.",eine Idee,5.66,8.0,68.75,68.75,optimal,nonamb,True,rief -> benachrichtigte (Eng: called),True,ratlos war -> achtsam war,False,,True,ein Problem hatte -> den Vorfall meldete
216,both_male,2,14,benachrichtigte,NP1-Causality,Alexander,benachrichtigte,"Tobias,",weil,er,zu dem Zeitpunkt,achtsam war,und,den Vorfall,meldete,"Alexander benachrichtigte Tobias, weil er zu dem Zeitpunkt achtsam war und den Vorfall meldete.",ok_prefix_keep_particle_or_punctuation,Alexander,Katharina,Tobias,Laura,NP1,,,called,AgP,6.0,15.0,0.45,82,NP1,rief,rief,31.09,4.0,,"Der Sohn rief die Mutter, weil er seit geraumer Zeit ideenreich war und den Entwurf zeigte.",eine Idee,5.66,8.0,68.75,68.75,optimal,nonamb,True,rief -> benachrichtigte (Eng: called),True,ratlos war -> achtsam war,False,,True,ein Problem hatte -> den Vorfall meldete
216,both_female,3,14,benachrichtigte,NP1-Causality,Katharina,benachrichtigte,"Laura,",weil,sie,zu dem Zeitpunkt,achtsam war,und,den Vorfall,meldete,"Katharina benachrichtigte Laura, weil sie zu dem Zeitpunkt achtsam war und den Vorfall meldete.",ok_prefix_keep_particle_or_punctuation,Alexander,Katharina,Tobias,Laura,NP1,,,called,AgP,6.0,15.0,0.45,82,NP1,rief,rief,31.09,4.0,,"Der Sohn rief die Mutter, weil er seit geraumer Zeit ideenreich war und den Entwurf zeigte.",eine Idee,5.66,8.0,68.75,68.75,optimal,nonamb,True,rief -> benachrichtigte (Eng: called),True,ratlos war -> achtsam war,False,,True,ein Problem hatte -> den Vorfall meldete
216,swapped,4,14,benachrichtigte,NP1-Causality,Katharina,benachrichtigte,"Tobias,",weil,sie,zu dem Zeitpunkt,achtsam war,und,den Vorfall,meldete,"Katharina benachrichtigte Tobias, weil sie zu dem Zeitpunkt achtsam war und den Vorfall meldete.",ok_prefix_keep_particle_or_punctuation,Alexander,Katharina,Tobias,Laura,NP1,,,called,AgP,6.0,15.0,0.45,82,NP1,rief,rief,31.09,4.0,,"Der Sohn rief die Mutter, weil er seit geraumer Zeit ideenreich war und den Entwurf zeigte.",eine Idee,5.66,8.0,68.75,68.75,optimal,nonamb,True,rief -> benachrichtigte (Eng: called),True,ratlos war -> achtsam war,False,,True,ein Problem hatte -> den Vorfall meldete
217,original,5,14,benachrichtigte,NP2-Causality,Alexander,benachrichtigte,"Laura,",weil,sie,zu dem Zeitpunkt,bedroht war,und,die Hilfe,benötigte,"Alexander benachrichtigte Laura, weil sie zu dem Zeitpunkt bedroht war und die Hilfe benötigte.",ok_prefix_keep_particle_or_punctuation,Alexander,Katharina,Tobias,Laura,NP1,,,called,AgP,6.0,15.0,0.45,82,NP1,rief,rief,31.09,4.0,,"Der Sohn rief die Mutter, weil sie seit geraumer Zeit verstummt war und die Hoffnung verlor. ",verstummt,1.44,9.0,68.75,68.75,optimal,nonamb,True,rief -> benachrichtigte (Eng: called),True,verfügbar war -> bedroht war,False,,True,Problemwissen hatte -> die Hilfe benötigte
217,both_male,6,14,benachrichtigte,NP2-Causality,Alexander,benachrichtigte,"Tobias,",weil,er,zu dem Zeitpunkt,bedroht war,und,die Hilfe,benötigte,"Alexander benachrichtigte Tobias, weil er zu dem Zeitpunkt bedroht war und die Hilfe benötigte.",ok_prefix_keep_particle_or_punctuation,Alexander,Katharina,Tobias,Laura,NP1,,,called,AgP,6.0,15.0,0.45,82,NP1,rief,rief,31.09,4.0,,"Der Sohn rief die Mutter, weil sie seit geraumer Zeit verstummt war und die Hoffnung verlor. ",verstummt,1.44,9.0,68.75,68.75,optimal,nonamb,True,rief -> benachrichtigte (Eng: called),True,verfügbar war -> bedroht war,False,,True,Problemwissen hatte -> die Hilfe benötigte
217,both_female,7,14,benachrichtigte,NP2-Causality,Katharina,benachrichtigte,"Laura,",weil,sie,zu dem Zeitpunkt,bedroht war,und,die Hilfe,benötigte,"Katharina benachrichtigte Laura, weil sie zu dem Zeitpunkt bedroht war und die Hilfe benötigte.",ok_prefix_keep_particle_or_punctuation,Alexander,Katharina,Tobias,Laura,NP1,,,called,AgP,6.0,15.0,0.45,82,NP1,rief,rief,31.09,4.0,,"Der Sohn rief die Mutter, weil sie seit geraumer Zeit verstummt war und die Hoffnung verlor. ",verstummt,1.44,9.0,68.75,68.75,optimal,nonamb,True,rief -> benachrichtigte (Eng: called),True,verfügbar war -> bedroht war,False,,True,Problemwissen hatte -> die Hilfe benötigte
217,swapped,8,14,benachrichtigte,NP2-Causality,Katharina,benachrichtigte,"Tobias,",weil,er,zu dem Zeitpunkt,bedroht war,und,die Hilfe,benötigte,"Katharina benachrichtigte Tobias, weil er zu dem Zeitpunkt bedroht war und die Hilfe benötigte.",ok_prefix_keep_particle_or_punctuation,Alexander,Katharina,Tobias,Laura,NP1,,,called,AgP,6.0,15.0,0.45,82,NP1,rief,rief,31.09,4.0,,"Der Sohn rief die Mutter, weil sie seit geraumer Zeit verstummt war und die Hoffnung verlor. ",verstummt,1.44,9.0,68.75,68.75,optimal,nonamb,True,rief -> benachrichtigte (Eng: called),True,verfügbar war -> bedroht war,False,,True,Problemwissen hatte -> die Hilfe benötigte
166,original,1,15,nervte,NP1-Causality,David,nervte,"Sabine,",weil,er,die ganze Zeit,aufgedreht war,und,den Krach,verursachte,"David nervte Sabine, weil er die ganze Zeit aufgedreht war und den Krach verursachte.",ok_prefix_keep_particle_or_punctuation,David,Renate,Wolfgang,Sabine,NP1,,,bugged,StimExp,6.0,4.0,-1.0,72,NP1,nervte,nervte,0.34,6.0,,"Der Stiefsohn nervte die Urgroßmutter, weil er am späten Abend durstig war und das Getränk verlangte.",durstig,1.28,7.0,31.25,31.25,suboptimal,nonamb,False,,False,,True,immerfort -> die ganze Zeit,True,Seltsames sagte -> den Krach verursachte
166,both_male,2,15,nervte,NP1-Causality,David,nervte,"Wolfgang,",weil,er,die ganze Zeit,aufgedreht war,und,den Krach,verursachte,"David nervte Wolfgang, weil er die ganze Zeit aufgedreht war und den Krach verursachte.",ok_prefix_keep_particle_or_punctuation,David,Renate,Wolfgang,Sabine,NP1,,,bugged,StimExp,6.0,4.0,-1.0,72,NP1,nervte,nervte,0.34,6.0,,"Der Stiefsohn nervte die Urgroßmutter, weil er am späten Abend durstig war und das Getränk verlangte.",durstig,1.28,7.0,31.25,31.25,suboptimal,nonamb,False,,False,,True,immerfort -> die ganze Zeit,True,Seltsames sagte -> den Krach verursachte
166,both_female,3,15,nervte,NP1-Causality,Renate,nervte,"Sabine,",weil,sie,die ganze Zeit,aufgedreht war,und,den Krach,verursachte,"Renate nervte Sabine, weil sie die ganze Zeit aufgedreht war und den Krach verursachte.",ok_prefix_keep_particle_or_punctuation,David,Renate,Wolfgang,Sabine,NP1,,,bugged,StimExp,6.0,4.0,-1.0,72,NP1,nervte,nervte,0.34,6.0,,"Der Stiefsohn nervte die Urgroßmutter, weil er am späten Abend durstig war und das Getränk verlangte.",durstig,1.28,7.0,31.25,31.25,suboptimal,nonamb,False,,False,,True,immerfort -> die ganze Zeit,True,Seltsames sagte -> den Krach verursachte
166,swapped,4,15,nervte,NP1-Causality,Renate,nervte,"Wolfgang,",weil,sie,die ganze Zeit,aufgedreht war,und,den Krach,verursachte,"Renate nervte Wolfgang, weil sie die ganze Zeit aufgedreht war und den Krach verursachte.",ok_prefix_keep_particle_or_punctuation,David,Renate,Wolfgang,Sabine,NP1,,,bugged,StimExp,6.0,4.0,-1.0,72,NP1,nervte,nervte,0.34,6.0,,"Der Stiefsohn nervte die Urgroßmutter, weil er am späten Abend durstig war und das Getränk verlangte.",durstig,1.28,7.0,31.25,31.25,suboptimal,nonamb,False,,False,,True,immerfort -> die ganze Zeit,True,Seltsames sagte -> den Krach verursachte
167,original,5,15,nervte,NP2-Causality,David,nervte,"Sabine,",weil,sie,die ganze Zeit,angespannt war,und,den Raum,verließ,"David nervte Sabine, weil sie die ganze Zeit angespannt war und den Raum verließ.",ok_prefix_keep_particle_or_punctuation,David,Renate,Wolfgang,Sabine,NP1,,,bugged,StimExp,6.0,4.0,-1.0,72,NP1,nervte,nervte,0.34,6.0,,"Der Stiefsohn nervte die Urgroßmutter, weil sie am späten Abend beschäftigt war und das Telefonat erledigte.",beschäftigt,63.13,11.0,31.25,31.25,suboptimal,nonamb,False,,True,müde war -> angespannt war,True,immerfort -> die ganze Zeit,True,Ruhe suchte -> den Raum verließ
167,both_male,6,15,nervte,NP2-Causality,David,nervte,"Wolfgang,",weil,er,die ganze Zeit,angespannt war,und,den Raum,verließ,"David nervte Wolfgang, weil er die ganze Zeit angespannt war und den Raum verließ.",ok_prefix_keep_particle_or_punctuation,David,Renate,Wolfgang,Sabine,NP1,,,bugged,StimExp,6.0,4.0,-1.0,72,NP1,nervte,nervte,0.34,6.0,,"Der Stiefsohn nervte die Urgroßmutter, weil sie am späten Abend beschäftigt war und das Telefonat erledigte.",beschäftigt,63.13,11.0,31.25,31.25,suboptimal,nonamb,False,,True,müde war -> angespannt war,True,immerfort -> die ganze Zeit,True,Ruhe suchte -> den Raum verließ
167,both_female,7,15,nervte,NP2-Causality,Renate,nervte,"Sabine,",weil,sie,die ganze Zeit,angespannt war,und,den Raum,verließ,"Renate nervte Sabine, weil sie die ganze Zeit angespannt war und den Raum verließ.",ok_prefix_keep_particle_or_punctuation,David,Renate,Wolfgang,Sabine,NP1,,,bugged,StimExp,6.0,4.0,-1.0,72,NP1,nervte,nervte,0.34,6.0,,"Der Stiefsohn nervte die Urgroßmutter, weil sie am späten Abend beschäftigt war und das Telefonat erledigte.",beschäftigt,63.13,11.0,31.25,31.25,suboptimal,nonamb,False,,True,müde war -> angespannt war,True,immerfort -> die ganze Zeit,True,Ruhe suchte -> den Raum verließ
167,swapped,8,15,nervte,NP2-Causality,Renate,nervte,"Wolfgang,",weil,er,die ganze Zeit,angespannt war,und,den Raum,verließ,"Renate nervte Wolfgang, weil er die ganze Zeit angespannt war und den Raum verließ.",ok_prefix_keep_particle_or_punctuation,David,Renate,Wolfgang,Sabine,NP1,,,bugged,StimExp,6.0,4.0,-1.0,72,NP1,nervte,nervte,0.34,6.0,,"Der Stiefsohn nervte die Urgroßmutter, weil sie am späten Abend beschäftigt war und das Telefonat erledigte.",beschäftigt,63.13,11.0,31.25,31.25,suboptimal,nonamb,False,,True,müde war -> angespannt war,True,immerfort -> die ganze Zeit,True,Ruhe suchte -> den Raum verließ
210,original,1,16,bezauberte,NP1-Causality,Michael,bezauberte,"Claudia,",weil,er,zu jeder Zeit,charmant war,und,die Illusionen,erzeugte,"Michael bezauberte Claudia, weil er zu jeder Zeit charmant war und die Illusionen erzeugte.",ok_prefix_keep_particle_or_punctuation,Michael,Barbara,Paul,Claudia,NP1,,,charmed,StimExp,7.0,418.0,2.0,81,NP1,bezauberte,bezauberte,0.11,10.0,,"Der Magier bezauberte die Prinzessin, weil er seit Langem hinterlistig war und das Lächeln zeigte.",hinterlistig,0.68,12.0,68.75,68.75,optimal,nonamb,False,,True,verblüffend war -> charmant war,True,immer wieder -> zu jeder Zeit,True,Illusionen erzeugte -> die Illusionen erzeugte
210,both_male,2,16,bezauberte,NP1-Causality,Michael,bezauberte,"Paul,",weil,er,zu jeder Zeit,charmant war,und,die Illusionen,erzeugte,"Michael bezauberte Paul, weil er zu jeder Zeit charmant war und die Illusionen erzeugte.",ok_prefix_keep_particle_or_punctuation,Michael,Barbara,Paul,Claudia,NP1,,,charmed,StimExp,7.0,418.0,2.0,81,NP1,bezauberte,bezauberte,0.11,10.0,,"Der Magier bezauberte die Prinzessin, weil er seit Langem hinterlistig war und das Lächeln zeigte.",hinterlistig,0.68,12.0,68.75,68.75,optimal,nonamb,False,,True,verblüffend war -> charmant war,True,immer wieder -> zu jeder Zeit,True,Illusionen erzeugte -> die Illusionen erzeugte
210,both_female,3,16,bezauberte,NP1-Causality,Barbara,bezauberte,"Claudia,",weil,sie,zu jeder Zeit,charmant war,und,die Illusionen,erzeugte,"Barbara bezauberte Claudia, weil sie zu jeder Zeit charmant war und die Illusionen erzeugte.",ok_prefix_keep_particle_or_punctuation,Michael,Barbara,Paul,Claudia,NP1,,,charmed,StimExp,7.0,418.0,2.0,81,NP1,bezauberte,bezauberte,0.11,10.0,,"Der Magier bezauberte die Prinzessin, weil er seit Langem hinterlistig war und das Lächeln zeigte.",hinterlistig,0.68,12.0,68.75,68.75,optimal,nonamb,False,,True,verblüffend war -> charmant war,True,immer wieder -> zu jeder Zeit,True,Illusionen erzeugte -> die Illusionen erzeugte
210,swapped,4,16,bezauberte,NP1-Causality,Barbara,bezauberte,"Paul,",weil,sie,zu jeder Zeit,charmant war,und,die Illusionen,erzeugte,"Barbara bezauberte Paul, weil sie zu jeder Zeit charmant war und die Illusionen erzeugte.",ok_prefix_keep_particle_or_punctuation,Michael,Barbara,Paul,Claudia,NP1,,,charmed,StimExp,7.0,418.0,2.0,81,NP1,bezauberte,bezauberte,0.11,10.0,,"Der Magier bezauberte die Prinzessin, weil er seit Langem hinterlistig war und das Lächeln zeigte.",hinterlistig,0.68,12.0,68.75,68.75,optimal,nonamb,False,,True,verblüffend war -> charmant war,True,immer wieder -> zu jeder Zeit,True,Illusionen erzeugte -> die Illusionen erzeugte
211,original,5,16,bezauberte,NP2-Causality,Michael,bezauberte,"Claudia,",weil,sie,zu jeder Zeit,amüsiert war,und,die Tricks,liebte,"Michael bezauberte Claudia, weil sie zu jeder Zeit amüsiert war und die Tricks liebte.",ok_prefix_keep_particle_or_punctuation,Michael,Barbara,Paul,Claudia,NP1,,,charmed,StimExp,7.0,418.0,2.0,81,NP1,bezauberte,bezauberte,0.11,10.0,,"Der Magier bezauberte die Prinzessin, weil sie schon seit Langem arglos war und das Kichern äußerte.",arglos,0.81,6.0,68.75,68.75,optimal,nonamb,False,,True,fasziniert war -> amüsiert war,True,immer wieder -> zu jeder Zeit,False,
211,both_male,6,16,bezauberte,NP2-Causality,Michael,bezauberte,"Paul,",weil,er,zu jeder Zeit,amüsiert war,und,die Tricks,liebte,"Michael bezauberte Paul, weil er zu jeder Zeit amüsiert war und die Tricks liebte.",ok_prefix_keep_particle_or_punctuation,Michael,Barbara,Paul,Claudia,NP1,,,charmed,StimExp,7.0,418.0,2.0,81,NP1,bezauberte,bezauberte,0.11,10.0,,"Der Magier bezauberte die Prinzessin, weil sie schon seit Langem arglos war und das Kichern äußerte.",arglos,0.81,6.0,68.75,68.75,optimal,nonamb,False,,True,fasziniert war -> amüsiert war,True,immer wieder -> zu jeder Zeit,False,
211,both_female,7,16,bezauberte,NP2-Causality,Barbara,bezauberte,"Claudia,",weil,sie,zu jeder Zeit,amüsiert war,und,die Tricks,liebte,"Barbara bezauberte Claudia, weil sie zu jeder Zeit amüsiert war und die Tricks liebte.",ok_prefix_keep_particle_or_punctuation,Michael,Barbara,Paul,Claudia,NP1,,,charmed,StimExp,7.0,418.0,2.0,81,NP1,bezauberte,bezauberte,0.11,10.0,,"Der Magier bezauberte die Prinzessin, weil sie schon seit Langem arglos war und das Kichern äußerte.",arglos,0.81,6.0,68.75,68.75,optimal,nonamb,False,,True,fasziniert war -> amüsiert war,True,immer wieder -> zu jeder Zeit,False,
211,swapped,8,16,bezauberte,NP2-Causality,Barbara,bezauberte,"Paul,",weil,er,zu jeder Zeit,amüsiert war,und,die Tricks,liebte,"Barbara bezauberte Paul, weil er zu jeder Zeit amüsiert war und die Tricks liebte.",ok_prefix_keep_particle_or_punctuation,Michael,Barbara,Paul,Claudia,NP1,,,charmed,StimExp,7.0,418.0,2.0,81,NP1,bezauberte,bezauberte,0.11,10.0,,"Der Magier bezauberte die Prinzessin, weil sie schon seit Langem arglos war und das Kichern äußerte.",arglos,0.81,6.0,68.75,68.75,optimal,nonamb,False,,True,fasziniert war -> amüsiert war,True,immer wieder -> zu jeder Zeit,False,
56,original,1,17,tröstete,NP1-Causality,Martin,tröstete,"Martina,",weil,er,nach den Erlebnissen,einfühlsam war,und,die Tränen,wischte,"Martin tröstete Martina, weil er nach den Erlebnissen einfühlsam war und die Tränen wischte.",ok_prefix_keep_particle_or_punctuation,Martin,Monika,Thomas,Martina,NP2,,,consoled,StimExp,8.0,34.0,1.45,-74,NP2,tröstete,tröstete,0.77,8.0,,"Der Therapeut tröstete die Soldatin, weil er kurz nach Sonnenaufgang mitfühlend war und die Unterstützung bot.",mitfühlend,1.08,10.0,50.0,50.0,suboptimal,nonamb,False,,True,hilfsbereit war -> einfühlsam war,False,,True,Schutz gewährte -> die Tränen wischte
56,both_male,2,17,tröstete,NP1-Causality,Martin,tröstete,"Thomas,",weil,er,nach den Erlebnissen,einfühlsam war,und,die Tränen,wischte,"Martin tröstete Thomas, weil er nach den Erlebnissen einfühlsam war und die Tränen wischte.",ok_prefix_keep_particle_or_punctuation,Martin,Monika,Thomas,Martina,NP2,,,consoled,StimExp,8.0,34.0,1.45,-74,NP2,tröstete,tröstete,0.77,8.0,,"Der Therapeut tröstete die Soldatin, weil er kurz nach Sonnenaufgang mitfühlend war und die Unterstützung bot.",mitfühlend,1.08,10.0,50.0,50.0,suboptimal,nonamb,False,,True,hilfsbereit war -> einfühlsam war,False,,True,Schutz gewährte -> die Tränen wischte
56,both_female,3,17,tröstete,NP1-Causality,Monika,tröstete,"Martina,",weil,sie,nach den Erlebnissen,einfühlsam war,und,die Tränen,wischte,"Monika tröstete Martina, weil sie nach den Erlebnissen einfühlsam war und die Tränen wischte.",ok_prefix_keep_particle_or_punctuation,Martin,Monika,Thomas,Martina,NP2,,,consoled,StimExp,8.0,34.0,1.45,-74,NP2,tröstete,tröstete,0.77,8.0,,"Der Therapeut tröstete die Soldatin, weil er kurz nach Sonnenaufgang mitfühlend war und die Unterstützung bot.",mitfühlend,1.08,10.0,50.0,50.0,suboptimal,nonamb,False,,True,hilfsbereit war -> einfühlsam war,False,,True,Schutz gewährte -> die Tränen wischte
56,swapped,4,17,tröstete,NP1-Causality,Monika,tröstete,"Thomas,",weil,sie,nach den Erlebnissen,einfühlsam war,und,die Tränen,wischte,"Monika tröstete Thomas, weil sie nach den Erlebnissen einfühlsam war und die Tränen wischte.",ok_prefix_keep_particle_or_punctuation,Martin,Monika,Thomas,Martina,NP2,,,consoled,StimExp,8.0,34.0,1.45,-74,NP2,tröstete,tröstete,0.77,8.0,,"Der Therapeut tröstete die Soldatin, weil er kurz nach Sonnenaufgang mitfühlend war und die Unterstützung bot.",mitfühlend,1.08,10.0,50.0,50.0,suboptimal,nonamb,False,,True,hilfsbereit war -> einfühlsam war,False,,True,Schutz gewährte -> die Tränen wischte
57,original,5,17,tröstete,NP2-Causality,Martin,tröstete,"Martina,",weil,sie,nach den Erlebnissen,hoffnungslos war,und,die Freude,verlor,"Martin tröstete Martina, weil sie nach den Erlebnissen hoffnungslos war und die Freude verlor.",ok_prefix_keep_particle_or_punctuation,Martin,Monika,Thomas,Martina,NP2,,,consoled,StimExp,8.0,34.0,1.45,-74,NP2,tröstete,tröstete,0.77,8.0,,"Der Therapeut tröstete die Soldatin, weil sie kurz nach Sonnenaufgang traumatisiert war und die Last schilderte.",traumatisiert,1.01,13.0,50.0,50.0,suboptimal,nonamb,False,,False,,False,,True,Mitgefühl benötigte -> die Freude verlor
57,both_male,6,17,tröstete,NP2-Causality,Martin,tröstete,"Thomas,",weil,er,nach den Erlebnissen,hoffnungslos war,und,die Freude,verlor,"Martin tröstete Thomas, weil er nach den Erlebnissen hoffnungslos war und die Freude verlor.",ok_prefix_keep_particle_or_punctuation,Martin,Monika,Thomas,Martina,NP2,,,consoled,StimExp,8.0,34.0,1.45,-74,NP2,tröstete,tröstete,0.77,8.0,,"Der Therapeut tröstete die Soldatin, weil sie kurz nach Sonnenaufgang traumatisiert war und die Last schilderte.",traumatisiert,1.01,13.0,50.0,50.0,suboptimal,nonamb,False,,False,,False,,True,Mitgefühl benötigte -> die Freude verlor
57,both_female,7,17,tröstete,NP2-Causality,Monika,tröstete,"Martina,",weil,sie,nach den Erlebnissen,hoffnungslos war,und,die Freude,verlor,"Monika tröstete Martina, weil sie nach den Erlebnissen hoffnungslos war und die Freude verlor.",ok_prefix_keep_particle_or_punctuation,Martin,Monika,Thomas,Martina,NP2,,,consoled,StimExp,8.0,34.0,1.45,-74,NP2,tröstete,tröstete,0.77,8.0,,"Der Therapeut tröstete die Soldatin, weil sie kurz nach Sonnenaufgang traumatisiert war und die Last schilderte.",traumatisiert,1.01,13.0,50.0,50.0,suboptimal,nonamb,False,,False,,False,,True,Mitgefühl benötigte -> die Freude verlor
57,swapped,8,17,tröstete,NP2-Causality,Monika,tröstete,"Thomas,",weil,er,nach den Erlebnissen,hoffnungslos war,und,die Freude,verlor,"Monika tröstete Thomas, weil er nach den Erlebnissen hoffnungslos war und die Freude verlor.",ok_prefix_keep_particle_or_punctuation,Martin,Monika,Thomas,Martina,NP2,,,consoled,StimExp,8.0,34.0,1.45,-74,NP2,tröstete,tröstete,0.77,8.0,,"Der Therapeut tröstete die Soldatin, weil sie kurz nach Sonnenaufgang traumatisiert war und die Last schilderte.",traumatisiert,1.01,13.0,50.0,50.0,suboptimal,nonamb,False,,False,,False,,True,Mitgefühl benötigte -> die Freude verlor
24,original,1,18,verachtete,NP1-Causality,Frank,verachtete,"Julia,",weil,er,an dem Abend,gekränkt war,und,das Vertrauen,verlor,"Frank verachtete Julia, weil er an dem Abend gekränkt war und das Vertrauen verlor.",ok_prefix_keep_particle_or_punctuation,Frank,Eva,Uwe,Julia,NP2,,,despised,ExpStim,8.0,23.0,-2.82,-87,NP2,verachtete,verachtete,0.71,8.0,,"Der Senior verachtete die Dame, weil sie am frühen Abend vulgär war und die Grenze überschritt. ",vulgär,0.91,6.0,75.0,75.0,optimal,nonamb,False,,True,gekrängt war -> gekränkt war,False,,True,Demütigung erfuhr -> das Vertrauen verlor
24,both_male,2,18,verachtete,NP1-Causality,Frank,verachtete,"Uwe,",weil,er,an dem Abend,gekränkt war,und,das Vertrauen,verlor,"Frank verachtete Uwe, weil er an dem Abend gekränkt war und das Vertrauen verlor.",ok_prefix_keep_particle_or_punctuation,Frank,Eva,Uwe,Julia,NP2,,,despised,ExpStim,8.0,23.0,-2.82,-87,NP2,verachtete,verachtete,0.71,8.0,,"Der Senior verachtete die Dame, weil sie am frühen Abend vulgär war und die Grenze überschritt. ",vulgär,0.91,6.0,75.0,75.0,optimal,nonamb,False,,True,gekrängt war -> gekränkt war,False,,True,Demütigung erfuhr -> das Vertrauen verlor
24,both_female,3,18,verachtete,NP1-Causality,Eva,verachtete,"Julia,",weil,sie,an dem Abend,gekränkt war,und,das Vertrauen,verlor,"Eva verachtete Julia, weil sie an dem Abend gekränkt war und das Vertrauen verlor.",ok_prefix_keep_particle_or_punctuation,Frank,Eva,Uwe,Julia,NP2,,,despised,ExpStim,8.0,23.0,-2.82,-87,NP2,verachtete,verachtete,0.71,8.0,,"Der Senior verachtete die Dame, weil sie am frühen Abend vulgär war und die Grenze überschritt. ",vulgär,0.91,6.0,75.0,75.0,optimal,nonamb,False,,True,gekrängt war -> gekränkt war,False,,True,Demütigung erfuhr -> das Vertrauen verlor
24,swapped,4,18,verachtete,NP1-Causality,Eva,verachtete,"Uwe,",weil,sie,an dem Abend,gekränkt war,und,das Vertrauen,verlor,"Eva verachtete Uwe, weil sie an dem Abend gekränkt war und das Vertrauen verlor.",ok_prefix_keep_particle_or_punctuation,Frank,Eva,Uwe,Julia,NP2,,,despised,ExpStim,8.0,23.0,-2.82,-87,NP2,verachtete,verachtete,0.71,8.0,,"Der Senior verachtete die Dame, weil sie am frühen Abend vulgär war und die Grenze überschritt. ",vulgär,0.91,6.0,75.0,75.0,optimal,nonamb,False,,True,gekrängt war -> gekränkt war,False,,True,Demütigung erfuhr -> das Vertrauen verlor
25,original,5,18,verachtete,NP2-Causality,Frank,verachtete,"Julia,",weil,sie,an dem Abend,gemein war,und,die Kollegen,demütigte,"Frank verachtete Julia, weil sie an dem Abend gemein war und die Kollegen demütigte.",ok_prefix_keep_particle_or_punctuation,Frank,Eva,Uwe,Julia,NP2,,,despised,ExpStim,8.0,23.0,-2.82,-87,NP2,verachtete,verachtete,0.71,8.0,,"Der Senior verachtete die Dame, weil er am frühen Abend erwartungsvoll war und die Reaktion zeigte.",Anstand,3.01,7.0,75.0,75.0,optimal,nonamb,False,,True,vulgär war -> gemein war,False,,True,Missgunst kommunizierte -> die Kollegen demütigte
25,both_male,6,18,verachtete,NP2-Causality,Frank,verachtete,"Uwe,",weil,er,an dem Abend,gemein war,und,die Kollegen,demütigte,"Frank verachtete Uwe, weil er an dem Abend gemein war und die Kollegen demütigte.",ok_prefix_keep_particle_or_punctuation,Frank,Eva,Uwe,Julia,NP2,,,despised,ExpStim,8.0,23.0,-2.82,-87,NP2,verachtete,verachtete,0.71,8.0,,"Der Senior verachtete die Dame, weil er am frühen Abend erwartungsvoll war und die Reaktion zeigte.",Anstand,3.01,7.0,75.0,75.0,optimal,nonamb,False,,True,vulgär war -> gemein war,False,,True,Missgunst kommunizierte -> die Kollegen demütigte
25,both_female,7,18,verachtete,NP2-Causality,Eva,verachtete,"Julia,",weil,sie,an dem Abend,gemein war,und,die Kollegen,demütigte,"Eva verachtete Julia, weil sie an dem Abend gemein war und die Kollegen demütigte.",ok_prefix_keep_particle_or_punctuation,Frank,Eva,Uwe,Julia,NP2,,,despised,ExpStim,8.0,23.0,-2.82,-87,NP2,verachtete,verachtete,0.71,8.0,,"Der Senior verachtete die Dame, weil er am frühen Abend erwartungsvoll war und die Reaktion zeigte.",Anstand,3.01,7.0,75.0,75.0,optimal,nonamb,False,,True,vulgär war -> gemein war,False,,True,Missgunst kommunizierte -> die Kollegen demütigte
25,swapped,8,18,verachtete,NP2-Causality,Eva,verachtete,"Uwe,",weil,er,an dem Abend,gemein war,und,die Kollegen,demütigte,"Eva verachtete Uwe, weil er an dem Abend gemein war und die Kollegen demütigte.",ok_prefix_keep_particle_or_punctuation,Frank,Eva,Uwe,Julia,NP2,,,despised,ExpStim,8.0,23.0,-2.82,-87,NP2,verachtete,verachtete,0.71,8.0,,"Der Senior verachtete die Dame, weil er am frühen Abend erwartungsvoll war und die Reaktion zeigte.",Anstand,3.01,7.0,75.0,75.0,optimal,nonamb,False,,True,vulgär war -> gemein war,False,,True,Missgunst kommunizierte -> die Kollegen demütigte
52,original,1,19,korrigierte,NP1-Causality,Daniel,korrigierte,"Lena,",weil,er,in der Stunde,geschickt war,und,einen Fehler,entdeckte,"Daniel korrigierte Lena, weil er in der Stunde geschickt war und einen Fehler entdeckte.",ok_prefix_keep_particle_or_punctuation,Daniel,Lisa,Johannes,Lena,NP2,,,corrected,AgP,9.0,37.0,0.91,-74,NP2,korrigierte,korrigierte,1.04,11.0,,"Der Lehrer korrigierte die Schülerin, weil er seit einiger Zeit fachkundig war und die Regel erläuterte.",fachkundig,4.0,10.0,68.75,68.75,optimal,nonamb,False,,True,fachkundig agierte -> geschickt war,False,,False,
52,both_male,2,19,korrigierte,NP1-Causality,Daniel,korrigierte,"Johannes,",weil,er,in der Stunde,geschickt war,und,einen Fehler,entdeckte,"Daniel korrigierte Johannes, weil er in der Stunde geschickt war und einen Fehler entdeckte.",ok_prefix_keep_particle_or_punctuation,Daniel,Lisa,Johannes,Lena,NP2,,,corrected,AgP,9.0,37.0,0.91,-74,NP2,korrigierte,korrigierte,1.04,11.0,,"Der Lehrer korrigierte die Schülerin, weil er seit einiger Zeit fachkundig war und die Regel erläuterte.",fachkundig,4.0,10.0,68.75,68.75,optimal,nonamb,False,,True,fachkundig agierte -> geschickt war,False,,False,
52,both_female,3,19,korrigierte,NP1-Causality,Lisa,korrigierte,"Lena,",weil,sie,in der Stunde,geschickt war,und,einen Fehler,entdeckte,"Lisa korrigierte Lena, weil sie in der Stunde geschickt war und einen Fehler entdeckte.",ok_prefix_keep_particle_or_punctuation,Daniel,Lisa,Johannes,Lena,NP2,,,corrected,AgP,9.0,37.0,0.91,-74,NP2,korrigierte,korrigierte,1.04,11.0,,"Der Lehrer korrigierte die Schülerin, weil er seit einiger Zeit fachkundig war und die Regel erläuterte.",fachkundig,4.0,10.0,68.75,68.75,optimal,nonamb,False,,True,fachkundig agierte -> geschickt war,False,,False,
52,swapped,4,19,korrigierte,NP1-Causality,Lisa,korrigierte,"Johannes,",weil,sie,in der Stunde,geschickt war,und,einen Fehler,entdeckte,"Lisa korrigierte Johannes, weil sie in der Stunde geschickt war und einen Fehler entdeckte.",ok_prefix_keep_particle_or_punctuation,Daniel,Lisa,Johannes,Lena,NP2,,,corrected,AgP,9.0,37.0,0.91,-74,NP2,korrigierte,korrigierte,1.04,11.0,,"Der Lehrer korrigierte die Schülerin, weil er seit einiger Zeit fachkundig war und die Regel erläuterte.",fachkundig,4.0,10.0,68.75,68.75,optimal,nonamb,False,,True,fachkundig agierte -> geschickt war,False,,False,
53,original,5,19,korrigierte,NP2-Causality,Daniel,korrigierte,"Lena,",weil,sie,in der Stunde,ungeschickt war,und,die Fehler,produzierte,"Daniel korrigierte Lena, weil sie in der Stunde ungeschickt war und die Fehler produzierte.",ok_prefix_keep_particle_or_punctuation,Daniel,Lisa,Johannes,Lena,NP2,,,corrected,AgP,9.0,37.0,0.91,-74,NP2,korrigierte,korrigierte,1.04,11.0,,"Der Lehrer korrigierte die Schülerin, weil sie seit einiger Zeit unehrlich war und die Lüge wiederholte.",unehrlich,0.77,9.0,68.75,68.75,optimal,nonamb,False,,False,,False,,True,Fehler produzierte -> die Fehler produzierte
53,both_male,6,19,korrigierte,NP2-Causality,Daniel,korrigierte,"Johannes,",weil,er,in der Stunde,ungeschickt war,und,die Fehler,produzierte,"Daniel korrigierte Johannes, weil er in der Stunde ungeschickt war und die Fehler produzierte.",ok_prefix_keep_particle_or_punctuation,Daniel,Lisa,Johannes,Lena,NP2,,,corrected,AgP,9.0,37.0,0.91,-74,NP2,korrigierte,korrigierte,1.04,11.0,,"Der Lehrer korrigierte die Schülerin, weil sie seit einiger Zeit unehrlich war und die Lüge wiederholte.",unehrlich,0.77,9.0,68.75,68.75,optimal,nonamb,False,,False,,False,,True,Fehler produzierte -> die Fehler produzierte
53,both_female,7,19,korrigierte,NP2-Causality,Lisa,korrigierte,"Lena,",weil,sie,in der Stunde,ungeschickt war,und,die Fehler,produzierte,"Lisa korrigierte Lena, weil sie in der Stunde ungeschickt war und die Fehler produzierte.",ok_prefix_keep_particle_or_punctuation,Daniel,Lisa,Johannes,Lena,NP2,,,corrected,AgP,9.0,37.0,0.91,-74,NP2,korrigierte,korrigierte,1.04,11.0,,"Der Lehrer korrigierte die Schülerin, weil sie seit einiger Zeit unehrlich war und die Lüge wiederholte.",unehrlich,0.77,9.0,68.75,68.75,optimal,nonamb,False,,False,,False,,True,Fehler produzierte -> die Fehler produzierte
53,swapped,8,19,korrigierte,NP2-Causality,Lisa,korrigierte,"Johannes,",weil,er,in der Stunde,ungeschickt war,und,die Fehler,produzierte,"Lisa korrigierte Johannes, weil er in der Stunde ungeschickt war und die Fehler produzierte.",ok_prefix_keep_particle_or_punctuation,Daniel,Lisa,Johannes,Lena,NP2,,,corrected,AgP,9.0,37.0,0.91,-74,NP2,korrigierte,korrigierte,1.04,11.0,,"Der Lehrer korrigierte die Schülerin, weil sie seit einiger Zeit unehrlich war und die Lüge wiederholte.",unehrlich,0.77,9.0,68.75,68.75,optimal,nonamb,False,,False,,False,,True,Fehler produzierte -> die Fehler produzierte
40,original,1,20,verabscheute,NP1-Causality,Hans,verabscheute,"Maria,",weil,er,seit vielen Monaten,kritisch war,und,jede Ausrede,durchschaute,"Hans verabscheute Maria, weil er seit vielen Monaten kritisch war und jede Ausrede durchschaute.",ok_prefix_keep_particle_or_punctuation,Hans,Daniela,Peter,Maria,NP2,,,detested,ExpStim,8.0,10.0,-2.55,-78,NP2,verabscheute,verabscheute,0.3,12.0,,"Der Soldat verabscheute die Feindin, weil er schon seit Monaten friedliebend war und die Schonung suchte.",friedliebend,0.97,12.0,56.25,56.25,suboptimal,nonamb,False,,True,friedliebend war -> kritisch war,True,seit Monaten -> seit vielen Monaten,True,Frieden suchte -> jede Ausrede durchschaute
40,both_male,2,20,verabscheute,NP1-Causality,Hans,verabscheute,"Peter,",weil,er,seit vielen Monaten,kritisch war,und,jede Ausrede,durchschaute,"Hans verabscheute Peter, weil er seit vielen Monaten kritisch war und jede Ausrede durchschaute.",ok_prefix_keep_particle_or_punctuation,Hans,Daniela,Peter,Maria,NP2,,,detested,ExpStim,8.0,10.0,-2.55,-78,NP2,verabscheute,verabscheute,0.3,12.0,,"Der Soldat verabscheute die Feindin, weil er schon seit Monaten friedliebend war und die Schonung suchte.",friedliebend,0.97,12.0,56.25,56.25,suboptimal,nonamb,False,,True,friedliebend war -> kritisch war,True,seit Monaten -> seit vielen Monaten,True,Frieden suchte -> jede Ausrede durchschaute
40,both_female,3,20,verabscheute,NP1-Causality,Daniela,verabscheute,"Maria,",weil,sie,seit vielen Monaten,kritisch war,und,jede Ausrede,durchschaute,"Daniela verabscheute Maria, weil sie seit vielen Monaten kritisch war und jede Ausrede durchschaute.",ok_prefix_keep_particle_or_punctuation,Hans,Daniela,Peter,Maria,NP2,,,detested,ExpStim,8.0,10.0,-2.55,-78,NP2,verabscheute,verabscheute,0.3,12.0,,"Der Soldat verabscheute die Feindin, weil er schon seit Monaten friedliebend war und die Schonung suchte.",friedliebend,0.97,12.0,56.25,56.25,suboptimal,nonamb,False,,True,friedliebend war -> kritisch war,True,seit Monaten -> seit vielen Monaten,True,Frieden suchte -> jede Ausrede durchschaute
40,swapped,4,20,verabscheute,NP1-Causality,Daniela,verabscheute,"Peter,",weil,sie,seit vielen Monaten,kritisch war,und,jede Ausrede,durchschaute,"Daniela verabscheute Peter, weil sie seit vielen Monaten kritisch war und jede Ausrede durchschaute.",ok_prefix_keep_particle_or_punctuation,Hans,Daniela,Peter,Maria,NP2,,,detested,ExpStim,8.0,10.0,-2.55,-78,NP2,verabscheute,verabscheute,0.3,12.0,,"Der Soldat verabscheute die Feindin, weil er schon seit Monaten friedliebend war und die Schonung suchte.",friedliebend,0.97,12.0,56.25,56.25,suboptimal,nonamb,False,,True,friedliebend war -> kritisch war,True,seit Monaten -> seit vielen Monaten,True,Frieden suchte -> jede Ausrede durchschaute
41,original,5,20,verabscheute,NP2-Causality,Hans,verabscheute,"Maria,",weil,sie,seit vielen Monaten,grausam war,und,die Menschen,verletzte,"Hans verabscheute Maria, weil sie seit vielen Monaten grausam war und die Menschen verletzte.",ok_prefix_keep_particle_or_punctuation,Hans,Daniela,Peter,Maria,NP2,,,detested,ExpStim,8.0,10.0,-2.55,-78,NP2,verabscheute,verabscheute,0.3,12.0,,"Der Soldat verabscheute die Feindin, weil sie schon seit Monaten grausam war und die Härte zeigte.",grausam,16.26,7.0,56.25,56.25,suboptimal,nonamb,False,,False,,True,seit Monaten -> seit vielen Monaten,True,Verhandlungen ablehnte -> die Menschen verletzte
41,both_male,6,20,verabscheute,NP2-Causality,Hans,verabscheute,"Peter,",weil,er,seit vielen Monaten,grausam war,und,die Menschen,verletzte,"Hans verabscheute Peter, weil er seit vielen Monaten grausam war und die Menschen verletzte.",ok_prefix_keep_particle_or_punctuation,Hans,Daniela,Peter,Maria,NP2,,,detested,ExpStim,8.0,10.0,-2.55,-78,NP2,verabscheute,verabscheute,0.3,12.0,,"Der Soldat verabscheute die Feindin, weil sie schon seit Monaten grausam war und die Härte zeigte.",grausam,16.26,7.0,56.25,56.25,suboptimal,nonamb,False,,False,,True,seit Monaten -> seit vielen Monaten,True,Verhandlungen ablehnte -> die Menschen verletzte
41,both_female,7,20,verabscheute,NP2-Causality,Daniela,verabscheute,"Maria,",weil,sie,seit vielen Monaten,grausam war,und,die Menschen,verletzte,"Daniela verabscheute Maria, weil sie seit vielen Monaten grausam war und die Menschen verletzte.",ok_prefix_keep_particle_or_punctuation,Hans,Daniela,Peter,Maria,NP2,,,detested,ExpStim,8.0,10.0,-2.55,-78,NP2,verabscheute,verabscheute,0.3,12.0,,"Der Soldat verabscheute die Feindin, weil sie schon seit Monaten grausam war und die Härte zeigte.",grausam,16.26,7.0,56.25,56.25,suboptimal,nonamb,False,,False,,True,seit Monaten -> seit vielen Monaten,True,Verhandlungen ablehnte -> die Menschen verletzte
41,swapped,8,20,verabscheute,NP2-Causality,Daniela,verabscheute,"Peter,",weil,er,seit vielen Monaten,grausam war,und,die Menschen,verletzte,"Daniela verabscheute Peter, weil er seit vielen Monaten grausam war und die Menschen verletzte.",ok_prefix_keep_particle_or_punctuation,Hans,Daniela,Peter,Maria,NP2,,,detested,ExpStim,8.0,10.0,-2.55,-78,NP2,verabscheute,verabscheute,0.3,12.0,,"Der Soldat verabscheute die Feindin, weil sie schon seit Monaten grausam war und die Härte zeigte.",grausam,16.26,7.0,56.25,56.25,suboptimal,nonamb,False,,False,,True,seit Monaten -> seit vielen Monaten,True,Verhandlungen ablehnte -> die Menschen verletzte
84,original,1,21,missbilligte,NP1-Causality,Sebastian,missbilligte,"Anna,",weil,er,seit vielen Jahren,enttäuscht war,und,die Hoffnung,verlor,"Sebastian missbilligte Anna, weil er seit vielen Jahren enttäuscht war und die Hoffnung verlor.",ok_prefix_keep_particle_or_punctuation,Sebastian,Sarah,Stefan,Anna,neutral,,,deprecated,AgEvo,10.0,0.0,-1.55,-12,neutral,missbilligte,missbilligte,0.07,12.0,,"Der Chef missbilligte die Mitarbeiterin, weil er schon seit Jahren enttäuscht war und die Kritik äußerte. ",enttäuscht,19.36,10.0,62.5,62.5,suboptimal,nonamb,False,,False,,True,seit Jahren -> seit vielen Jahren,True,Stagnation wahrnahm -> die Hoffnung verlor
84,both_male,2,21,missbilligte,NP1-Causality,Sebastian,missbilligte,"Stefan,",weil,er,seit vielen Jahren,enttäuscht war,und,die Hoffnung,verlor,"Sebastian missbilligte Stefan, weil er seit vielen Jahren enttäuscht war und die Hoffnung verlor.",ok_prefix_keep_particle_or_punctuation,Sebastian,Sarah,Stefan,Anna,neutral,,,deprecated,AgEvo,10.0,0.0,-1.55,-12,neutral,missbilligte,missbilligte,0.07,12.0,,"Der Chef missbilligte die Mitarbeiterin, weil er schon seit Jahren enttäuscht war und die Kritik äußerte. ",enttäuscht,19.36,10.0,62.5,62.5,suboptimal,nonamb,False,,False,,True,seit Jahren -> seit vielen Jahren,True,Stagnation wahrnahm -> die Hoffnung verlor
84,both_female,3,21,missbilligte,NP1-Causality,Sarah,missbilligte,"Anna,",weil,sie,seit vielen Jahren,enttäuscht war,und,die Hoffnung,verlor,"Sarah missbilligte Anna, weil sie seit vielen Jahren enttäuscht war und die Hoffnung verlor.",ok_prefix_keep_particle_or_punctuation,Sebastian,Sarah,Stefan,Anna,neutral,,,deprecated,AgEvo,10.0,0.0,-1.55,-12,neutral,missbilligte,missbilligte,0.07,12.0,,"Der Chef missbilligte die Mitarbeiterin, weil er schon seit Jahren enttäuscht war und die Kritik äußerte. ",enttäuscht,19.36,10.0,62.5,62.5,suboptimal,nonamb,False,,False,,True,seit Jahren -> seit vielen Jahren,True,Stagnation wahrnahm -> die Hoffnung verlor
84,swapped,4,21,missbilligte,NP1-Causality,Sarah,missbilligte,"Stefan,",weil,sie,seit vielen Jahren,enttäuscht war,und,die Hoffnung,verlor,"Sarah missbilligte Stefan, weil sie seit vielen Jahren enttäuscht war und die Hoffnung verlor.",ok_prefix_keep_particle_or_punctuation,Sebastian,Sarah,Stefan,Anna,neutral,,,deprecated,AgEvo,10.0,0.0,-1.55,-12,neutral,missbilligte,missbilligte,0.07,12.0,,"Der Chef missbilligte die Mitarbeiterin, weil er schon seit Jahren enttäuscht war und die Kritik äußerte. ",enttäuscht,19.36,10.0,62.5,62.5,suboptimal,nonamb,False,,False,,True,seit Jahren -> seit vielen Jahren,True,Stagnation wahrnahm -> die Hoffnung verlor
85,original,5,21,missbilligte,NP2-Causality,Sebastian,missbilligte,"Anna,",weil,sie,seit vielen Jahren,faul war,und,die Aufgaben,vernachlässigte,"Sebastian missbilligte Anna, weil sie seit vielen Jahren faul war und die Aufgaben vernachlässigte.",ok_prefix_keep_particle_or_punctuation,Sebastian,Sarah,Stefan,Anna,neutral,,,deprecated,AgEvo,10.0,0.0,-1.55,-12,neutral,missbilligte,missbilligte,0.07,12.0,,"Der Chef missbilligte die Mitarbeiterin, weil sie schon seit Jahren untätig war und die Aufgabe verweigerte. ",untätig,1.83,7.0,62.5,62.5,suboptimal,nonamb,False,,False,,True,seit Jahren -> seit vielen Jahren,True,Aufgaben verweigerte -> die Aufgaben vernachlässigte
85,both_male,6,21,missbilligte,NP2-Causality,Sebastian,missbilligte,"Stefan,",weil,er,seit vielen Jahren,faul war,und,die Aufgaben,vernachlässigte,"Sebastian missbilligte Stefan, weil er seit vielen Jahren faul war und die Aufgaben vernachlässigte.",ok_prefix_keep_particle_or_punctuation,Sebastian,Sarah,Stefan,Anna,neutral,,,deprecated,AgEvo,10.0,0.0,-1.55,-12,neutral,missbilligte,missbilligte,0.07,12.0,,"Der Chef missbilligte die Mitarbeiterin, weil sie schon seit Jahren untätig war und die Aufgabe verweigerte. ",untätig,1.83,7.0,62.5,62.5,suboptimal,nonamb,False,,False,,True,seit Jahren -> seit vielen Jahren,True,Aufgaben verweigerte -> die Aufgaben vernachlässigte
85,both_female,7,21,missbilligte,NP2-Causality,Sarah,missbilligte,"Anna,",weil,sie,seit vielen Jahren,faul war,und,die Aufgaben,vernachlässigte,"Sarah missbilligte Anna, weil sie seit vielen Jahren faul war und die Aufgaben vernachlässigte.",ok_prefix_keep_particle_or_punctuation,Sebastian,Sarah,Stefan,Anna,neutral,,,deprecated,AgEvo,10.0,0.0,-1.55,-12,neutral,missbilligte,missbilligte,0.07,12.0,,"Der Chef missbilligte die Mitarbeiterin, weil sie schon seit Jahren untätig war und die Aufgabe verweigerte. ",untätig,1.83,7.0,62.5,62.5,suboptimal,nonamb,False,,False,,True,seit Jahren -> seit vielen Jahren,True,Aufgaben verweigerte -> die Aufgaben vernachlässigte
85,swapped,8,21,missbilligte,NP2-Causality,Sarah,missbilligte,"Stefan,",weil,er,seit vielen Jahren,faul war,und,die Aufgaben,vernachlässigte,"Sarah missbilligte Stefan, weil er seit vielen Jahren faul war und die Aufgaben vernachlässigte.",ok_prefix_keep_particle_or_punctuation,Sebastian,Sarah,Stefan,Anna,neutral,,,deprecated,AgEvo,10.0,0.0,-1.55,-12,neutral,missbilligte,missbilligte,0.07,12.0,,"Der Chef missbilligte die Mitarbeiterin, weil sie schon seit Jahren untätig war und die Aufgabe verweigerte. ",untätig,1.83,7.0,62.5,62.5,suboptimal,nonamb,False,,False,,True,seit Jahren -> seit vielen Jahren,True,Aufgaben verweigerte -> die Aufgaben vernachlässigte
118,original,1,22,dominierte,NP1-Causality,Florian,dominierte,"Susanne,",weil,er,schon seit Langem,manipulativ war,und,die Situation,ausnutzte,"Florian dominierte Susanne, weil er schon seit Langem manipulativ war und die Situation ausnutzte.",ok_prefix_keep_particle_or_punctuation,Florian,Linda,Matthias,Susanne,neutral,,,dominated,AgP,9.0,337.0,-1.36,3,neutral,dominierte,dominierte,2.28,10.0,,"Der Assistent dominierte die Wissenschaftlerin, weil er schon seit Langem aufsässig war und die Respektlosigkeit zeigte.",aufsässig,0.46,9.0,56.25,56.25,suboptimal,nonamb,False,,False,,False,,True,Abhängigkeiten kreierte -> die Situation ausnutzte
118,both_male,2,22,dominierte,NP1-Causality,Florian,dominierte,"Matthias,",weil,er,schon seit Langem,manipulativ war,und,die Situation,ausnutzte,"Florian dominierte Matthias, weil er schon seit Langem manipulativ war und die Situation ausnutzte.",ok_prefix_keep_particle_or_punctuation,Florian,Linda,Matthias,Susanne,neutral,,,dominated,AgP,9.0,337.0,-1.36,3,neutral,dominierte,dominierte,2.28,10.0,,"Der Assistent dominierte die Wissenschaftlerin, weil er schon seit Langem aufsässig war und die Respektlosigkeit zeigte.",aufsässig,0.46,9.0,56.25,56.25,suboptimal,nonamb,False,,False,,False,,True,Abhängigkeiten kreierte -> die Situation ausnutzte
118,both_female,3,22,dominierte,NP1-Causality,Linda,dominierte,"Susanne,",weil,sie,schon seit Langem,manipulativ war,und,die Situation,ausnutzte,"Linda dominierte Susanne, weil sie schon seit Langem manipulativ war und die Situation ausnutzte.",ok_prefix_keep_particle_or_punctuation,Florian,Linda,Matthias,Susanne,neutral,,,dominated,AgP,9.0,337.0,-1.36,3,neutral,dominierte,dominierte,2.28,10.0,,"Der Assistent dominierte die Wissenschaftlerin, weil er schon seit Langem aufsässig war und die Respektlosigkeit zeigte.",aufsässig,0.46,9.0,56.25,56.25,suboptimal,nonamb,False,,False,,False,,True,Abhängigkeiten kreierte -> die Situation ausnutzte
118,swapped,4,22,dominierte,NP1-Causality,Linda,dominierte,"Matthias,",weil,sie,schon seit Langem,manipulativ war,und,die Situation,ausnutzte,"Linda dominierte Matthias, weil sie schon seit Langem manipulativ war und die Situation ausnutzte.",ok_prefix_keep_particle_or_punctuation,Florian,Linda,Matthias,Susanne,neutral,,,dominated,AgP,9.0,337.0,-1.36,3,neutral,dominierte,dominierte,2.28,10.0,,"Der Assistent dominierte die Wissenschaftlerin, weil er schon seit Langem aufsässig war und die Respektlosigkeit zeigte.",aufsässig,0.46,9.0,56.25,56.25,suboptimal,nonamb,False,,False,,False,,True,Abhängigkeiten kreierte -> die Situation ausnutzte
119,original,5,22,dominierte,NP2-Causality,Florian,dominierte,"Susanne,",weil,sie,schon seit Langem,schüchtern war,und,die Initiative,vermied,"Florian dominierte Susanne, weil sie schon seit Langem schüchtern war und die Initiative vermied.",ok_prefix_keep_particle_or_punctuation,Florian,Linda,Matthias,Susanne,neutral,,,dominated,AgP,9.0,337.0,-1.36,3,neutral,dominierte,dominierte,2.28,10.0,,"Der Assistent dominierte die Wissenschaftlerin, weil sie schon seit Langem wehrlos war und die Abhängigkeit zeigte.",wehrlos,2.62,7.0,56.25,56.25,suboptimal,nonamb,False,,False,,False,,True,Führungslosigkeit zeigte -> die Initiative vermied
119,both_male,6,22,dominierte,NP2-Causality,Florian,dominierte,"Matthias,",weil,er,schon seit Langem,schüchtern war,und,die Initiative,vermied,"Florian dominierte Matthias, weil er schon seit Langem schüchtern war und die Initiative vermied.",ok_prefix_keep_particle_or_punctuation,Florian,Linda,Matthias,Susanne,neutral,,,dominated,AgP,9.0,337.0,-1.36,3,neutral,dominierte,dominierte,2.28,10.0,,"Der Assistent dominierte die Wissenschaftlerin, weil sie schon seit Langem wehrlos war und die Abhängigkeit zeigte.",wehrlos,2.62,7.0,56.25,56.25,suboptimal,nonamb,False,,False,,False,,True,Führungslosigkeit zeigte -> die Initiative vermied
119,both_female,7,22,dominierte,NP2-Causality,Linda,dominierte,"Susanne,",weil,sie,schon seit Langem,schüchtern war,und,die Initiative,vermied,"Linda dominierte Susanne, weil sie schon seit Langem schüchtern war und die Initiative vermied.",ok_prefix_keep_particle_or_punctuation,Florian,Linda,Matthias,Susanne,neutral,,,dominated,AgP,9.0,337.0,-1.36,3,neutral,dominierte,dominierte,2.28,10.0,,"Der Assistent dominierte die Wissenschaftlerin, weil sie schon seit Langem wehrlos war und die Abhängigkeit zeigte.",wehrlos,2.62,7.0,56.25,56.25,suboptimal,nonamb,False,,False,,False,,True,Führungslosigkeit zeigte -> die Initiative vermied
119,swapped,8,22,dominierte,NP2-Causality,Linda,dominierte,"Matthias,",weil,er,schon seit Langem,schüchtern war,und,die Initiative,vermied,"Linda dominierte Matthias, weil er schon seit Langem schüchtern war und die Initiative vermied.",ok_prefix_keep_particle_or_punctuation,Florian,Linda,Matthias,Susanne,neutral,,,dominated,AgP,9.0,337.0,-1.36,3,neutral,dominierte,dominierte,2.28,10.0,,"Der Assistent dominierte die Wissenschaftlerin, weil sie schon seit Langem wehrlos war und die Abhängigkeit zeigte.",wehrlos,2.62,7.0,56.25,56.25,suboptimal,nonamb,False,,False,,False,,True,Führungslosigkeit zeigte -> die Initiative vermied
144,original,1,23,diffamierte,NP1-Causality,Andreas,diffamierte,"Birgit,",weil,er,am frühen Morgen,neidisch war,und,die Konkurrenz,fürchtete,"Andreas diffamierte Birgit, weil er am frühen Morgen neidisch war und die Konkurrenz fürchtete.",ok_prefix_keep_particle_or_punctuation,Andreas,Nicole,Klaus,Birgit,neutral,,,disparaged,AgEvo,10.0,0.0,-1.45,12,neutral,diffamierte,abwertete,0.02,9.0,,"Der Unteroffizier wertete die Oberleutnantin ab, weil er am frühen Morgen unqualifiziert war und die Schwäche offenbarte.",unqualifiziert,1.28,14.0,62.5,62.5,suboptimal,nonamb,False,,True,minderwertig war -> neidisch war,False,,True,Schwäche empfand -> die Konkurrenz fürchtete
144,both_male,2,23,diffamierte,NP1-Causality,Andreas,diffamierte,"Klaus,",weil,er,am frühen Morgen,neidisch war,und,die Konkurrenz,fürchtete,"Andreas diffamierte Klaus, weil er am frühen Morgen neidisch war und die Konkurrenz fürchtete.",ok_prefix_keep_particle_or_punctuation,Andreas,Nicole,Klaus,Birgit,neutral,,,disparaged,AgEvo,10.0,0.0,-1.45,12,neutral,diffamierte,abwertete,0.02,9.0,,"Der Unteroffizier wertete die Oberleutnantin ab, weil er am frühen Morgen unqualifiziert war und die Schwäche offenbarte.",unqualifiziert,1.28,14.0,62.5,62.5,suboptimal,nonamb,False,,True,minderwertig war -> neidisch war,False,,True,Schwäche empfand -> die Konkurrenz fürchtete
144,both_female,3,23,diffamierte,NP1-Causality,Nicole,diffamierte,"Birgit,",weil,sie,am frühen Morgen,neidisch war,und,die Konkurrenz,fürchtete,"Nicole diffamierte Birgit, weil sie am frühen Morgen neidisch war und die Konkurrenz fürchtete.",ok_prefix_keep_particle_or_punctuation,Andreas,Nicole,Klaus,Birgit,neutral,,,disparaged,AgEvo,10.0,0.0,-1.45,12,neutral,diffamierte,abwertete,0.02,9.0,,"Der Unteroffizier wertete die Oberleutnantin ab, weil er am frühen Morgen unqualifiziert war und die Schwäche offenbarte.",unqualifiziert,1.28,14.0,62.5,62.5,suboptimal,nonamb,False,,True,minderwertig war -> neidisch war,False,,True,Schwäche empfand -> die Konkurrenz fürchtete
144,swapped,4,23,diffamierte,NP1-Causality,Nicole,diffamierte,"Klaus,",weil,sie,am frühen Morgen,neidisch war,und,die Konkurrenz,fürchtete,"Nicole diffamierte Klaus, weil sie am frühen Morgen neidisch war und die Konkurrenz fürchtete.",ok_prefix_keep_particle_or_punctuation,Andreas,Nicole,Klaus,Birgit,neutral,,,disparaged,AgEvo,10.0,0.0,-1.45,12,neutral,diffamierte,abwertete,0.02,9.0,,"Der Unteroffizier wertete die Oberleutnantin ab, weil er am frühen Morgen unqualifiziert war und die Schwäche offenbarte.",unqualifiziert,1.28,14.0,62.5,62.5,suboptimal,nonamb,False,,True,minderwertig war -> neidisch war,False,,True,Schwäche empfand -> die Konkurrenz fürchtete
145,original,5,23,diffamierte,NP2-Causality,Andreas,diffamierte,"Birgit,",weil,sie,am frühen Morgen,arrogant war,und,jede Kritik,ablehnte,"Andreas diffamierte Birgit, weil sie am frühen Morgen arrogant war und jede Kritik ablehnte.",ok_prefix_keep_particle_or_punctuation,Andreas,Nicole,Klaus,Birgit,neutral,,,disparaged,AgEvo,10.0,0.0,-1.45,12,neutral,diffamierte,abwertete,0.02,9.0,,"Der Unteroffizier wertete die Oberleutnantin ab, weil sie am frühen Morgen aufmüpfig war und die Widerrede wagte.",aufmüpfig,0.64,9.0,62.5,62.5,suboptimal,nonamb,False,,True,überheblich war -> arrogant war,False,,True,Wiederrede tadelte -> jede Kritik ablehnte
145,both_male,6,23,diffamierte,NP2-Causality,Andreas,diffamierte,"Klaus,",weil,er,am frühen Morgen,arrogant war,und,jede Kritik,ablehnte,"Andreas diffamierte Klaus, weil er am frühen Morgen arrogant war und jede Kritik ablehnte.",ok_prefix_keep_particle_or_punctuation,Andreas,Nicole,Klaus,Birgit,neutral,,,disparaged,AgEvo,10.0,0.0,-1.45,12,neutral,diffamierte,abwertete,0.02,9.0,,"Der Unteroffizier wertete die Oberleutnantin ab, weil sie am frühen Morgen aufmüpfig war und die Widerrede wagte.",aufmüpfig,0.64,9.0,62.5,62.5,suboptimal,nonamb,False,,True,überheblich war -> arrogant war,False,,True,Wiederrede tadelte -> jede Kritik ablehnte
145,both_female,7,23,diffamierte,NP2-Causality,Nicole,diffamierte,"Birgit,",weil,sie,am frühen Morgen,arrogant war,und,jede Kritik,ablehnte,"Nicole diffamierte Birgit, weil sie am frühen Morgen arrogant war und jede Kritik ablehnte.",ok_prefix_keep_particle_or_punctuation,Andreas,Nicole,Klaus,Birgit,neutral,,,disparaged,AgEvo,10.0,0.0,-1.45,12,neutral,diffamierte,abwertete,0.02,9.0,,"Der Unteroffizier wertete die Oberleutnantin ab, weil sie am frühen Morgen aufmüpfig war und die Widerrede wagte.",aufmüpfig,0.64,9.0,62.5,62.5,suboptimal,nonamb,False,,True,überheblich war -> arrogant war,False,,True,Wiederrede tadelte -> jede Kritik ablehnte
145,swapped,8,23,diffamierte,NP2-Causality,Nicole,diffamierte,"Klaus,",weil,er,am frühen Morgen,arrogant war,und,jede Kritik,ablehnte,"Nicole diffamierte Klaus, weil er am frühen Morgen arrogant war und jede Kritik ablehnte.",ok_prefix_keep_particle_or_punctuation,Andreas,Nicole,Klaus,Birgit,neutral,,,disparaged,AgEvo,10.0,0.0,-1.45,12,neutral,diffamierte,abwertete,0.02,9.0,,"Der Unteroffizier wertete die Oberleutnantin ab, weil sie am frühen Morgen aufmüpfig war und die Widerrede wagte.",aufmüpfig,0.64,9.0,62.5,62.5,suboptimal,nonamb,False,,True,überheblich war -> arrogant war,False,,True,Wiederrede tadelte -> jede Kritik ablehnte
82,original,1,24,ermutigte,NP1-Causality,Jürgen,ermutigte,"Petra,",weil,er,in diesen Tagen,optimistisch war,und,den Fortschritt,bemerkte,"Jürgen ermutigte Petra, weil er in diesen Tagen optimistisch war und den Fortschritt bemerkte.",ok_prefix_keep_particle_or_punctuation,Jürgen,Johanna,Philipp,Petra,neutral,,,encouraged,StimExp,10.0,2.0,2.27,-12,neutral,ermutigte,ermutigte,0.93,9.0,,"Der Trainer ermutigte die Spielerin, weil er seit langer Zeit hoffnungsvoll war und den Fortschritt erwartete.",hoffnungsvoll,3.35,13.0,75.0,75.0,optimal,nonamb,False,,True,hoffnungsvoll war -> optimistisch war,False,,True,Fortschritte erwartete -> den Fortschritt bemerkte
82,both_male,2,24,ermutigte,NP1-Causality,Jürgen,ermutigte,"Philipp,",weil,er,in diesen Tagen,optimistisch war,und,den Fortschritt,bemerkte,"Jürgen ermutigte Philipp, weil er in diesen Tagen optimistisch war und den Fortschritt bemerkte.",ok_prefix_keep_particle_or_punctuation,Jürgen,Johanna,Philipp,Petra,neutral,,,encouraged,StimExp,10.0,2.0,2.27,-12,neutral,ermutigte,ermutigte,0.93,9.0,,"Der Trainer ermutigte die Spielerin, weil er seit langer Zeit hoffnungsvoll war und den Fortschritt erwartete.",hoffnungsvoll,3.35,13.0,75.0,75.0,optimal,nonamb,False,,True,hoffnungsvoll war -> optimistisch war,False,,True,Fortschritte erwartete -> den Fortschritt bemerkte
82,both_female,3,24,ermutigte,NP1-Causality,Johanna,ermutigte,"Petra,",weil,sie,in diesen Tagen,optimistisch war,und,den Fortschritt,bemerkte,"Johanna ermutigte Petra, weil sie in diesen Tagen optimistisch war und den Fortschritt bemerkte.",ok_prefix_keep_particle_or_punctuation,Jürgen,Johanna,Philipp,Petra,neutral,,,encouraged,StimExp,10.0,2.0,2.27,-12,neutral,ermutigte,ermutigte,0.93,9.0,,"Der Trainer ermutigte die Spielerin, weil er seit langer Zeit hoffnungsvoll war und den Fortschritt erwartete.",hoffnungsvoll,3.35,13.0,75.0,75.0,optimal,nonamb,False,,True,hoffnungsvoll war -> optimistisch war,False,,True,Fortschritte erwartete -> den Fortschritt bemerkte
82,swapped,4,24,ermutigte,NP1-Causality,Johanna,ermutigte,"Philipp,",weil,sie,in diesen Tagen,optimistisch war,und,den Fortschritt,bemerkte,"Johanna ermutigte Philipp, weil sie in diesen Tagen optimistisch war und den Fortschritt bemerkte.",ok_prefix_keep_particle_or_punctuation,Jürgen,Johanna,Philipp,Petra,neutral,,,encouraged,StimExp,10.0,2.0,2.27,-12,neutral,ermutigte,ermutigte,0.93,9.0,,"Der Trainer ermutigte die Spielerin, weil er seit langer Zeit hoffnungsvoll war und den Fortschritt erwartete.",hoffnungsvoll,3.35,13.0,75.0,75.0,optimal,nonamb,False,,True,hoffnungsvoll war -> optimistisch war,False,,True,Fortschritte erwartete -> den Fortschritt bemerkte
83,original,5,24,ermutigte,NP2-Causality,Jürgen,ermutigte,"Petra,",weil,sie,in diesen Tagen,unsicher war,und,die Prüfung,fürchtete,"Jürgen ermutigte Petra, weil sie in diesen Tagen unsicher war und die Prüfung fürchtete.",ok_prefix_keep_particle_or_punctuation,Jürgen,Johanna,Philipp,Petra,neutral,,,encouraged,StimExp,10.0,2.0,2.27,-12,neutral,ermutigte,ermutigte,0.93,9.0,,"Der Trainer ermutigte die Spielerin, weil sie seit langer Zeit deprimiert war und die Unterstützung suchte.",deprimiert,1.23,10.0,75.0,75.0,optimal,nonamb,False,,True,unglücklich war -> unsicher war,False,,True,Pech hatte -> die Prüfung fürchtete
83,both_male,6,24,ermutigte,NP2-Causality,Jürgen,ermutigte,"Philipp,",weil,er,in diesen Tagen,unsicher war,und,die Prüfung,fürchtete,"Jürgen ermutigte Philipp, weil er in diesen Tagen unsicher war und die Prüfung fürchtete.",ok_prefix_keep_particle_or_punctuation,Jürgen,Johanna,Philipp,Petra,neutral,,,encouraged,StimExp,10.0,2.0,2.27,-12,neutral,ermutigte,ermutigte,0.93,9.0,,"Der Trainer ermutigte die Spielerin, weil sie seit langer Zeit deprimiert war und die Unterstützung suchte.",deprimiert,1.23,10.0,75.0,75.0,optimal,nonamb,False,,True,unglücklich war -> unsicher war,False,,True,Pech hatte -> die Prüfung fürchtete
83,both_female,7,24,ermutigte,NP2-Causality,Johanna,ermutigte,"Petra,",weil,sie,in diesen Tagen,unsicher war,und,die Prüfung,fürchtete,"Johanna ermutigte Petra, weil sie in diesen Tagen unsicher war und die Prüfung fürchtete.",ok_prefix_keep_particle_or_punctuation,Jürgen,Johanna,Philipp,Petra,neutral,,,encouraged,StimExp,10.0,2.0,2.27,-12,neutral,ermutigte,ermutigte,0.93,9.0,,"Der Trainer ermutigte die Spielerin, weil sie seit langer Zeit deprimiert war und die Unterstützung suchte.",deprimiert,1.23,10.0,75.0,75.0,optimal,nonamb,False,,True,unglücklich war -> unsicher war,False,,True,Pech hatte -> die Prüfung fürchtete
83,swapped,8,24,ermutigte,NP2-Causality,Johanna,ermutigte,"Philipp,",weil,er,in diesen Tagen,unsicher war,und,die Prüfung,fürchtete,"Johanna ermutigte Philipp, weil er in diesen Tagen unsicher war und die Prüfung fürchtete.",ok_prefix_keep_particle_or_punctuation,Jürgen,Johanna,Philipp,Petra,neutral,,,encouraged,StimExp,10.0,2.0,2.27,-12,neutral,ermutigte,ermutigte,0.93,9.0,,"Der Trainer ermutigte die Spielerin, weil sie seit langer Zeit deprimiert war und die Unterstützung suchte.",deprimiert,1.23,10.0,75.0,75.0,optimal,nonamb,False,,True,unglücklich war -> unsicher war,False,,True,Pech hatte -> die Prüfung fürchtete
170,original,1,25,enttäuschte,NP1-Causality,Peter,enttäuschte,"Daniela,",weil,er,an dem Vormittag,unzuverlässig war,und,die Verabredung,vergaß,"Peter enttäuschte Daniela, weil er an dem Vormittag unzuverlässig war und die Verabredung vergaß.",ok_prefix_keep_particle_or_punctuation,Peter,Claudia,Stefan,Daniela,NP1,,,disappointed,StimExp,12.0,3.0,-2.0,73,NP1,enttäuschte,war enttäuscht,0.18,13.0,,"Der Junge enttäuschte die Freundin, weil er am frühen Vormittag unzuverlässig war und die Aufgabe vergaß.",unzuverlässig,1.72,13.0,75.0,75.0,optimal,nonamb,False,,False,,False,,True,das Versprechen vergaß -> die Verabredung vergaß
170,both_male,2,25,enttäuschte,NP1-Causality,Peter,enttäuschte,"Stefan,",weil,er,an dem Vormittag,unzuverlässig war,und,die Verabredung,vergaß,"Peter enttäuschte Stefan, weil er an dem Vormittag unzuverlässig war und die Verabredung vergaß.",ok_prefix_keep_particle_or_punctuation,Peter,Claudia,Stefan,Daniela,NP1,,,disappointed,StimExp,12.0,3.0,-2.0,73,NP1,enttäuschte,war enttäuscht,0.18,13.0,,"Der Junge enttäuschte die Freundin, weil er am frühen Vormittag unzuverlässig war und die Aufgabe vergaß.",unzuverlässig,1.72,13.0,75.0,75.0,optimal,nonamb,False,,False,,False,,True,das Versprechen vergaß -> die Verabredung vergaß
170,both_female,3,25,enttäuschte,NP1-Causality,Claudia,enttäuschte,"Daniela,",weil,sie,an dem Vormittag,unzuverlässig war,und,die Verabredung,vergaß,"Claudia enttäuschte Daniela, weil sie an dem Vormittag unzuverlässig war und die Verabredung vergaß.",ok_prefix_keep_particle_or_punctuation,Peter,Claudia,Stefan,Daniela,NP1,,,disappointed,StimExp,12.0,3.0,-2.0,73,NP1,enttäuschte,war enttäuscht,0.18,13.0,,"Der Junge enttäuschte die Freundin, weil er am frühen Vormittag unzuverlässig war und die Aufgabe vergaß.",unzuverlässig,1.72,13.0,75.0,75.0,optimal,nonamb,False,,False,,False,,True,das Versprechen vergaß -> die Verabredung vergaß
170,swapped,4,25,enttäuschte,NP1-Causality,Claudia,enttäuschte,"Stefan,",weil,sie,an dem Vormittag,unzuverlässig war,und,die Verabredung,vergaß,"Claudia enttäuschte Stefan, weil sie an dem Vormittag unzuverlässig war und die Verabredung vergaß.",ok_prefix_keep_particle_or_punctuation,Peter,Claudia,Stefan,Daniela,NP1,,,disappointed,StimExp,12.0,3.0,-2.0,73,NP1,enttäuschte,war enttäuscht,0.18,13.0,,"Der Junge enttäuschte die Freundin, weil er am frühen Vormittag unzuverlässig war und die Aufgabe vergaß.",unzuverlässig,1.72,13.0,75.0,75.0,optimal,nonamb,False,,False,,False,,True,das Versprechen vergaß -> die Verabredung vergaß
171,original,5,25,enttäuschte,NP2-Causality,Peter,enttäuschte,"Daniela,",weil,sie,an dem Vormittag,hoffnungsvoll war,und,das Beste,erwartete,"Peter enttäuschte Daniela, weil sie an dem Vormittag hoffnungsvoll war und das Beste erwartete.",ok_prefix_keep_particle_or_punctuation,Peter,Claudia,Stefan,Daniela,NP1,,,disappointed,StimExp,12.0,3.0,-2.0,73,NP1,enttäuschte,war enttäuscht,0.18,13.0,,"Der Junge enttäuschte die Freundin, weil sie am frühen Vormittag erwartungsvoll war und die Zusage erhoffte.",erwartungsvoll,1.28,14.0,75.0,75.0,optimal,nonamb,False,,True,zu anspruchsvoll war -> hoffnungsvoll war,False,,True,die Erwartungen unerfüllbar -> das Beste erwartete
171,both_male,6,25,enttäuschte,NP2-Causality,Peter,enttäuschte,"Stefan,",weil,er,an dem Vormittag,hoffnungsvoll war,und,das Beste,erwartete,"Peter enttäuschte Stefan, weil er an dem Vormittag hoffnungsvoll war und das Beste erwartete.",ok_prefix_keep_particle_or_punctuation,Peter,Claudia,Stefan,Daniela,NP1,,,disappointed,StimExp,12.0,3.0,-2.0,73,NP1,enttäuschte,war enttäuscht,0.18,13.0,,"Der Junge enttäuschte die Freundin, weil sie am frühen Vormittag erwartungsvoll war und die Zusage erhoffte.",erwartungsvoll,1.28,14.0,75.0,75.0,optimal,nonamb,False,,True,zu anspruchsvoll war -> hoffnungsvoll war,False,,True,die Erwartungen unerfüllbar -> das Beste erwartete
171,both_female,7,25,enttäuschte,NP2-Causality,Claudia,enttäuschte,"Daniela,",weil,sie,an dem Vormittag,hoffnungsvoll war,und,das Beste,erwartete,"Claudia enttäuschte Daniela, weil sie an dem Vormittag hoffnungsvoll war und das Beste erwartete.",ok_prefix_keep_particle_or_punctuation,Peter,Claudia,Stefan,Daniela,NP1,,,disappointed,StimExp,12.0,3.0,-2.0,73,NP1,enttäuschte,war enttäuscht,0.18,13.0,,"Der Junge enttäuschte die Freundin, weil sie am frühen Vormittag erwartungsvoll war und die Zusage erhoffte.",erwartungsvoll,1.28,14.0,75.0,75.0,optimal,nonamb,False,,True,zu anspruchsvoll war -> hoffnungsvoll war,False,,True,die Erwartungen unerfüllbar -> das Beste erwartete
171,swapped,8,25,enttäuschte,NP2-Causality,Claudia,enttäuschte,"Stefan,",weil,er,an dem Vormittag,hoffnungsvoll war,und,das Beste,erwartete,"Claudia enttäuschte Stefan, weil er an dem Vormittag hoffnungsvoll war und das Beste erwartete.",ok_prefix_keep_particle_or_punctuation,Peter,Claudia,Stefan,Daniela,NP1,,,disappointed,StimExp,12.0,3.0,-2.0,73,NP1,enttäuschte,war enttäuscht,0.18,13.0,,"Der Junge enttäuschte die Freundin, weil sie am frühen Vormittag erwartungsvoll war und die Zusage erhoffte.",erwartungsvoll,1.28,14.0,75.0,75.0,optimal,nonamb,False,,True,zu anspruchsvoll war -> hoffnungsvoll war,False,,True,die Erwartungen unerfüllbar -> das Beste erwartete
154,original,1,26,erzürnte,NP1-Causality,Klaus,erzürnte,"Renate,",weil,er,an dem Tag,unverschämt war,und,die Kollegen,provozierte,"Klaus erzürnte Renate, weil er an dem Tag unverschämt war und die Kollegen provozierte.",ok_prefix_keep_particle_or_punctuation,Klaus,Sabine,Hans,Renate,NP1,,,enraged,StimExp,7.0,25.0,-2.36,70,NP1,erzürnte,erzürnte,0.21,8.0,,"Der Studienrat erzürnte die Schülerin, weil er seit vielen Monaten veräppelt war und die Geduld verlor.",veräppelt,0.13,9.0,68.75,68.75,optimal,nonamb,False,,True,respektlos war -> unverschämt war,False,,True,Probleme ignorierte -> die Kollegen provozierte
154,both_male,2,26,erzürnte,NP1-Causality,Klaus,erzürnte,"Hans,",weil,er,an dem Tag,unverschämt war,und,die Kollegen,provozierte,"Klaus erzürnte Hans, weil er an dem Tag unverschämt war und die Kollegen provozierte.",ok_prefix_keep_particle_or_punctuation,Klaus,Sabine,Hans,Renate,NP1,,,enraged,StimExp,7.0,25.0,-2.36,70,NP1,erzürnte,erzürnte,0.21,8.0,,"Der Studienrat erzürnte die Schülerin, weil er seit vielen Monaten veräppelt war und die Geduld verlor.",veräppelt,0.13,9.0,68.75,68.75,optimal,nonamb,False,,True,respektlos war -> unverschämt war,False,,True,Probleme ignorierte -> die Kollegen provozierte
154,both_female,3,26,erzürnte,NP1-Causality,Sabine,erzürnte,"Renate,",weil,sie,an dem Tag,unverschämt war,und,die Kollegen,provozierte,"Sabine erzürnte Renate, weil sie an dem Tag unverschämt war und die Kollegen provozierte.",ok_prefix_keep_particle_or_punctuation,Klaus,Sabine,Hans,Renate,NP1,,,enraged,StimExp,7.0,25.0,-2.36,70,NP1,erzürnte,erzürnte,0.21,8.0,,"Der Studienrat erzürnte die Schülerin, weil er seit vielen Monaten veräppelt war und die Geduld verlor.",veräppelt,0.13,9.0,68.75,68.75,optimal,nonamb,False,,True,respektlos war -> unverschämt war,False,,True,Probleme ignorierte -> die Kollegen provozierte
154,swapped,4,26,erzürnte,NP1-Causality,Sabine,erzürnte,"Hans,",weil,sie,an dem Tag,unverschämt war,und,die Kollegen,provozierte,"Sabine erzürnte Hans, weil sie an dem Tag unverschämt war und die Kollegen provozierte.",ok_prefix_keep_particle_or_punctuation,Klaus,Sabine,Hans,Renate,NP1,,,enraged,StimExp,7.0,25.0,-2.36,70,NP1,erzürnte,erzürnte,0.21,8.0,,"Der Studienrat erzürnte die Schülerin, weil er seit vielen Monaten veräppelt war und die Geduld verlor.",veräppelt,0.13,9.0,68.75,68.75,optimal,nonamb,False,,True,respektlos war -> unverschämt war,False,,True,Probleme ignorierte -> die Kollegen provozierte
155,original,5,26,erzürnte,NP2-Causality,Klaus,erzürnte,"Renate,",weil,sie,an dem Tag,frustriert war,und,keine Wertschätzung,erfuhr,"Klaus erzürnte Renate, weil sie an dem Tag frustriert war und keine Wertschätzung erfuhr.",ok_prefix_keep_particle_or_punctuation,Klaus,Sabine,Hans,Renate,NP1,,,enraged,StimExp,7.0,25.0,-2.36,70,NP1,erzürnte,erzürnte,0.21,8.0,,"Der Studienrat erzürnte die Schülerin, weil sie seit vielen Monaten bestimmend war und die Kontrolle behielt. ",bestimmend,6.87,10.0,68.75,68.75,optimal,nonamb,False,,True,verletzlich war -> frustriert war,False,,True,Kränkung verspührte -> keine Wertschätzung erfuhr
155,both_male,6,26,erzürnte,NP2-Causality,Klaus,erzürnte,"Hans,",weil,er,an dem Tag,frustriert war,und,keine Wertschätzung,erfuhr,"Klaus erzürnte Hans, weil er an dem Tag frustriert war und keine Wertschätzung erfuhr.",ok_prefix_keep_particle_or_punctuation,Klaus,Sabine,Hans,Renate,NP1,,,enraged,StimExp,7.0,25.0,-2.36,70,NP1,erzürnte,erzürnte,0.21,8.0,,"Der Studienrat erzürnte die Schülerin, weil sie seit vielen Monaten bestimmend war und die Kontrolle behielt. ",bestimmend,6.87,10.0,68.75,68.75,optimal,nonamb,False,,True,verletzlich war -> frustriert war,False,,True,Kränkung verspührte -> keine Wertschätzung erfuhr
155,both_female,7,26,erzürnte,NP2-Causality,Sabine,erzürnte,"Renate,",weil,sie,an dem Tag,frustriert war,und,keine Wertschätzung,erfuhr,"Sabine erzürnte Renate, weil sie an dem Tag frustriert war und keine Wertschätzung erfuhr.",ok_prefix_keep_particle_or_punctuation,Klaus,Sabine,Hans,Renate,NP1,,,enraged,StimExp,7.0,25.0,-2.36,70,NP1,erzürnte,erzürnte,0.21,8.0,,"Der Studienrat erzürnte die Schülerin, weil sie seit vielen Monaten bestimmend war und die Kontrolle behielt. ",bestimmend,6.87,10.0,68.75,68.75,optimal,nonamb,False,,True,verletzlich war -> frustriert war,False,,True,Kränkung verspührte -> keine Wertschätzung erfuhr
155,swapped,8,26,erzürnte,NP2-Causality,Sabine,erzürnte,"Hans,",weil,er,an dem Tag,frustriert war,und,keine Wertschätzung,erfuhr,"Sabine erzürnte Hans, weil er an dem Tag frustriert war und keine Wertschätzung erfuhr.",ok_prefix_keep_particle_or_punctuation,Klaus,Sabine,Hans,Renate,NP1,,,enraged,StimExp,7.0,25.0,-2.36,70,NP1,erzürnte,erzürnte,0.21,8.0,,"Der Studienrat erzürnte die Schülerin, weil sie seit vielen Monaten bestimmend war und die Kontrolle behielt. ",bestimmend,6.87,10.0,68.75,68.75,optimal,nonamb,False,,True,verletzlich war -> frustriert war,False,,True,Kränkung verspührte -> keine Wertschätzung erfuhr
164,original,1,27,imitierte,NP1-Causality,Andreas,imitierte,"Sarah,",weil,er,in der Nacht,ungeübt war,und,die Choreografie,lernte,"Andreas imitierte Sarah, weil er in der Nacht ungeübt war und die Choreografie lernte.",ok_prefix_keep_particle_or_punctuation,Andreas,Lisa,Jürgen,Sarah,NP1,,,echoed,AgP,6.0,33.0,0.36,72,NP1,erwiederte,erwiderte,5.39,9.0,,"Der Schöne erwiderte die Verehrerin, weil er in der Nacht höflich war und die Antwort gab. ",höflich,5.82,7.0,50.0,50.0,suboptimal,nonamb,True,erwiderte -> imitierte (Eng: echoed),True,geschmeichelt war -> ungeübt war,False,,True,Höflichkeit zeigte -> die Choreografie lernte
164,both_male,2,27,imitierte,NP1-Causality,Andreas,imitierte,"Jürgen,",weil,er,in der Nacht,ungeübt war,und,die Choreografie,lernte,"Andreas imitierte Jürgen, weil er in der Nacht ungeübt war und die Choreografie lernte.",ok_prefix_keep_particle_or_punctuation,Andreas,Lisa,Jürgen,Sarah,NP1,,,echoed,AgP,6.0,33.0,0.36,72,NP1,erwiederte,erwiderte,5.39,9.0,,"Der Schöne erwiderte die Verehrerin, weil er in der Nacht höflich war und die Antwort gab. ",höflich,5.82,7.0,50.0,50.0,suboptimal,nonamb,True,erwiderte -> imitierte (Eng: echoed),True,geschmeichelt war -> ungeübt war,False,,True,Höflichkeit zeigte -> die Choreografie lernte
164,both_female,3,27,imitierte,NP1-Causality,Lisa,imitierte,"Sarah,",weil,sie,in der Nacht,ungeübt war,und,die Choreografie,lernte,"Lisa imitierte Sarah, weil sie in der Nacht ungeübt war und die Choreografie lernte.",ok_prefix_keep_particle_or_punctuation,Andreas,Lisa,Jürgen,Sarah,NP1,,,echoed,AgP,6.0,33.0,0.36,72,NP1,erwiederte,erwiderte,5.39,9.0,,"Der Schöne erwiderte die Verehrerin, weil er in der Nacht höflich war und die Antwort gab. ",höflich,5.82,7.0,50.0,50.0,suboptimal,nonamb,True,erwiderte -> imitierte (Eng: echoed),True,geschmeichelt war -> ungeübt war,False,,True,Höflichkeit zeigte -> die Choreografie lernte
164,swapped,4,27,imitierte,NP1-Causality,Lisa,imitierte,"Jürgen,",weil,sie,in der Nacht,ungeübt war,und,die Choreografie,lernte,"Lisa imitierte Jürgen, weil sie in der Nacht ungeübt war und die Choreografie lernte.",ok_prefix_keep_particle_or_punctuation,Andreas,Lisa,Jürgen,Sarah,NP1,,,echoed,AgP,6.0,33.0,0.36,72,NP1,erwiederte,erwiderte,5.39,9.0,,"Der Schöne erwiderte die Verehrerin, weil er in der Nacht höflich war und die Antwort gab. ",höflich,5.82,7.0,50.0,50.0,suboptimal,nonamb,True,erwiderte -> imitierte (Eng: echoed),True,geschmeichelt war -> ungeübt war,False,,True,Höflichkeit zeigte -> die Choreografie lernte
165,original,5,27,imitierte,NP2-Causality,Andreas,imitierte,"Sarah,",weil,sie,in der Nacht,geübt war,und,die Choreografie,beherrschte,"Andreas imitierte Sarah, weil sie in der Nacht geübt war und die Choreografie beherrschte.",ok_prefix_keep_particle_or_punctuation,Andreas,Lisa,Jürgen,Sarah,NP1,,,echoed,AgP,6.0,33.0,0.36,72,NP1,erwiederte,erwiderte,5.39,9.0,,"Der Schöne erwiderte die Verehrerin, weil sie in der Nacht unerwartet war und die Überraschung brachte. ",unerwartet,12.76,10.0,50.0,50.0,suboptimal,nonamb,True,erwiderte -> imitierte (Eng: echoed),True,bezaubernd war -> geübt war,False,,True,Betörung ausstrahlte -> die Choreografie beherrschte
165,both_male,6,27,imitierte,NP2-Causality,Andreas,imitierte,"Jürgen,",weil,er,in der Nacht,geübt war,und,die Choreografie,beherrschte,"Andreas imitierte Jürgen, weil er in der Nacht geübt war und die Choreografie beherrschte.",ok_prefix_keep_particle_or_punctuation,Andreas,Lisa,Jürgen,Sarah,NP1,,,echoed,AgP,6.0,33.0,0.36,72,NP1,erwiederte,erwiderte,5.39,9.0,,"Der Schöne erwiderte die Verehrerin, weil sie in der Nacht unerwartet war und die Überraschung brachte. ",unerwartet,12.76,10.0,50.0,50.0,suboptimal,nonamb,True,erwiderte -> imitierte (Eng: echoed),True,bezaubernd war -> geübt war,False,,True,Betörung ausstrahlte -> die Choreografie beherrschte
165,both_female,7,27,imitierte,NP2-Causality,Lisa,imitierte,"Sarah,",weil,sie,in der Nacht,geübt war,und,die Choreografie,beherrschte,"Lisa imitierte Sarah, weil sie in der Nacht geübt war und die Choreografie beherrschte.",ok_prefix_keep_particle_or_punctuation,Andreas,Lisa,Jürgen,Sarah,NP1,,,echoed,AgP,6.0,33.0,0.36,72,NP1,erwiederte,erwiderte,5.39,9.0,,"Der Schöne erwiderte die Verehrerin, weil sie in der Nacht unerwartet war und die Überraschung brachte. ",unerwartet,12.76,10.0,50.0,50.0,suboptimal,nonamb,True,erwiderte -> imitierte (Eng: echoed),True,bezaubernd war -> geübt war,False,,True,Betörung ausstrahlte -> die Choreografie beherrschte
165,swapped,8,27,imitierte,NP2-Causality,Lisa,imitierte,"Jürgen,",weil,er,in der Nacht,geübt war,und,die Choreografie,beherrschte,"Lisa imitierte Jürgen, weil er in der Nacht geübt war und die Choreografie beherrschte.",ok_prefix_keep_particle_or_punctuation,Andreas,Lisa,Jürgen,Sarah,NP1,,,echoed,AgP,6.0,33.0,0.36,72,NP1,erwiederte,erwiderte,5.39,9.0,,"Der Schöne erwiderte die Verehrerin, weil sie in der Nacht unerwartet war und die Überraschung brachte. ",unerwartet,12.76,10.0,50.0,50.0,suboptimal,nonamb,True,erwiderte -> imitierte (Eng: echoed),True,bezaubernd war -> geübt war,False,,True,Betörung ausstrahlte -> die Choreografie beherrschte
156,original,1,28,verführte,NP1-Causality,Martin,verführte,"Linda,",weil,er,an dem Morgen,romantisch war,und,ein Date,plante,"Martin verführte Linda, weil er an dem Morgen romantisch war und ein Date plante.",ok_prefix_keep_particle_or_punctuation,Martin,Martina,Karl,Linda,NP1,,,enticed,StimExp,7.0,3.0,1.0,70,NP1,lockte,lockte,1.59,6.0,,"Der Erzieher lockte die Jugendliche, weil er am frühen Morgen verantwortlich war und die Gruppe leitete.",verantwortlich,77.38,14.0,87.5,87.5,optimal,nonamb,True,lockte -> verführte (Eng: enticed),True,verantwortlich war -> romantisch war,False,,True,Integration anstrebte -> ein Date plante
156,both_male,2,28,verführte,NP1-Causality,Martin,verführte,"Karl,",weil,er,an dem Morgen,romantisch war,und,ein Date,plante,"Martin verführte Karl, weil er an dem Morgen romantisch war und ein Date plante.",ok_prefix_keep_particle_or_punctuation,Martin,Martina,Karl,Linda,NP1,,,enticed,StimExp,7.0,3.0,1.0,70,NP1,lockte,lockte,1.59,6.0,,"Der Erzieher lockte die Jugendliche, weil er am frühen Morgen verantwortlich war und die Gruppe leitete.",verantwortlich,77.38,14.0,87.5,87.5,optimal,nonamb,True,lockte -> verführte (Eng: enticed),True,verantwortlich war -> romantisch war,False,,True,Integration anstrebte -> ein Date plante
156,both_female,3,28,verführte,NP1-Causality,Martina,verführte,"Linda,",weil,sie,an dem Morgen,romantisch war,und,ein Date,plante,"Martina verführte Linda, weil sie an dem Morgen romantisch war und ein Date plante.",ok_prefix_keep_particle_or_punctuation,Martin,Martina,Karl,Linda,NP1,,,enticed,StimExp,7.0,3.0,1.0,70,NP1,lockte,lockte,1.59,6.0,,"Der Erzieher lockte die Jugendliche, weil er am frühen Morgen verantwortlich war und die Gruppe leitete.",verantwortlich,77.38,14.0,87.5,87.5,optimal,nonamb,True,lockte -> verführte (Eng: enticed),True,verantwortlich war -> romantisch war,False,,True,Integration anstrebte -> ein Date plante
156,swapped,4,28,verführte,NP1-Causality,Martina,verführte,"Karl,",weil,sie,an dem Morgen,romantisch war,und,ein Date,plante,"Martina verführte Karl, weil sie an dem Morgen romantisch war und ein Date plante.",ok_prefix_keep_particle_or_punctuation,Martin,Martina,Karl,Linda,NP1,,,enticed,StimExp,7.0,3.0,1.0,70,NP1,lockte,lockte,1.59,6.0,,"Der Erzieher lockte die Jugendliche, weil er am frühen Morgen verantwortlich war und die Gruppe leitete.",verantwortlich,77.38,14.0,87.5,87.5,optimal,nonamb,True,lockte -> verführte (Eng: enticed),True,verantwortlich war -> romantisch war,False,,True,Integration anstrebte -> ein Date plante
157,original,5,28,verführte,NP2-Causality,Martin,verführte,"Linda,",weil,sie,an dem Morgen,empfänglich war,und,eine Beziehung,suchte,"Martin verführte Linda, weil sie an dem Morgen empfänglich war und eine Beziehung suchte.",ok_prefix_keep_particle_or_punctuation,Martin,Martina,Karl,Linda,NP1,,,enticed,StimExp,7.0,3.0,1.0,70,NP1,lockte,lockte,1.59,6.0,,"Der Erzieher lockte die Jugendliche, weil sie am frühen Morgen unselbständig war und die Orientierung suchte.",unselbständig,2.71,13.0,87.5,87.5,optimal,nonamb,True,lockte -> verführte (Eng: enticed),True,lustlos war -> empfänglich war,False,,True,Kraft fehlte -> eine Beziehung suchte
157,both_male,6,28,verführte,NP2-Causality,Martin,verführte,"Karl,",weil,er,an dem Morgen,empfänglich war,und,eine Beziehung,suchte,"Martin verführte Karl, weil er an dem Morgen empfänglich war und eine Beziehung suchte.",ok_prefix_keep_particle_or_punctuation,Martin,Martina,Karl,Linda,NP1,,,enticed,StimExp,7.0,3.0,1.0,70,NP1,lockte,lockte,1.59,6.0,,"Der Erzieher lockte die Jugendliche, weil sie am frühen Morgen unselbständig war und die Orientierung suchte.",unselbständig,2.71,13.0,87.5,87.5,optimal,nonamb,True,lockte -> verführte (Eng: enticed),True,lustlos war -> empfänglich war,False,,True,Kraft fehlte -> eine Beziehung suchte
157,both_female,7,28,verführte,NP2-Causality,Martina,verführte,"Linda,",weil,sie,an dem Morgen,empfänglich war,und,eine Beziehung,suchte,"Martina verführte Linda, weil sie an dem Morgen empfänglich war und eine Beziehung suchte.",ok_prefix_keep_particle_or_punctuation,Martin,Martina,Karl,Linda,NP1,,,enticed,StimExp,7.0,3.0,1.0,70,NP1,lockte,lockte,1.59,6.0,,"Der Erzieher lockte die Jugendliche, weil sie am frühen Morgen unselbständig war und die Orientierung suchte.",unselbständig,2.71,13.0,87.5,87.5,optimal,nonamb,True,lockte -> verführte (Eng: enticed),True,lustlos war -> empfänglich war,False,,True,Kraft fehlte -> eine Beziehung suchte
157,swapped,8,28,verführte,NP2-Causality,Martina,verführte,"Karl,",weil,er,an dem Morgen,empfänglich war,und,eine Beziehung,suchte,"Martina verführte Karl, weil er an dem Morgen empfänglich war und eine Beziehung suchte.",ok_prefix_keep_particle_or_punctuation,Martin,Martina,Karl,Linda,NP1,,,enticed,StimExp,7.0,3.0,1.0,70,NP1,lockte,lockte,1.59,6.0,,"Der Erzieher lockte die Jugendliche, weil sie am frühen Morgen unselbständig war und die Orientierung suchte.",unselbständig,2.71,13.0,87.5,87.5,optimal,nonamb,True,lockte -> verführte (Eng: enticed),True,lustlos war -> empfänglich war,False,,True,Kraft fehlte -> eine Beziehung suchte
2,original,1,29,beneidete,NP1-Causality,Florian,beneidete,"Barbara,",weil,er,am späten Abend,unzufrieden war,und,die Niederlage,erlitt,"Florian beneidete Barbara, weil er am späten Abend unzufrieden war und die Niederlage erlitt.",ok_prefix_keep_particle_or_punctuation,Florian,Laura,Johannes,Barbara,NP2,,,envied,ExpStim,6.0,245.0,-1.82,-94,NP2,beneidete,beneidete,0.23,9.0,,"Der Leistungssportler beneidete die Freizeitsportlerin, weil er am späten Abend erfolglos war und die Enttäuschung spürte.",erfolglos,13.04,9.0,87.5,87.5,optimal,nonamb,False,,True,erschöpft war -> unzufrieden war,False,,True,den Wettkapf verlor -> die Niederlage erlitt
2,both_male,2,29,beneidete,NP1-Causality,Florian,beneidete,"Johannes,",weil,er,am späten Abend,unzufrieden war,und,die Niederlage,erlitt,"Florian beneidete Johannes, weil er am späten Abend unzufrieden war und die Niederlage erlitt.",ok_prefix_keep_particle_or_punctuation,Florian,Laura,Johannes,Barbara,NP2,,,envied,ExpStim,6.0,245.0,-1.82,-94,NP2,beneidete,beneidete,0.23,9.0,,"Der Leistungssportler beneidete die Freizeitsportlerin, weil er am späten Abend erfolglos war und die Enttäuschung spürte.",erfolglos,13.04,9.0,87.5,87.5,optimal,nonamb,False,,True,erschöpft war -> unzufrieden war,False,,True,den Wettkapf verlor -> die Niederlage erlitt
2,both_female,3,29,beneidete,NP1-Causality,Laura,beneidete,"Barbara,",weil,sie,am späten Abend,unzufrieden war,und,die Niederlage,erlitt,"Laura beneidete Barbara, weil sie am späten Abend unzufrieden war und die Niederlage erlitt.",ok_prefix_keep_particle_or_punctuation,Florian,Laura,Johannes,Barbara,NP2,,,envied,ExpStim,6.0,245.0,-1.82,-94,NP2,beneidete,beneidete,0.23,9.0,,"Der Leistungssportler beneidete die Freizeitsportlerin, weil er am späten Abend erfolglos war und die Enttäuschung spürte.",erfolglos,13.04,9.0,87.5,87.5,optimal,nonamb,False,,True,erschöpft war -> unzufrieden war,False,,True,den Wettkapf verlor -> die Niederlage erlitt
2,swapped,4,29,beneidete,NP1-Causality,Laura,beneidete,"Johannes,",weil,sie,am späten Abend,unzufrieden war,und,die Niederlage,erlitt,"Laura beneidete Johannes, weil sie am späten Abend unzufrieden war und die Niederlage erlitt.",ok_prefix_keep_particle_or_punctuation,Florian,Laura,Johannes,Barbara,NP2,,,envied,ExpStim,6.0,245.0,-1.82,-94,NP2,beneidete,beneidete,0.23,9.0,,"Der Leistungssportler beneidete die Freizeitsportlerin, weil er am späten Abend erfolglos war und die Enttäuschung spürte.",erfolglos,13.04,9.0,87.5,87.5,optimal,nonamb,False,,True,erschöpft war -> unzufrieden war,False,,True,den Wettkapf verlor -> die Niederlage erlitt
3,original,5,29,beneidete,NP2-Causality,Florian,beneidete,"Barbara,",weil,sie,am späten Abend,erfolgreich war,und,die Auszeichnung,erhielt,"Florian beneidete Barbara, weil sie am späten Abend erfolgreich war und die Auszeichnung erhielt.",ok_prefix_keep_particle_or_punctuation,Florian,Laura,Johannes,Barbara,NP2,,,envied,ExpStim,6.0,245.0,-1.82,-94,NP2,beneidete,beneidete,0.23,9.0,,"Der Leistungssportler beneidete die Freizeitsportlerin, weil sie am späten Abend siegreich war und das Lob erhielt.",siegreich,4.15,9.0,87.5,87.5,optimal,nonamb,False,,False,,False,,True,Lob erhielt -> die Auszeichnung erhielt
3,both_male,6,29,beneidete,NP2-Causality,Florian,beneidete,"Johannes,",weil,er,am späten Abend,erfolgreich war,und,die Auszeichnung,erhielt,"Florian beneidete Johannes, weil er am späten Abend erfolgreich war und die Auszeichnung erhielt.",ok_prefix_keep_particle_or_punctuation,Florian,Laura,Johannes,Barbara,NP2,,,envied,ExpStim,6.0,245.0,-1.82,-94,NP2,beneidete,beneidete,0.23,9.0,,"Der Leistungssportler beneidete die Freizeitsportlerin, weil sie am späten Abend siegreich war und das Lob erhielt.",siegreich,4.15,9.0,87.5,87.5,optimal,nonamb,False,,False,,False,,True,Lob erhielt -> die Auszeichnung erhielt
3,both_female,7,29,beneidete,NP2-Causality,Laura,beneidete,"Barbara,",weil,sie,am späten Abend,erfolgreich war,und,die Auszeichnung,erhielt,"Laura beneidete Barbara, weil sie am späten Abend erfolgreich war und die Auszeichnung erhielt.",ok_prefix_keep_particle_or_punctuation,Florian,Laura,Johannes,Barbara,NP2,,,envied,ExpStim,6.0,245.0,-1.82,-94,NP2,beneidete,beneidete,0.23,9.0,,"Der Leistungssportler beneidete die Freizeitsportlerin, weil sie am späten Abend siegreich war und das Lob erhielt.",siegreich,4.15,9.0,87.5,87.5,optimal,nonamb,False,,False,,False,,True,Lob erhielt -> die Auszeichnung erhielt
3,swapped,8,29,beneidete,NP2-Causality,Laura,beneidete,"Johannes,",weil,er,am späten Abend,erfolgreich war,und,die Auszeichnung,erhielt,"Laura beneidete Johannes, weil er am späten Abend erfolgreich war und die Auszeichnung erhielt.",ok_prefix_keep_particle_or_punctuation,Florian,Laura,Johannes,Barbara,NP2,,,envied,ExpStim,6.0,245.0,-1.82,-94,NP2,beneidete,beneidete,0.23,9.0,,"Der Leistungssportler beneidete die Freizeitsportlerin, weil sie am späten Abend siegreich war und das Lob erhielt.",siegreich,4.15,9.0,87.5,87.5,optimal,nonamb,False,,False,,False,,True,Lob erhielt -> die Auszeichnung erhielt
20,original,1,30,bevorzugte,NP1-Causality,Paul,bevorzugte,"Lena,",weil,er,zu jeder Zeit,verliebt war,und,eine Verbindung,spürte,"Paul bevorzugte Lena, weil er zu jeder Zeit verliebt war und eine Verbindung spürte.",ok_prefix_keep_particle_or_punctuation,Paul,Johanna,Sebastian,Lena,NP2,,,favoured,ExpStim,8.0,995.0,1.27,-89,NP2,bevorzugte,bevorzugte,3.6,10.0,,"Der Trainer bevorzugte die Spielerin, weil er von Anfang an verliebt war und das Verlangen zeigte.",verliebt,11.94,8.0,93.75,93.75,optimal,nonamb,False,,True,parteiisch war -> verliebt war,True,immer wieder -> zu jeder Zeit,True,Vorteile einräumte -> eine Verbindung spürte
20,both_male,2,30,bevorzugte,NP1-Causality,Paul,bevorzugte,"Sebastian,",weil,er,zu jeder Zeit,verliebt war,und,eine Verbindung,spürte,"Paul bevorzugte Sebastian, weil er zu jeder Zeit verliebt war und eine Verbindung spürte.",ok_prefix_keep_particle_or_punctuation,Paul,Johanna,Sebastian,Lena,NP2,,,favoured,ExpStim,8.0,995.0,1.27,-89,NP2,bevorzugte,bevorzugte,3.6,10.0,,"Der Trainer bevorzugte die Spielerin, weil er von Anfang an verliebt war und das Verlangen zeigte.",verliebt,11.94,8.0,93.75,93.75,optimal,nonamb,False,,True,parteiisch war -> verliebt war,True,immer wieder -> zu jeder Zeit,True,Vorteile einräumte -> eine Verbindung spürte
20,both_female,3,30,bevorzugte,NP1-Causality,Johanna,bevorzugte,"Lena,",weil,sie,zu jeder Zeit,verliebt war,und,eine Verbindung,spürte,"Johanna bevorzugte Lena, weil sie zu jeder Zeit verliebt war und eine Verbindung spürte.",ok_prefix_keep_particle_or_punctuation,Paul,Johanna,Sebastian,Lena,NP2,,,favoured,ExpStim,8.0,995.0,1.27,-89,NP2,bevorzugte,bevorzugte,3.6,10.0,,"Der Trainer bevorzugte die Spielerin, weil er von Anfang an verliebt war und das Verlangen zeigte.",verliebt,11.94,8.0,93.75,93.75,optimal,nonamb,False,,True,parteiisch war -> verliebt war,True,immer wieder -> zu jeder Zeit,True,Vorteile einräumte -> eine Verbindung spürte
20,swapped,4,30,bevorzugte,NP1-Causality,Johanna,bevorzugte,"Sebastian,",weil,sie,zu jeder Zeit,verliebt war,und,eine Verbindung,spürte,"Johanna bevorzugte Sebastian, weil sie zu jeder Zeit verliebt war und eine Verbindung spürte.",ok_prefix_keep_particle_or_punctuation,Paul,Johanna,Sebastian,Lena,NP2,,,favoured,ExpStim,8.0,995.0,1.27,-89,NP2,bevorzugte,bevorzugte,3.6,10.0,,"Der Trainer bevorzugte die Spielerin, weil er von Anfang an verliebt war und das Verlangen zeigte.",verliebt,11.94,8.0,93.75,93.75,optimal,nonamb,False,,True,parteiisch war -> verliebt war,True,immer wieder -> zu jeder Zeit,True,Vorteile einräumte -> eine Verbindung spürte
21,original,5,30,bevorzugte,NP2-Causality,Paul,bevorzugte,"Lena,",weil,sie,zu jeder Zeit,siegreich war,und,jeden Wettbewerb,gewann,"Paul bevorzugte Lena, weil sie zu jeder Zeit siegreich war und jeden Wettbewerb gewann.",ok_prefix_keep_particle_or_punctuation,Paul,Johanna,Sebastian,Lena,NP2,,,favoured,ExpStim,8.0,995.0,1.27,-89,NP2,bevorzugte,bevorzugte,3.6,10.0,,"Der Trainer bevorzugte die Spielerin, weil sie von Anfang an gewinnbringend war und den Erfolg einbrachte.",gewinnbringend,2.45,14.0,93.75,93.75,optimal,nonamb,False,,False,,True,immer wieder -> zu jeder Zeit,True,Erfolg einfuhr -> jeden Wettbewerb gewann
21,both_male,6,30,bevorzugte,NP2-Causality,Paul,bevorzugte,"Sebastian,",weil,er,zu jeder Zeit,siegreich war,und,jeden Wettbewerb,gewann,"Paul bevorzugte Sebastian, weil er zu jeder Zeit siegreich war und jeden Wettbewerb gewann.",ok_prefix_keep_particle_or_punctuation,Paul,Johanna,Sebastian,Lena,NP2,,,favoured,ExpStim,8.0,995.0,1.27,-89,NP2,bevorzugte,bevorzugte,3.6,10.0,,"Der Trainer bevorzugte die Spielerin, weil sie von Anfang an gewinnbringend war und den Erfolg einbrachte.",gewinnbringend,2.45,14.0,93.75,93.75,optimal,nonamb,False,,False,,True,immer wieder -> zu jeder Zeit,True,Erfolg einfuhr -> jeden Wettbewerb gewann
21,both_female,7,30,bevorzugte,NP2-Causality,Johanna,bevorzugte,"Lena,",weil,sie,zu jeder Zeit,siegreich war,und,jeden Wettbewerb,gewann,"Johanna bevorzugte Lena, weil sie zu jeder Zeit siegreich war und jeden Wettbewerb gewann.",ok_prefix_keep_particle_or_punctuation,Paul,Johanna,Sebastian,Lena,NP2,,,favoured,ExpStim,8.0,995.0,1.27,-89,NP2,bevorzugte,bevorzugte,3.6,10.0,,"Der Trainer bevorzugte die Spielerin, weil sie von Anfang an gewinnbringend war und den Erfolg einbrachte.",gewinnbringend,2.45,14.0,93.75,93.75,optimal,nonamb,False,,False,,True,immer wieder -> zu jeder Zeit,True,Erfolg einfuhr -> jeden Wettbewerb gewann
21,swapped,8,30,bevorzugte,NP2-Causality,Johanna,bevorzugte,"Sebastian,",weil,er,zu jeder Zeit,siegreich war,und,jeden Wettbewerb,gewann,"Johanna bevorzugte Sebastian, weil er zu jeder Zeit siegreich war und jeden Wettbewerb gewann.",ok_prefix_keep_particle_or_punctuation,Paul,Johanna,Sebastian,Lena,NP2,,,favoured,ExpStim,8.0,995.0,1.27,-89,NP2,bevorzugte,bevorzugte,3.6,10.0,,"Der Trainer bevorzugte die Spielerin, weil sie von Anfang an gewinnbringend war und den Erfolg einbrachte.",gewinnbringend,2.45,14.0,93.75,93.75,optimal,nonamb,False,,False,,True,immer wieder -> zu jeder Zeit,True,Erfolg einfuhr -> jeden Wettbewerb gewann
6,original,1,31,begehrte,NP1-Causality,Michael,begehrte,"Maria,",weil,er,schon seit Langem,einsam war,und,eine Partnerschaft,suchte,"Michael begehrte Maria, weil er schon seit Langem einsam war und eine Partnerschaft suchte.",ok_prefix_keep_particle_or_punctuation,Michael,Eva,Tobias,Maria,NP2,,,fancied,ExpStim,7.0,86.0,0.91,-94,NP2,vergötterte,einbildete,0.09,10.0,,"Der Mann bildete sich die Rivalin ein, weil sie schon seit Langem gefährlich war und die Bedrohung hervorrief. ",gefährlich,62.41,10.0,31.25,31.25,suboptimal,nonamb,True,vergötterte -> begehrte (Eng: fancied),True,alleine war -> einsam war,True,seit Langem -> schon seit Langem,True,eine Parternschaft suchte -> eine Partnerschaft suchte
6,both_male,2,31,begehrte,NP1-Causality,Michael,begehrte,"Tobias,",weil,er,schon seit Langem,einsam war,und,eine Partnerschaft,suchte,"Michael begehrte Tobias, weil er schon seit Langem einsam war und eine Partnerschaft suchte.",ok_prefix_keep_particle_or_punctuation,Michael,Eva,Tobias,Maria,NP2,,,fancied,ExpStim,7.0,86.0,0.91,-94,NP2,vergötterte,einbildete,0.09,10.0,,"Der Mann bildete sich die Rivalin ein, weil sie schon seit Langem gefährlich war und die Bedrohung hervorrief. ",gefährlich,62.41,10.0,31.25,31.25,suboptimal,nonamb,True,vergötterte -> begehrte (Eng: fancied),True,alleine war -> einsam war,True,seit Langem -> schon seit Langem,True,eine Parternschaft suchte -> eine Partnerschaft suchte
6,both_female,3,31,begehrte,NP1-Causality,Eva,begehrte,"Maria,",weil,sie,schon seit Langem,einsam war,und,eine Partnerschaft,suchte,"Eva begehrte Maria, weil sie schon seit Langem einsam war und eine Partnerschaft suchte.",ok_prefix_keep_particle_or_punctuation,Michael,Eva,Tobias,Maria,NP2,,,fancied,ExpStim,7.0,86.0,0.91,-94,NP2,vergötterte,einbildete,0.09,10.0,,"Der Mann bildete sich die Rivalin ein, weil sie schon seit Langem gefährlich war und die Bedrohung hervorrief. ",gefährlich,62.41,10.0,31.25,31.25,suboptimal,nonamb,True,vergötterte -> begehrte (Eng: fancied),True,alleine war -> einsam war,True,seit Langem -> schon seit Langem,True,eine Parternschaft suchte -> eine Partnerschaft suchte
6,swapped,4,31,begehrte,NP1-Causality,Eva,begehrte,"Tobias,",weil,sie,schon seit Langem,einsam war,und,eine Partnerschaft,suchte,"Eva begehrte Tobias, weil sie schon seit Langem einsam war und eine Partnerschaft suchte.",ok_prefix_keep_particle_or_punctuation,Michael,Eva,Tobias,Maria,NP2,,,fancied,ExpStim,7.0,86.0,0.91,-94,NP2,vergötterte,einbildete,0.09,10.0,,"Der Mann bildete sich die Rivalin ein, weil sie schon seit Langem gefährlich war und die Bedrohung hervorrief. ",gefährlich,62.41,10.0,31.25,31.25,suboptimal,nonamb,True,vergötterte -> begehrte (Eng: fancied),True,alleine war -> einsam war,True,seit Langem -> schon seit Langem,True,eine Parternschaft suchte -> eine Partnerschaft suchte
7,original,5,31,begehrte,NP2-Causality,Michael,begehrte,"Maria,",weil,sie,schon seit Langem,hübsch war,und,die Konkurrenz,übertraf,"Michael begehrte Maria, weil sie schon seit Langem hübsch war und die Konkurrenz übertraf.",ok_prefix_keep_particle_or_punctuation,Michael,Eva,Tobias,Maria,NP2,,,fancied,ExpStim,7.0,86.0,0.91,-94,NP2,vergötterte,einbildete,0.09,10.0,,"Der Mann bildete sich die Rivalin ein, weil er schon seit Langem paranoid war und die Verfolgung witterte.",schmerzfrei,1.68,11.0,31.25,31.25,suboptimal,nonamb,True,vergötterte -> begehrte (Eng: fancied),True,grandios war -> hübsch war,True,seit Langem -> schon seit Langem,True,Attraktivität ausstrahlte -> die Konkurrenz übertraf
7,both_male,6,31,begehrte,NP2-Causality,Michael,begehrte,"Tobias,",weil,er,schon seit Langem,hübsch war,und,die Konkurrenz,übertraf,"Michael begehrte Tobias, weil er schon seit Langem hübsch war und die Konkurrenz übertraf.",ok_prefix_keep_particle_or_punctuation,Michael,Eva,Tobias,Maria,NP2,,,fancied,ExpStim,7.0,86.0,0.91,-94,NP2,vergötterte,einbildete,0.09,10.0,,"Der Mann bildete sich die Rivalin ein, weil er schon seit Langem paranoid war und die Verfolgung witterte.",schmerzfrei,1.68,11.0,31.25,31.25,suboptimal,nonamb,True,vergötterte -> begehrte (Eng: fancied),True,grandios war -> hübsch war,True,seit Langem -> schon seit Langem,True,Attraktivität ausstrahlte -> die Konkurrenz übertraf
7,both_female,7,31,begehrte,NP2-Causality,Eva,begehrte,"Maria,",weil,sie,schon seit Langem,hübsch war,und,die Konkurrenz,übertraf,"Eva begehrte Maria, weil sie schon seit Langem hübsch war und die Konkurrenz übertraf.",ok_prefix_keep_particle_or_punctuation,Michael,Eva,Tobias,Maria,NP2,,,fancied,ExpStim,7.0,86.0,0.91,-94,NP2,vergötterte,einbildete,0.09,10.0,,"Der Mann bildete sich die Rivalin ein, weil er schon seit Langem paranoid war und die Verfolgung witterte.",schmerzfrei,1.68,11.0,31.25,31.25,suboptimal,nonamb,True,vergötterte -> begehrte (Eng: fancied),True,grandios war -> hübsch war,True,seit Langem -> schon seit Langem,True,Attraktivität ausstrahlte -> die Konkurrenz übertraf
7,swapped,8,31,begehrte,NP2-Causality,Eva,begehrte,"Tobias,",weil,er,schon seit Langem,hübsch war,und,die Konkurrenz,übertraf,"Eva begehrte Tobias, weil er schon seit Langem hübsch war und die Konkurrenz übertraf.",ok_prefix_keep_particle_or_punctuation,Michael,Eva,Tobias,Maria,NP2,,,fancied,ExpStim,7.0,86.0,0.91,-94,NP2,vergötterte,einbildete,0.09,10.0,,"Der Mann bildete sich die Rivalin ein, weil er schon seit Langem paranoid war und die Verfolgung witterte.",schmerzfrei,1.68,11.0,31.25,31.25,suboptimal,nonamb,True,vergötterte -> begehrte (Eng: fancied),True,grandios war -> hübsch war,True,seit Langem -> schon seit Langem,True,Attraktivität ausstrahlte -> die Konkurrenz übertraf
28,original,1,32,fürchtete,NP1-Causality,Christian,fürchtete,"Nicole,",weil,er,schon von jeher,ängstlich war,und,die Kollegen,mied,"Christian fürchtete Nicole, weil er schon von jeher ängstlich war und die Kollegen mied.",ok_prefix_keep_particle_or_punctuation,Christian,Susanne,David,Nicole,NP2,,,feared,ExpStim,6.0,106.0,-2.09,-85,NP2,fürchtete,fürchtete,2.98,9.0,,"Der Landwirt fürchtete die Politikerin, weil er von Anfang an bodenständig war und die Einfachheit lebte.  ",bodenständig,1.58,12.0,12.5,12.5,suboptimal,nonamb,False,,True,misstrauisch war -> ängstlich war,True,schon immer -> schon von jeher,True,Regularien verachtete -> die Kollegen mied
28,both_male,2,32,fürchtete,NP1-Causality,Christian,fürchtete,"David,",weil,er,schon von jeher,ängstlich war,und,die Kollegen,mied,"Christian fürchtete David, weil er schon von jeher ängstlich war und die Kollegen mied.",ok_prefix_keep_particle_or_punctuation,Christian,Susanne,David,Nicole,NP2,,,feared,ExpStim,6.0,106.0,-2.09,-85,NP2,fürchtete,fürchtete,2.98,9.0,,"Der Landwirt fürchtete die Politikerin, weil er von Anfang an bodenständig war und die Einfachheit lebte.  ",bodenständig,1.58,12.0,12.5,12.5,suboptimal,nonamb,False,,True,misstrauisch war -> ängstlich war,True,schon immer -> schon von jeher,True,Regularien verachtete -> die Kollegen mied
28,both_female,3,32,fürchtete,NP1-Causality,Susanne,fürchtete,"Nicole,",weil,sie,schon von jeher,ängstlich war,und,die Kollegen,mied,"Susanne fürchtete Nicole, weil sie schon von jeher ängstlich war und die Kollegen mied.",ok_prefix_keep_particle_or_punctuation,Christian,Susanne,David,Nicole,NP2,,,feared,ExpStim,6.0,106.0,-2.09,-85,NP2,fürchtete,fürchtete,2.98,9.0,,"Der Landwirt fürchtete die Politikerin, weil er von Anfang an bodenständig war und die Einfachheit lebte.  ",bodenständig,1.58,12.0,12.5,12.5,suboptimal,nonamb,False,,True,misstrauisch war -> ängstlich war,True,schon immer -> schon von jeher,True,Regularien verachtete -> die Kollegen mied
28,swapped,4,32,fürchtete,NP1-Causality,Susanne,fürchtete,"David,",weil,sie,schon von jeher,ängstlich war,und,die Kollegen,mied,"Susanne fürchtete David, weil sie schon von jeher ängstlich war und die Kollegen mied.",ok_prefix_keep_particle_or_punctuation,Christian,Susanne,David,Nicole,NP2,,,feared,ExpStim,6.0,106.0,-2.09,-85,NP2,fürchtete,fürchtete,2.98,9.0,,"Der Landwirt fürchtete die Politikerin, weil er von Anfang an bodenständig war und die Einfachheit lebte.  ",bodenständig,1.58,12.0,12.5,12.5,suboptimal,nonamb,False,,True,misstrauisch war -> ängstlich war,True,schon immer -> schon von jeher,True,Regularien verachtete -> die Kollegen mied
29,original,5,32,fürchtete,NP2-Causality,Christian,fürchtete,"Nicole,",weil,sie,schon von jeher,reizbar war,und,die Kollegen,einschüchterte,"Christian fürchtete Nicole, weil sie schon von jeher reizbar war und die Kollegen einschüchterte.",ok_prefix_keep_particle_or_punctuation,Christian,Susanne,David,Nicole,NP2,,,feared,ExpStim,6.0,106.0,-2.09,-85,NP2,fürchtete,fürchtete,2.98,9.0,,"Der Landwirt fürchtete die Politikerin, weil sie von Anfang an opportunistisch war und die Lage nutzte.",opportunistisch,1.21,15.0,12.5,12.5,suboptimal,nonamb,False,,True,opportunistisch war -> reizbar war,True,schon immer -> schon von jeher,True,die Lage ausnutzte -> die Kollegen einschüchterte
29,both_male,6,32,fürchtete,NP2-Causality,Christian,fürchtete,"David,",weil,er,schon von jeher,reizbar war,und,die Kollegen,einschüchterte,"Christian fürchtete David, weil er schon von jeher reizbar war und die Kollegen einschüchterte.",ok_prefix_keep_particle_or_punctuation,Christian,Susanne,David,Nicole,NP2,,,feared,ExpStim,6.0,106.0,-2.09,-85,NP2,fürchtete,fürchtete,2.98,9.0,,"Der Landwirt fürchtete die Politikerin, weil sie von Anfang an opportunistisch war und die Lage nutzte.",opportunistisch,1.21,15.0,12.5,12.5,suboptimal,nonamb,False,,True,opportunistisch war -> reizbar war,True,schon immer -> schon von jeher,True,die Lage ausnutzte -> die Kollegen einschüchterte
29,both_female,7,32,fürchtete,NP2-Causality,Susanne,fürchtete,"Nicole,",weil,sie,schon von jeher,reizbar war,und,die Kollegen,einschüchterte,"Susanne fürchtete Nicole, weil sie schon von jeher reizbar war und die Kollegen einschüchterte.",ok_prefix_keep_particle_or_punctuation,Christian,Susanne,David,Nicole,NP2,,,feared,ExpStim,6.0,106.0,-2.09,-85,NP2,fürchtete,fürchtete,2.98,9.0,,"Der Landwirt fürchtete die Politikerin, weil sie von Anfang an opportunistisch war und die Lage nutzte.",opportunistisch,1.21,15.0,12.5,12.5,suboptimal,nonamb,False,,True,opportunistisch war -> reizbar war,True,schon immer -> schon von jeher,True,die Lage ausnutzte -> die Kollegen einschüchterte
29,swapped,8,32,fürchtete,NP2-Causality,Susanne,fürchtete,"David,",weil,er,schon von jeher,reizbar war,und,die Kollegen,einschüchterte,"Susanne fürchtete David, weil er schon von jeher reizbar war und die Kollegen einschüchterte.",ok_prefix_keep_particle_or_punctuation,Christian,Susanne,David,Nicole,NP2,,,feared,ExpStim,6.0,106.0,-2.09,-85,NP2,fürchtete,fürchtete,2.98,9.0,,"Der Landwirt fürchtete die Politikerin, weil sie von Anfang an opportunistisch war und die Lage nutzte.",opportunistisch,1.21,15.0,12.5,12.5,suboptimal,nonamb,False,,True,opportunistisch war -> reizbar war,True,schon immer -> schon von jeher,True,die Lage ausnutzte -> die Kollegen einschüchterte
126,original,1,33,verzieh,NP1-Causality,Thomas,verzieh,"Birgit,",weil,er,in der Morgendämmerung,geduldig war,und,die Erklärung,akzeptierte,"Thomas verzieh Birgit, weil er in der Morgendämmerung geduldig war und die Erklärung akzeptierte.",ok_prefix_keep_particle_or_punctuation,Thomas,Jana,Wolfgang,Birgit,neutral,,,forgave,AgEvo,7.0,43.0,-0.27,5,neutral,verzieh,verzieh,0.21,7.0,,"Der Vater verzieh der Diebin, weil er in der Morgendämmerung gutmütig war und den Frieden suchte.",gutmütig,1.73,8.0,62.5,62.5,suboptimal,nonamb,False,,True,gutmütig war -> geduldig war,False,,True,Konflikt vermied -> die Erklärung akzeptierte
126,both_male,2,33,verzieh,NP1-Causality,Thomas,verzieh,"Wolfgang,",weil,er,in der Morgendämmerung,geduldig war,und,die Erklärung,akzeptierte,"Thomas verzieh Wolfgang, weil er in der Morgendämmerung geduldig war und die Erklärung akzeptierte.",ok_prefix_keep_particle_or_punctuation,Thomas,Jana,Wolfgang,Birgit,neutral,,,forgave,AgEvo,7.0,43.0,-0.27,5,neutral,verzieh,verzieh,0.21,7.0,,"Der Vater verzieh der Diebin, weil er in der Morgendämmerung gutmütig war und den Frieden suchte.",gutmütig,1.73,8.0,62.5,62.5,suboptimal,nonamb,False,,True,gutmütig war -> geduldig war,False,,True,Konflikt vermied -> die Erklärung akzeptierte
126,both_female,3,33,verzieh,NP1-Causality,Jana,verzieh,"Birgit,",weil,sie,in der Morgendämmerung,geduldig war,und,die Erklärung,akzeptierte,"Jana verzieh Birgit, weil sie in der Morgendämmerung geduldig war und die Erklärung akzeptierte.",ok_prefix_keep_particle_or_punctuation,Thomas,Jana,Wolfgang,Birgit,neutral,,,forgave,AgEvo,7.0,43.0,-0.27,5,neutral,verzieh,verzieh,0.21,7.0,,"Der Vater verzieh der Diebin, weil er in der Morgendämmerung gutmütig war und den Frieden suchte.",gutmütig,1.73,8.0,62.5,62.5,suboptimal,nonamb,False,,True,gutmütig war -> geduldig war,False,,True,Konflikt vermied -> die Erklärung akzeptierte
126,swapped,4,33,verzieh,NP1-Causality,Jana,verzieh,"Wolfgang,",weil,sie,in der Morgendämmerung,geduldig war,und,die Erklärung,akzeptierte,"Jana verzieh Wolfgang, weil sie in der Morgendämmerung geduldig war und die Erklärung akzeptierte.",ok_prefix_keep_particle_or_punctuation,Thomas,Jana,Wolfgang,Birgit,neutral,,,forgave,AgEvo,7.0,43.0,-0.27,5,neutral,verzieh,verzieh,0.21,7.0,,"Der Vater verzieh der Diebin, weil er in der Morgendämmerung gutmütig war und den Frieden suchte.",gutmütig,1.73,8.0,62.5,62.5,suboptimal,nonamb,False,,True,gutmütig war -> geduldig war,False,,True,Konflikt vermied -> die Erklärung akzeptierte
127,original,5,33,verzieh,NP2-Causality,Thomas,verzieh,"Birgit,",weil,sie,in der Morgendämmerung,reuig war,und,die Schuld,eingestand,"Thomas verzieh Birgit, weil sie in der Morgendämmerung reuig war und die Schuld eingestand.",ok_prefix_keep_particle_or_punctuation,Thomas,Jana,Wolfgang,Birgit,neutral,,,forgave,AgEvo,7.0,43.0,-0.27,5,neutral,verzieh,verzieh,0.21,7.0,,"Der Vater verzieh der Diebin, weil sie in der Morgendämmerung schuldbewusst war und die Entschuldigung äußerte.",schuldbewusst,0.12,13.0,62.5,62.5,suboptimal,nonamb,False,,True,schuldbewusst war -> reuig war,False,,True,Reue zeigte -> die Schuld eingestand
127,both_male,6,33,verzieh,NP2-Causality,Thomas,verzieh,"Wolfgang,",weil,er,in der Morgendämmerung,reuig war,und,die Schuld,eingestand,"Thomas verzieh Wolfgang, weil er in der Morgendämmerung reuig war und die Schuld eingestand.",ok_prefix_keep_particle_or_punctuation,Thomas,Jana,Wolfgang,Birgit,neutral,,,forgave,AgEvo,7.0,43.0,-0.27,5,neutral,verzieh,verzieh,0.21,7.0,,"Der Vater verzieh der Diebin, weil sie in der Morgendämmerung schuldbewusst war und die Entschuldigung äußerte.",schuldbewusst,0.12,13.0,62.5,62.5,suboptimal,nonamb,False,,True,schuldbewusst war -> reuig war,False,,True,Reue zeigte -> die Schuld eingestand
127,both_female,7,33,verzieh,NP2-Causality,Jana,verzieh,"Birgit,",weil,sie,in der Morgendämmerung,reuig war,und,die Schuld,eingestand,"Jana verzieh Birgit, weil sie in der Morgendämmerung reuig war und die Schuld eingestand.",ok_prefix_keep_particle_or_punctuation,Thomas,Jana,Wolfgang,Birgit,neutral,,,forgave,AgEvo,7.0,43.0,-0.27,5,neutral,verzieh,verzieh,0.21,7.0,,"Der Vater verzieh der Diebin, weil sie in der Morgendämmerung schuldbewusst war und die Entschuldigung äußerte.",schuldbewusst,0.12,13.0,62.5,62.5,suboptimal,nonamb,False,,True,schuldbewusst war -> reuig war,False,,True,Reue zeigte -> die Schuld eingestand
127,swapped,8,33,verzieh,NP2-Causality,Jana,verzieh,"Wolfgang,",weil,er,in der Morgendämmerung,reuig war,und,die Schuld,eingestand,"Jana verzieh Wolfgang, weil er in der Morgendämmerung reuig war und die Schuld eingestand.",ok_prefix_keep_particle_or_punctuation,Thomas,Jana,Wolfgang,Birgit,neutral,,,forgave,AgEvo,7.0,43.0,-0.27,5,neutral,verzieh,verzieh,0.21,7.0,,"Der Vater verzieh der Diebin, weil sie in der Morgendämmerung schuldbewusst war und die Entschuldigung äußerte.",schuldbewusst,0.12,13.0,62.5,62.5,suboptimal,nonamb,False,,True,schuldbewusst war -> reuig war,False,,True,Reue zeigte -> die Schuld eingestand
92,original,1,34,grüßte,NP1-Causality,Frank,grüßte,"Anna,",weil,er,schon seit jeher,höflich war,und,die Tür,aufhielt,"Frank grüßte Anna, weil er schon seit jeher höflich war und die Tür aufhielt.",ok_prefix_keep_particle_or_punctuation,Frank,Petra,Uwe,Anna,neutral,,,greeted,AgP,7.0,68.0,1.27,-8,neutral,grüßte,grüßte,0.76,7.0,,"Der Dörfler grüßte die Bürgermeisterin, weil er von Anfang an wohlerzogen war und die Etikette wahrte.",wohlerzogen,0.27,11.0,68.75,68.75,suboptimal,nonamb,False,,True,wohlerzogen war -> höflich war,True,seit jeher -> schon seit jeher,True,Umgangsregeln achtete -> die Tür aufhielt
92,both_male,2,34,grüßte,NP1-Causality,Frank,grüßte,"Uwe,",weil,er,schon seit jeher,höflich war,und,die Tür,aufhielt,"Frank grüßte Uwe, weil er schon seit jeher höflich war und die Tür aufhielt.",ok_prefix_keep_particle_or_punctuation,Frank,Petra,Uwe,Anna,neutral,,,greeted,AgP,7.0,68.0,1.27,-8,neutral,grüßte,grüßte,0.76,7.0,,"Der Dörfler grüßte die Bürgermeisterin, weil er von Anfang an wohlerzogen war und die Etikette wahrte.",wohlerzogen,0.27,11.0,68.75,68.75,suboptimal,nonamb,False,,True,wohlerzogen war -> höflich war,True,seit jeher -> schon seit jeher,True,Umgangsregeln achtete -> die Tür aufhielt
92,both_female,3,34,grüßte,NP1-Causality,Petra,grüßte,"Anna,",weil,sie,schon seit jeher,höflich war,und,die Tür,aufhielt,"Petra grüßte Anna, weil sie schon seit jeher höflich war und die Tür aufhielt.",ok_prefix_keep_particle_or_punctuation,Frank,Petra,Uwe,Anna,neutral,,,greeted,AgP,7.0,68.0,1.27,-8,neutral,grüßte,grüßte,0.76,7.0,,"Der Dörfler grüßte die Bürgermeisterin, weil er von Anfang an wohlerzogen war und die Etikette wahrte.",wohlerzogen,0.27,11.0,68.75,68.75,suboptimal,nonamb,False,,True,wohlerzogen war -> höflich war,True,seit jeher -> schon seit jeher,True,Umgangsregeln achtete -> die Tür aufhielt
92,swapped,4,34,grüßte,NP1-Causality,Petra,grüßte,"Uwe,",weil,sie,schon seit jeher,höflich war,und,die Tür,aufhielt,"Petra grüßte Uwe, weil sie schon seit jeher höflich war und die Tür aufhielt.",ok_prefix_keep_particle_or_punctuation,Frank,Petra,Uwe,Anna,neutral,,,greeted,AgP,7.0,68.0,1.27,-8,neutral,grüßte,grüßte,0.76,7.0,,"Der Dörfler grüßte die Bürgermeisterin, weil er von Anfang an wohlerzogen war und die Etikette wahrte.",wohlerzogen,0.27,11.0,68.75,68.75,suboptimal,nonamb,False,,True,wohlerzogen war -> höflich war,True,seit jeher -> schon seit jeher,True,Umgangsregeln achtete -> die Tür aufhielt
93,original,5,34,grüßte,NP2-Causality,Frank,grüßte,"Anna,",weil,sie,schon seit jeher,bekannt war,und,das Geschäft,führte,"Frank grüßte Anna, weil sie schon seit jeher bekannt war und das Geschäft führte.",ok_prefix_keep_particle_or_punctuation,Frank,Petra,Uwe,Anna,neutral,,,greeted,AgP,7.0,68.0,1.27,-8,neutral,grüßte,grüßte,0.76,7.0,,"Der Dörfler grüßte die Bürgermeisterin, weil sie von Anfang an vorrangig war und den Status genoss.",vorrangig,18.77,9.0,68.75,68.75,suboptimal,nonamb,False,,True,angesehen war -> bekannt war,True,seit jeher -> schon seit jeher,True,Autorität verkörperte -> das Geschäft führte
93,both_male,6,34,grüßte,NP2-Causality,Frank,grüßte,"Uwe,",weil,er,schon seit jeher,bekannt war,und,das Geschäft,führte,"Frank grüßte Uwe, weil er schon seit jeher bekannt war und das Geschäft führte.",ok_prefix_keep_particle_or_punctuation,Frank,Petra,Uwe,Anna,neutral,,,greeted,AgP,7.0,68.0,1.27,-8,neutral,grüßte,grüßte,0.76,7.0,,"Der Dörfler grüßte die Bürgermeisterin, weil sie von Anfang an vorrangig war und den Status genoss.",vorrangig,18.77,9.0,68.75,68.75,suboptimal,nonamb,False,,True,angesehen war -> bekannt war,True,seit jeher -> schon seit jeher,True,Autorität verkörperte -> das Geschäft führte
93,both_female,7,34,grüßte,NP2-Causality,Petra,grüßte,"Anna,",weil,sie,schon seit jeher,bekannt war,und,das Geschäft,führte,"Petra grüßte Anna, weil sie schon seit jeher bekannt war und das Geschäft führte.",ok_prefix_keep_particle_or_punctuation,Frank,Petra,Uwe,Anna,neutral,,,greeted,AgP,7.0,68.0,1.27,-8,neutral,grüßte,grüßte,0.76,7.0,,"Der Dörfler grüßte die Bürgermeisterin, weil sie von Anfang an vorrangig war und den Status genoss.",vorrangig,18.77,9.0,68.75,68.75,suboptimal,nonamb,False,,True,angesehen war -> bekannt war,True,seit jeher -> schon seit jeher,True,Autorität verkörperte -> das Geschäft führte
93,swapped,8,34,grüßte,NP2-Causality,Petra,grüßte,"Uwe,",weil,er,schon seit jeher,bekannt war,und,das Geschäft,führte,"Petra grüßte Uwe, weil er schon seit jeher bekannt war und das Geschäft führte.",ok_prefix_keep_particle_or_punctuation,Frank,Petra,Uwe,Anna,neutral,,,greeted,AgP,7.0,68.0,1.27,-8,neutral,grüßte,grüßte,0.76,7.0,,"Der Dörfler grüßte die Bürgermeisterin, weil sie von Anfang an vorrangig war und den Status genoss.",vorrangig,18.77,9.0,68.75,68.75,suboptimal,nonamb,False,,True,angesehen war -> bekannt war,True,seit jeher -> schon seit jeher,True,Autorität verkörperte -> das Geschäft führte
98,original,1,35,berührte,NP1-Causality,Daniel,berührte,"Julia,",weil,er,an dem Ort,fachkundig war,und,die Untersuchung,durchführte,"Daniel berührte Julia, weil er an dem Ort fachkundig war und die Untersuchung durchführte.",ok_prefix_keep_particle_or_punctuation,Daniel,Nina,Philipp,Julia,neutral,,,grabbed,AgP,7.0,160.0,-1.45,-5,neutral,schnappte sich,schnappte,1.22,9.0,,"Der Dieb schnappte sich die Rivalin, weil er von Anfang an clever war und den Plan umsetzte.",gerissen,7.39,8.0,81.25,81.25,optimal,nonamb,True,schnappte sich -> berührte (Eng: grabbed),True,clever war -> fachkundig war,False,,True,den Plan umsetzte -> die Untersuchung durchführte
98,both_male,2,35,berührte,NP1-Causality,Daniel,berührte,"Philipp,",weil,er,an dem Ort,fachkundig war,und,die Untersuchung,durchführte,"Daniel berührte Philipp, weil er an dem Ort fachkundig war und die Untersuchung durchführte.",ok_prefix_keep_particle_or_punctuation,Daniel,Nina,Philipp,Julia,neutral,,,grabbed,AgP,7.0,160.0,-1.45,-5,neutral,schnappte sich,schnappte,1.22,9.0,,"Der Dieb schnappte sich die Rivalin, weil er von Anfang an clever war und den Plan umsetzte.",gerissen,7.39,8.0,81.25,81.25,optimal,nonamb,True,schnappte sich -> berührte (Eng: grabbed),True,clever war -> fachkundig war,False,,True,den Plan umsetzte -> die Untersuchung durchführte
98,both_female,3,35,berührte,NP1-Causality,Nina,berührte,"Julia,",weil,sie,an dem Ort,fachkundig war,und,die Untersuchung,durchführte,"Nina berührte Julia, weil sie an dem Ort fachkundig war und die Untersuchung durchführte.",ok_prefix_keep_particle_or_punctuation,Daniel,Nina,Philipp,Julia,neutral,,,grabbed,AgP,7.0,160.0,-1.45,-5,neutral,schnappte sich,schnappte,1.22,9.0,,"Der Dieb schnappte sich die Rivalin, weil er von Anfang an clever war und den Plan umsetzte.",gerissen,7.39,8.0,81.25,81.25,optimal,nonamb,True,schnappte sich -> berührte (Eng: grabbed),True,clever war -> fachkundig war,False,,True,den Plan umsetzte -> die Untersuchung durchführte
98,swapped,4,35,berührte,NP1-Causality,Nina,berührte,"Philipp,",weil,sie,an dem Ort,fachkundig war,und,die Untersuchung,durchführte,"Nina berührte Philipp, weil sie an dem Ort fachkundig war und die Untersuchung durchführte.",ok_prefix_keep_particle_or_punctuation,Daniel,Nina,Philipp,Julia,neutral,,,grabbed,AgP,7.0,160.0,-1.45,-5,neutral,schnappte sich,schnappte,1.22,9.0,,"Der Dieb schnappte sich die Rivalin, weil er von Anfang an clever war und den Plan umsetzte.",gerissen,7.39,8.0,81.25,81.25,optimal,nonamb,True,schnappte sich -> berührte (Eng: grabbed),True,clever war -> fachkundig war,False,,True,den Plan umsetzte -> die Untersuchung durchführte
99,original,5,35,berührte,NP2-Causality,Daniel,berührte,"Julia,",weil,sie,an dem Ort,betroffen war,und,eine Untersuchung,wünschte,"Daniel berührte Julia, weil sie an dem Ort betroffen war und eine Untersuchung wünschte.",ok_prefix_keep_particle_or_punctuation,Daniel,Nina,Philipp,Julia,neutral,,,grabbed,AgP,7.0,160.0,-1.45,-5,neutral,schnappte sich,schnappte,1.22,9.0,,"Der Dieb schnappte sich die Rivalin, weil sie von Anfang an unaufmerksam war und den Fehler machte.",wunderschön,23.36,11.0,81.25,81.25,optimal,nonamb,True,schnappte sich -> berührte (Eng: grabbed),True,unaufmerksam war -> betroffen war,False,,True,Fehler machte -> eine Untersuchung wünschte
99,both_male,6,35,berührte,NP2-Causality,Daniel,berührte,"Philipp,",weil,er,an dem Ort,betroffen war,und,eine Untersuchung,wünschte,"Daniel berührte Philipp, weil er an dem Ort betroffen war und eine Untersuchung wünschte.",ok_prefix_keep_particle_or_punctuation,Daniel,Nina,Philipp,Julia,neutral,,,grabbed,AgP,7.0,160.0,-1.45,-5,neutral,schnappte sich,schnappte,1.22,9.0,,"Der Dieb schnappte sich die Rivalin, weil sie von Anfang an unaufmerksam war und den Fehler machte.",wunderschön,23.36,11.0,81.25,81.25,optimal,nonamb,True,schnappte sich -> berührte (Eng: grabbed),True,unaufmerksam war -> betroffen war,False,,True,Fehler machte -> eine Untersuchung wünschte
99,both_female,7,35,berührte,NP2-Causality,Nina,berührte,"Julia,",weil,sie,an dem Ort,betroffen war,und,eine Untersuchung,wünschte,"Nina berührte Julia, weil sie an dem Ort betroffen war und eine Untersuchung wünschte.",ok_prefix_keep_particle_or_punctuation,Daniel,Nina,Philipp,Julia,neutral,,,grabbed,AgP,7.0,160.0,-1.45,-5,neutral,schnappte sich,schnappte,1.22,9.0,,"Der Dieb schnappte sich die Rivalin, weil sie von Anfang an unaufmerksam war und den Fehler machte.",wunderschön,23.36,11.0,81.25,81.25,optimal,nonamb,True,schnappte sich -> berührte (Eng: grabbed),True,unaufmerksam war -> betroffen war,False,,True,Fehler machte -> eine Untersuchung wünschte
99,swapped,8,35,berührte,NP2-Causality,Nina,berührte,"Philipp,",weil,er,an dem Ort,betroffen war,und,eine Untersuchung,wünschte,"Nina berührte Philipp, weil er an dem Ort betroffen war und eine Untersuchung wünschte.",ok_prefix_keep_particle_or_punctuation,Daniel,Nina,Philipp,Julia,neutral,,,grabbed,AgP,7.0,160.0,-1.45,-5,neutral,schnappte sich,schnappte,1.22,9.0,,"Der Dieb schnappte sich die Rivalin, weil sie von Anfang an unaufmerksam war und den Fehler machte.",wunderschön,23.36,11.0,81.25,81.25,optimal,nonamb,True,schnappte sich -> berührte (Eng: grabbed),True,unaufmerksam war -> betroffen war,False,,True,Fehler machte -> eine Untersuchung wünschte
76,original,1,36,schlug,NP1-Causality,Matthias,schlug,"Katharina,",weil,er,zu dem Zeitpunkt,wütend war,und,die Kontrolle,verlor,"Matthias schlug Katharina, weil er zu dem Zeitpunkt wütend war und die Kontrolle verlor.",ok_prefix_keep_particle_or_punctuation,Matthias,Monika,Alexander,Katharina,neutral,,,hit,AgP,3.0,164.0,-1.82,-14,neutral,schlug,schlug,21.29,6.0,,"Der Mieter schlug die Einbrecherin, weil er in diesem Moment empört war und die Gelegenheit nutzte.",empört,5.68,6.0,62.5,62.5,suboptimal,nonamb,False,,True,erbost war -> wütend war,False,,True,Hass empfand -> die Kontrolle verlor
76,both_male,2,36,schlug,NP1-Causality,Matthias,schlug,"Alexander,",weil,er,zu dem Zeitpunkt,wütend war,und,die Kontrolle,verlor,"Matthias schlug Alexander, weil er zu dem Zeitpunkt wütend war und die Kontrolle verlor.",ok_prefix_keep_particle_or_punctuation,Matthias,Monika,Alexander,Katharina,neutral,,,hit,AgP,3.0,164.0,-1.82,-14,neutral,schlug,schlug,21.29,6.0,,"Der Mieter schlug die Einbrecherin, weil er in diesem Moment empört war und die Gelegenheit nutzte.",empört,5.68,6.0,62.5,62.5,suboptimal,nonamb,False,,True,erbost war -> wütend war,False,,True,Hass empfand -> die Kontrolle verlor
76,both_female,3,36,schlug,NP1-Causality,Monika,schlug,"Katharina,",weil,sie,zu dem Zeitpunkt,wütend war,und,die Kontrolle,verlor,"Monika schlug Katharina, weil sie zu dem Zeitpunkt wütend war und die Kontrolle verlor.",ok_prefix_keep_particle_or_punctuation,Matthias,Monika,Alexander,Katharina,neutral,,,hit,AgP,3.0,164.0,-1.82,-14,neutral,schlug,schlug,21.29,6.0,,"Der Mieter schlug die Einbrecherin, weil er in diesem Moment empört war und die Gelegenheit nutzte.",empört,5.68,6.0,62.5,62.5,suboptimal,nonamb,False,,True,erbost war -> wütend war,False,,True,Hass empfand -> die Kontrolle verlor
76,swapped,4,36,schlug,NP1-Causality,Monika,schlug,"Alexander,",weil,sie,zu dem Zeitpunkt,wütend war,und,die Kontrolle,verlor,"Monika schlug Alexander, weil sie zu dem Zeitpunkt wütend war und die Kontrolle verlor.",ok_prefix_keep_particle_or_punctuation,Matthias,Monika,Alexander,Katharina,neutral,,,hit,AgP,3.0,164.0,-1.82,-14,neutral,schlug,schlug,21.29,6.0,,"Der Mieter schlug die Einbrecherin, weil er in diesem Moment empört war und die Gelegenheit nutzte.",empört,5.68,6.0,62.5,62.5,suboptimal,nonamb,False,,True,erbost war -> wütend war,False,,True,Hass empfand -> die Kontrolle verlor
77,original,5,36,schlug,NP2-Causality,Matthias,schlug,"Katharina,",weil,sie,zu dem Zeitpunkt,kampflustig war,und,einen Gegenschlag,wagte,"Matthias schlug Katharina, weil sie zu dem Zeitpunkt kampflustig war und einen Gegenschlag wagte.",ok_prefix_keep_particle_or_punctuation,Matthias,Monika,Alexander,Katharina,neutral,,,hit,AgP,3.0,164.0,-1.82,-14,neutral,schlug,schlug,21.29,6.0,,"Der Mieter schlug die Einbrecherin, weil sie in diesem Moment unaufmerksam war und die Kontrolle verlor. ",unaufmerksam,6.9,8.0,62.5,62.5,suboptimal,nonamb,False,,True,unaufmerksam war -> kampflustig war,False,,True,die Gegenwehr überraschte -> einen Gegenschlag wagte
77,both_male,6,36,schlug,NP2-Causality,Matthias,schlug,"Alexander,",weil,er,zu dem Zeitpunkt,kampflustig war,und,einen Gegenschlag,wagte,"Matthias schlug Alexander, weil er zu dem Zeitpunkt kampflustig war und einen Gegenschlag wagte.",ok_prefix_keep_particle_or_punctuation,Matthias,Monika,Alexander,Katharina,neutral,,,hit,AgP,3.0,164.0,-1.82,-14,neutral,schlug,schlug,21.29,6.0,,"Der Mieter schlug die Einbrecherin, weil sie in diesem Moment unaufmerksam war und die Kontrolle verlor. ",unaufmerksam,6.9,8.0,62.5,62.5,suboptimal,nonamb,False,,True,unaufmerksam war -> kampflustig war,False,,True,die Gegenwehr überraschte -> einen Gegenschlag wagte
77,both_female,7,36,schlug,NP2-Causality,Monika,schlug,"Katharina,",weil,sie,zu dem Zeitpunkt,kampflustig war,und,einen Gegenschlag,wagte,"Monika schlug Katharina, weil sie zu dem Zeitpunkt kampflustig war und einen Gegenschlag wagte.",ok_prefix_keep_particle_or_punctuation,Matthias,Monika,Alexander,Katharina,neutral,,,hit,AgP,3.0,164.0,-1.82,-14,neutral,schlug,schlug,21.29,6.0,,"Der Mieter schlug die Einbrecherin, weil sie in diesem Moment unaufmerksam war und die Kontrolle verlor. ",unaufmerksam,6.9,8.0,62.5,62.5,suboptimal,nonamb,False,,True,unaufmerksam war -> kampflustig war,False,,True,die Gegenwehr überraschte -> einen Gegenschlag wagte
77,swapped,8,36,schlug,NP2-Causality,Monika,schlug,"Alexander,",weil,er,zu dem Zeitpunkt,kampflustig war,und,einen Gegenschlag,wagte,"Monika schlug Alexander, weil er zu dem Zeitpunkt kampflustig war und einen Gegenschlag wagte.",ok_prefix_keep_particle_or_punctuation,Matthias,Monika,Alexander,Katharina,neutral,,,hit,AgP,3.0,164.0,-1.82,-14,neutral,schlug,schlug,21.29,6.0,,"Der Mieter schlug die Einbrecherin, weil sie in diesem Moment unaufmerksam war und die Kontrolle verlor. ",unaufmerksam,6.9,8.0,62.5,62.5,suboptimal,nonamb,False,,True,unaufmerksam war -> kampflustig war,False,,True,die Gegenwehr überraschte -> einen Gegenschlag wagte
204,original,1,37,frustrierte,NP1-Causality,Philipp,frustrierte,"Daniela,",weil,er,seit einigen Tagen,misstrauisch war,und,die Aussage,anzweifelte,"Philipp frustrierte Daniela, weil er seit einigen Tagen misstrauisch war und die Aussage anzweifelte.",ok_prefix_keep_particle_or_punctuation,Philipp,Maria,Daniel,Daniela,NP1,,,frustrated,StimExp,10.0,0.0,-1.82,79,NP1,frustrierte,frustrierte,0.69,11.0,,"Der Wächter frustrierte die Autodiebin, weil er seit einigen Tagen geschickt war und den Vorsprung hatte.",geschickt,34.46,9.0,87.5,87.5,optimal,nonamb,False,,True,aufmerksam war -> misstrauisch war,False,,True,den Plan vereitelte -> die Aussage anzweifelte
204,both_male,2,37,frustrierte,NP1-Causality,Philipp,frustrierte,"Daniel,",weil,er,seit einigen Tagen,misstrauisch war,und,die Aussage,anzweifelte,"Philipp frustrierte Daniel, weil er seit einigen Tagen misstrauisch war und die Aussage anzweifelte.",ok_prefix_keep_particle_or_punctuation,Philipp,Maria,Daniel,Daniela,NP1,,,frustrated,StimExp,10.0,0.0,-1.82,79,NP1,frustrierte,frustrierte,0.69,11.0,,"Der Wächter frustrierte die Autodiebin, weil er seit einigen Tagen geschickt war und den Vorsprung hatte.",geschickt,34.46,9.0,87.5,87.5,optimal,nonamb,False,,True,aufmerksam war -> misstrauisch war,False,,True,den Plan vereitelte -> die Aussage anzweifelte
204,both_female,3,37,frustrierte,NP1-Causality,Maria,frustrierte,"Daniela,",weil,sie,seit einigen Tagen,misstrauisch war,und,die Aussage,anzweifelte,"Maria frustrierte Daniela, weil sie seit einigen Tagen misstrauisch war und die Aussage anzweifelte.",ok_prefix_keep_particle_or_punctuation,Philipp,Maria,Daniel,Daniela,NP1,,,frustrated,StimExp,10.0,0.0,-1.82,79,NP1,frustrierte,frustrierte,0.69,11.0,,"Der Wächter frustrierte die Autodiebin, weil er seit einigen Tagen geschickt war und den Vorsprung hatte.",geschickt,34.46,9.0,87.5,87.5,optimal,nonamb,False,,True,aufmerksam war -> misstrauisch war,False,,True,den Plan vereitelte -> die Aussage anzweifelte
204,swapped,4,37,frustrierte,NP1-Causality,Maria,frustrierte,"Daniel,",weil,sie,seit einigen Tagen,misstrauisch war,und,die Aussage,anzweifelte,"Maria frustrierte Daniel, weil sie seit einigen Tagen misstrauisch war und die Aussage anzweifelte.",ok_prefix_keep_particle_or_punctuation,Philipp,Maria,Daniel,Daniela,NP1,,,frustrated,StimExp,10.0,0.0,-1.82,79,NP1,frustrierte,frustrierte,0.69,11.0,,"Der Wächter frustrierte die Autodiebin, weil er seit einigen Tagen geschickt war und den Vorsprung hatte.",geschickt,34.46,9.0,87.5,87.5,optimal,nonamb,False,,True,aufmerksam war -> misstrauisch war,False,,True,den Plan vereitelte -> die Aussage anzweifelte
205,original,5,37,frustrierte,NP2-Causality,Philipp,frustrierte,"Daniela,",weil,sie,seit einigen Tagen,überfordert war,und,den Überblick,verlor,"Philipp frustrierte Daniela, weil sie seit einigen Tagen überfordert war und den Überblick verlor.",ok_prefix_keep_particle_or_punctuation,Philipp,Maria,Daniel,Daniela,NP1,,,frustrated,StimExp,10.0,0.0,-1.82,79,NP1,frustrierte,frustrierte,0.69,11.0,,"Der Wächter frustrierte die Autodiebin, weil sie seit einigen Tagen ungeschickt war und die Bewegung verfehlte.",ungeschickt,2.05,11.0,87.5,87.5,optimal,nonamb,False,,True,ungeschickt war -> überfordert war,False,,True,die Tarnung scheiterte -> den Überblick verlor
205,both_male,6,37,frustrierte,NP2-Causality,Philipp,frustrierte,"Daniel,",weil,er,seit einigen Tagen,überfordert war,und,den Überblick,verlor,"Philipp frustrierte Daniel, weil er seit einigen Tagen überfordert war und den Überblick verlor.",ok_prefix_keep_particle_or_punctuation,Philipp,Maria,Daniel,Daniela,NP1,,,frustrated,StimExp,10.0,0.0,-1.82,79,NP1,frustrierte,frustrierte,0.69,11.0,,"Der Wächter frustrierte die Autodiebin, weil sie seit einigen Tagen ungeschickt war und die Bewegung verfehlte.",ungeschickt,2.05,11.0,87.5,87.5,optimal,nonamb,False,,True,ungeschickt war -> überfordert war,False,,True,die Tarnung scheiterte -> den Überblick verlor
205,both_female,7,37,frustrierte,NP2-Causality,Maria,frustrierte,"Daniela,",weil,sie,seit einigen Tagen,überfordert war,und,den Überblick,verlor,"Maria frustrierte Daniela, weil sie seit einigen Tagen überfordert war und den Überblick verlor.",ok_prefix_keep_particle_or_punctuation,Philipp,Maria,Daniel,Daniela,NP1,,,frustrated,StimExp,10.0,0.0,-1.82,79,NP1,frustrierte,frustrierte,0.69,11.0,,"Der Wächter frustrierte die Autodiebin, weil sie seit einigen Tagen ungeschickt war und die Bewegung verfehlte.",ungeschickt,2.05,11.0,87.5,87.5,optimal,nonamb,False,,True,ungeschickt war -> überfordert war,False,,True,die Tarnung scheiterte -> den Überblick verlor
205,swapped,8,37,frustrierte,NP2-Causality,Maria,frustrierte,"Daniel,",weil,er,seit einigen Tagen,überfordert war,und,den Überblick,verlor,"Maria frustrierte Daniel, weil er seit einigen Tagen überfordert war und den Überblick verlor.",ok_prefix_keep_particle_or_punctuation,Philipp,Maria,Daniel,Daniela,NP1,,,frustrated,StimExp,10.0,0.0,-1.82,79,NP1,frustrierte,frustrierte,0.69,11.0,,"Der Wächter frustrierte die Autodiebin, weil sie seit einigen Tagen ungeschickt war und die Bewegung verfehlte.",ungeschickt,2.05,11.0,87.5,87.5,optimal,nonamb,False,,True,ungeschickt war -> überfordert war,False,,True,die Tarnung scheiterte -> den Überblick verlor
200,original,1,38,inspirierte,NP1-Causality,Matthias,inspirierte,"Julia,",weil,er,an dem Abend,kreativ war,und,das Konzept,entwarf,"Matthias inspirierte Julia, weil er an dem Abend kreativ war und das Konzept entwarf.",ok_prefix_keep_particle_or_punctuation,Matthias,Jana,Jürgen,Julia,NP1,,,inspired,StimExp,8.0,6.0,1.45,78,NP1,inspirierte,inspirierte,1.44,11.0,,"Der Eremit inspirierte die Anführerin, weil er schon seit Langem wunderlich war und die Neugier weckte.",wunderlich,4.09,10.0,68.75,68.75,optimal,nonamb,False,,True,mystisch war -> kreativ war,False,,True,Unerwartetes kommunizierte -> das Konzept entwarf
200,both_male,2,38,inspirierte,NP1-Causality,Matthias,inspirierte,"Jürgen,",weil,er,an dem Abend,kreativ war,und,das Konzept,entwarf,"Matthias inspirierte Jürgen, weil er an dem Abend kreativ war und das Konzept entwarf.",ok_prefix_keep_particle_or_punctuation,Matthias,Jana,Jürgen,Julia,NP1,,,inspired,StimExp,8.0,6.0,1.45,78,NP1,inspirierte,inspirierte,1.44,11.0,,"Der Eremit inspirierte die Anführerin, weil er schon seit Langem wunderlich war und die Neugier weckte.",wunderlich,4.09,10.0,68.75,68.75,optimal,nonamb,False,,True,mystisch war -> kreativ war,False,,True,Unerwartetes kommunizierte -> das Konzept entwarf
200,both_female,3,38,inspirierte,NP1-Causality,Jana,inspirierte,"Julia,",weil,sie,an dem Abend,kreativ war,und,das Konzept,entwarf,"Jana inspirierte Julia, weil sie an dem Abend kreativ war und das Konzept entwarf.",ok_prefix_keep_particle_or_punctuation,Matthias,Jana,Jürgen,Julia,NP1,,,inspired,StimExp,8.0,6.0,1.45,78,NP1,inspirierte,inspirierte,1.44,11.0,,"Der Eremit inspirierte die Anführerin, weil er schon seit Langem wunderlich war und die Neugier weckte.",wunderlich,4.09,10.0,68.75,68.75,optimal,nonamb,False,,True,mystisch war -> kreativ war,False,,True,Unerwartetes kommunizierte -> das Konzept entwarf
200,swapped,4,38,inspirierte,NP1-Causality,Jana,inspirierte,"Jürgen,",weil,sie,an dem Abend,kreativ war,und,das Konzept,entwarf,"Jana inspirierte Jürgen, weil sie an dem Abend kreativ war und das Konzept entwarf.",ok_prefix_keep_particle_or_punctuation,Matthias,Jana,Jürgen,Julia,NP1,,,inspired,StimExp,8.0,6.0,1.45,78,NP1,inspirierte,inspirierte,1.44,11.0,,"Der Eremit inspirierte die Anführerin, weil er schon seit Langem wunderlich war und die Neugier weckte.",wunderlich,4.09,10.0,68.75,68.75,optimal,nonamb,False,,True,mystisch war -> kreativ war,False,,True,Unerwartetes kommunizierte -> das Konzept entwarf
201,original,5,38,inspirierte,NP2-Causality,Matthias,inspirierte,"Julia,",weil,sie,an dem Abend,neugierig war,und,das Potenzial,erkannte,"Matthias inspirierte Julia, weil sie an dem Abend neugierig war und das Potenzial erkannte.",ok_prefix_keep_particle_or_punctuation,Matthias,Jana,Jürgen,Julia,NP1,,,inspired,StimExp,8.0,6.0,1.45,78,NP1,inspirierte,inspirierte,1.44,11.0,,"Der Eremit inspirierte die Anführerin, weil sie schon seit Langem beeindruckt war und die Begeisterung teilte. ",beeindruckt,11.92,11.0,68.75,68.75,optimal,nonamb,False,,True,aufmerksam war -> neugierig war,False,,True,die Überlegungen überraschten -> das Potenzial erkannte
201,both_male,6,38,inspirierte,NP2-Causality,Matthias,inspirierte,"Jürgen,",weil,er,an dem Abend,neugierig war,und,das Potenzial,erkannte,"Matthias inspirierte Jürgen, weil er an dem Abend neugierig war und das Potenzial erkannte.",ok_prefix_keep_particle_or_punctuation,Matthias,Jana,Jürgen,Julia,NP1,,,inspired,StimExp,8.0,6.0,1.45,78,NP1,inspirierte,inspirierte,1.44,11.0,,"Der Eremit inspirierte die Anführerin, weil sie schon seit Langem beeindruckt war und die Begeisterung teilte. ",beeindruckt,11.92,11.0,68.75,68.75,optimal,nonamb,False,,True,aufmerksam war -> neugierig war,False,,True,die Überlegungen überraschten -> das Potenzial erkannte
201,both_female,7,38,inspirierte,NP2-Causality,Jana,inspirierte,"Julia,",weil,sie,an dem Abend,neugierig war,und,das Potenzial,erkannte,"Jana inspirierte Julia, weil sie an dem Abend neugierig war und das Potenzial erkannte.",ok_prefix_keep_particle_or_punctuation,Matthias,Jana,Jürgen,Julia,NP1,,,inspired,StimExp,8.0,6.0,1.45,78,NP1,inspirierte,inspirierte,1.44,11.0,,"Der Eremit inspirierte die Anführerin, weil sie schon seit Langem beeindruckt war und die Begeisterung teilte. ",beeindruckt,11.92,11.0,68.75,68.75,optimal,nonamb,False,,True,aufmerksam war -> neugierig war,False,,True,die Überlegungen überraschten -> das Potenzial erkannte
201,swapped,8,38,inspirierte,NP2-Causality,Jana,inspirierte,"Jürgen,",weil,er,an dem Abend,neugierig war,und,das Potenzial,erkannte,"Jana inspirierte Jürgen, weil er an dem Abend neugierig war und das Potenzial erkannte.",ok_prefix_keep_particle_or_punctuation,Matthias,Jana,Jürgen,Julia,NP1,,,inspired,StimExp,8.0,6.0,1.45,78,NP1,inspirierte,inspirierte,1.44,11.0,,"Der Eremit inspirierte die Anführerin, weil sie schon seit Langem beeindruckt war und die Begeisterung teilte. ",beeindruckt,11.92,11.0,68.75,68.75,optimal,nonamb,False,,True,aufmerksam war -> neugierig war,False,,True,die Überlegungen überraschten -> das Potenzial erkannte
184,original,1,39,empörte,NP1-Causality,Frank,empörte,"Eva,",weil,er,am frühen Morgen,verlogen war,und,die Geschichte,erfand,"Frank empörte Eva, weil er am frühen Morgen verlogen war und die Geschichte erfand.",ok_prefix_keep_particle_or_punctuation,Frank,Anna,Hans,Eva,NP1,,,infuriated,StimExp,10.0,1.0,-2.45,75,NP1,erzürnte,wütend machte,0.02,12.0,,"Der Schüler machte die Zauberin wütend, weil er am frühen Morgen ungehorsam war und den Zorn provozierte.",ungehorsam,4.02,10.0,87.5,87.5,optimal,nonamb,True,erzürnte -> empörte (Eng: infuriated),True,renitent war -> verlogen war,False,,True,Ungehorsamkeit zeigte -> die Geschichte erfand
184,both_male,2,39,empörte,NP1-Causality,Frank,empörte,"Hans,",weil,er,am frühen Morgen,verlogen war,und,die Geschichte,erfand,"Frank empörte Hans, weil er am frühen Morgen verlogen war und die Geschichte erfand.",ok_prefix_keep_particle_or_punctuation,Frank,Anna,Hans,Eva,NP1,,,infuriated,StimExp,10.0,1.0,-2.45,75,NP1,erzürnte,wütend machte,0.02,12.0,,"Der Schüler machte die Zauberin wütend, weil er am frühen Morgen ungehorsam war und den Zorn provozierte.",ungehorsam,4.02,10.0,87.5,87.5,optimal,nonamb,True,erzürnte -> empörte (Eng: infuriated),True,renitent war -> verlogen war,False,,True,Ungehorsamkeit zeigte -> die Geschichte erfand
184,both_female,3,39,empörte,NP1-Causality,Anna,empörte,"Eva,",weil,sie,am frühen Morgen,verlogen war,und,die Geschichte,erfand,"Anna empörte Eva, weil sie am frühen Morgen verlogen war und die Geschichte erfand.",ok_prefix_keep_particle_or_punctuation,Frank,Anna,Hans,Eva,NP1,,,infuriated,StimExp,10.0,1.0,-2.45,75,NP1,erzürnte,wütend machte,0.02,12.0,,"Der Schüler machte die Zauberin wütend, weil er am frühen Morgen ungehorsam war und den Zorn provozierte.",ungehorsam,4.02,10.0,87.5,87.5,optimal,nonamb,True,erzürnte -> empörte (Eng: infuriated),True,renitent war -> verlogen war,False,,True,Ungehorsamkeit zeigte -> die Geschichte erfand
184,swapped,4,39,empörte,NP1-Causality,Anna,empörte,"Hans,",weil,sie,am frühen Morgen,verlogen war,und,die Geschichte,erfand,"Anna empörte Hans, weil sie am frühen Morgen verlogen war und die Geschichte erfand.",ok_prefix_keep_particle_or_punctuation,Frank,Anna,Hans,Eva,NP1,,,infuriated,StimExp,10.0,1.0,-2.45,75,NP1,erzürnte,wütend machte,0.02,12.0,,"Der Schüler machte die Zauberin wütend, weil er am frühen Morgen ungehorsam war und den Zorn provozierte.",ungehorsam,4.02,10.0,87.5,87.5,optimal,nonamb,True,erzürnte -> empörte (Eng: infuriated),True,renitent war -> verlogen war,False,,True,Ungehorsamkeit zeigte -> die Geschichte erfand
185,original,5,39,empörte,NP2-Causality,Frank,empörte,"Eva,",weil,sie,am frühen Morgen,genervt war,und,die Geduld,verlor,"Frank empörte Eva, weil sie am frühen Morgen genervt war und die Geduld verlor.",ok_prefix_keep_particle_or_punctuation,Frank,Anna,Hans,Eva,NP1,,,infuriated,StimExp,10.0,1.0,-2.45,75,NP1,erzürnte,wütend machte,0.02,12.0,,"Der Schüler machte die Zauberin wütend, weil sie am frühen Morgen anspruchsvoll war und den Respekt forderte.",anspruchsvoll,15.15,13.0,87.5,87.5,optimal,nonamb,True,erzürnte -> empörte (Eng: infuriated),True,reizbar war -> genervt war,False,,True,Wiederstand wahrnahm -> die Geduld verlor
185,both_male,6,39,empörte,NP2-Causality,Frank,empörte,"Hans,",weil,er,am frühen Morgen,genervt war,und,die Geduld,verlor,"Frank empörte Hans, weil er am frühen Morgen genervt war und die Geduld verlor.",ok_prefix_keep_particle_or_punctuation,Frank,Anna,Hans,Eva,NP1,,,infuriated,StimExp,10.0,1.0,-2.45,75,NP1,erzürnte,wütend machte,0.02,12.0,,"Der Schüler machte die Zauberin wütend, weil sie am frühen Morgen anspruchsvoll war und den Respekt forderte.",anspruchsvoll,15.15,13.0,87.5,87.5,optimal,nonamb,True,erzürnte -> empörte (Eng: infuriated),True,reizbar war -> genervt war,False,,True,Wiederstand wahrnahm -> die Geduld verlor
185,both_female,7,39,empörte,NP2-Causality,Anna,empörte,"Eva,",weil,sie,am frühen Morgen,genervt war,und,die Geduld,verlor,"Anna empörte Eva, weil sie am frühen Morgen genervt war und die Geduld verlor.",ok_prefix_keep_particle_or_punctuation,Frank,Anna,Hans,Eva,NP1,,,infuriated,StimExp,10.0,1.0,-2.45,75,NP1,erzürnte,wütend machte,0.02,12.0,,"Der Schüler machte die Zauberin wütend, weil sie am frühen Morgen anspruchsvoll war und den Respekt forderte.",anspruchsvoll,15.15,13.0,87.5,87.5,optimal,nonamb,True,erzürnte -> empörte (Eng: infuriated),True,reizbar war -> genervt war,False,,True,Wiederstand wahrnahm -> die Geduld verlor
185,swapped,8,39,empörte,NP2-Causality,Anna,empörte,"Hans,",weil,er,am frühen Morgen,genervt war,und,die Geduld,verlor,"Anna empörte Hans, weil er am frühen Morgen genervt war und die Geduld verlor.",ok_prefix_keep_particle_or_punctuation,Frank,Anna,Hans,Eva,NP1,,,infuriated,StimExp,10.0,1.0,-2.45,75,NP1,erzürnte,wütend machte,0.02,12.0,,"Der Schüler machte die Zauberin wütend, weil sie am frühen Morgen anspruchsvoll war und den Respekt forderte.",anspruchsvoll,15.15,13.0,87.5,87.5,optimal,nonamb,True,erzürnte -> empörte (Eng: infuriated),True,reizbar war -> genervt war,False,,True,Wiederstand wahrnahm -> die Geduld verlor
186,original,1,40,interessierte,NP1-Causality,Paul,interessierte,"Claudia,",weil,er,seit kurzer Zeit,aufmerksam war,und,jedes Detail,bemerkte,"Paul interessierte Claudia, weil er seit kurzer Zeit aufmerksam war und jedes Detail bemerkte.",ok_prefix_keep_particle_or_punctuation,Paul,Birgit,Martin,Claudia,NP1,,,intrigued,StimExp,9.0,17.0,1.45,76,NP1,intrigierte,aufhetzte,0.02,9.0,,"Der Fürsprecher hetzte die Lehrerin auf, weil er seit kurzer Zeit populistisch war und die Stimmung schürte.",populistisch,0.63,12.0,81.25,81.25,optimal,nonamb,True,intrigierte -> interessierte (Eng: intrigued),True,populistisch war -> aufmerksam war,False,,True,Stimmungen schürte -> jedes Detail bemerkte
186,both_male,2,40,interessierte,NP1-Causality,Paul,interessierte,"Martin,",weil,er,seit kurzer Zeit,aufmerksam war,und,jedes Detail,bemerkte,"Paul interessierte Martin, weil er seit kurzer Zeit aufmerksam war und jedes Detail bemerkte.",ok_prefix_keep_particle_or_punctuation,Paul,Birgit,Martin,Claudia,NP1,,,intrigued,StimExp,9.0,17.0,1.45,76,NP1,intrigierte,aufhetzte,0.02,9.0,,"Der Fürsprecher hetzte die Lehrerin auf, weil er seit kurzer Zeit populistisch war und die Stimmung schürte.",populistisch,0.63,12.0,81.25,81.25,optimal,nonamb,True,intrigierte -> interessierte (Eng: intrigued),True,populistisch war -> aufmerksam war,False,,True,Stimmungen schürte -> jedes Detail bemerkte
186,both_female,3,40,interessierte,NP1-Causality,Birgit,interessierte,"Claudia,",weil,sie,seit kurzer Zeit,aufmerksam war,und,jedes Detail,bemerkte,"Birgit interessierte Claudia, weil sie seit kurzer Zeit aufmerksam war und jedes Detail bemerkte.",ok_prefix_keep_particle_or_punctuation,Paul,Birgit,Martin,Claudia,NP1,,,intrigued,StimExp,9.0,17.0,1.45,76,NP1,intrigierte,aufhetzte,0.02,9.0,,"Der Fürsprecher hetzte die Lehrerin auf, weil er seit kurzer Zeit populistisch war und die Stimmung schürte.",populistisch,0.63,12.0,81.25,81.25,optimal,nonamb,True,intrigierte -> interessierte (Eng: intrigued),True,populistisch war -> aufmerksam war,False,,True,Stimmungen schürte -> jedes Detail bemerkte
186,swapped,4,40,interessierte,NP1-Causality,Birgit,interessierte,"Martin,",weil,sie,seit kurzer Zeit,aufmerksam war,und,jedes Detail,bemerkte,"Birgit interessierte Martin, weil sie seit kurzer Zeit aufmerksam war und jedes Detail bemerkte.",ok_prefix_keep_particle_or_punctuation,Paul,Birgit,Martin,Claudia,NP1,,,intrigued,StimExp,9.0,17.0,1.45,76,NP1,intrigierte,aufhetzte,0.02,9.0,,"Der Fürsprecher hetzte die Lehrerin auf, weil er seit kurzer Zeit populistisch war und die Stimmung schürte.",populistisch,0.63,12.0,81.25,81.25,optimal,nonamb,True,intrigierte -> interessierte (Eng: intrigued),True,populistisch war -> aufmerksam war,False,,True,Stimmungen schürte -> jedes Detail bemerkte
187,original,5,40,interessierte,NP2-Causality,Paul,interessierte,"Claudia,",weil,sie,seit kurzer Zeit,ungewöhnlich war,und,eine besondere Ausstrahlung,hatte,"Paul interessierte Claudia, weil sie seit kurzer Zeit ungewöhnlich war und eine besondere Ausstrahlung hatte.",ok_prefix_keep_particle_or_punctuation,Paul,Birgit,Martin,Claudia,NP1,,,intrigued,StimExp,9.0,17.0,1.45,76,NP1,intrigierte,aufhetzte,0.02,9.0,,"Der Fürsprecher hetzte die Lehrerin auf, weil sie seit kurzer Zeit beeinflussbar war und das Wort folgte.",beeinflussbar,0.57,13.0,81.25,81.25,optimal,nonamb,True,intrigierte -> interessierte (Eng: intrigued),True,beeinflussbar war -> ungewöhnlich war,False,,True,Alternativen suchte -> eine besondere Ausstrahlung hatte
187,both_male,6,40,interessierte,NP2-Causality,Paul,interessierte,"Martin,",weil,er,seit kurzer Zeit,ungewöhnlich war,und,eine besondere Ausstrahlung,hatte,"Paul interessierte Martin, weil er seit kurzer Zeit ungewöhnlich war und eine besondere Ausstrahlung hatte.",ok_prefix_keep_particle_or_punctuation,Paul,Birgit,Martin,Claudia,NP1,,,intrigued,StimExp,9.0,17.0,1.45,76,NP1,intrigierte,aufhetzte,0.02,9.0,,"Der Fürsprecher hetzte die Lehrerin auf, weil sie seit kurzer Zeit beeinflussbar war und das Wort folgte.",beeinflussbar,0.57,13.0,81.25,81.25,optimal,nonamb,True,intrigierte -> interessierte (Eng: intrigued),True,beeinflussbar war -> ungewöhnlich war,False,,True,Alternativen suchte -> eine besondere Ausstrahlung hatte
187,both_female,7,40,interessierte,NP2-Causality,Birgit,interessierte,"Claudia,",weil,sie,seit kurzer Zeit,ungewöhnlich war,und,eine besondere Ausstrahlung,hatte,"Birgit interessierte Claudia, weil sie seit kurzer Zeit ungewöhnlich war und eine besondere Ausstrahlung hatte.",ok_prefix_keep_particle_or_punctuation,Paul,Birgit,Martin,Claudia,NP1,,,intrigued,StimExp,9.0,17.0,1.45,76,NP1,intrigierte,aufhetzte,0.02,9.0,,"Der Fürsprecher hetzte die Lehrerin auf, weil sie seit kurzer Zeit beeinflussbar war und das Wort folgte.",beeinflussbar,0.57,13.0,81.25,81.25,optimal,nonamb,True,intrigierte -> interessierte (Eng: intrigued),True,beeinflussbar war -> ungewöhnlich war,False,,True,Alternativen suchte -> eine besondere Ausstrahlung hatte
187,swapped,8,40,interessierte,NP2-Causality,Birgit,interessierte,"Martin,",weil,er,seit kurzer Zeit,ungewöhnlich war,und,eine besondere Ausstrahlung,hatte,"Birgit interessierte Martin, weil er seit kurzer Zeit ungewöhnlich war und eine besondere Ausstrahlung hatte.",ok_prefix_keep_particle_or_punctuation,Paul,Birgit,Martin,Claudia,NP1,,,intrigued,StimExp,9.0,17.0,1.45,76,NP1,intrigierte,aufhetzte,0.02,9.0,,"Der Fürsprecher hetzte die Lehrerin auf, weil sie seit kurzer Zeit beeinflussbar war und das Wort folgte.",beeinflussbar,0.57,13.0,81.25,81.25,optimal,nonamb,True,intrigierte -> interessierte (Eng: intrigued),True,beeinflussbar war -> ungewöhnlich war,False,,True,Alternativen suchte -> eine besondere Ausstrahlung hatte
18,original,1,41,mochte,NP1-Causality,Sebastian,mochte,"Susanne,",weil,er,schon seit Langem,abenteuerlustig war,und,den Nervenkitzel,genoss,"Sebastian mochte Susanne, weil er schon seit Langem abenteuerlustig war und den Nervenkitzel genoss.",ok_prefix_keep_particle_or_punctuation,Sebastian,Linda,Andreas,Susanne,NP2,,,liked,ExpStim,5.0,0.0,1.73,-91,NP2,mochte,mochte,5.94,6.0,,"Der Kaiser mochte die Gladiatorin, weil er schon seit Langem schaulustig war und die Gefahr meisterte.",mutig,13.77,5.0,18.75,18.75,suboptimal,nonamb,False,,True,schaulustig war -> abenteuerlustig war,False,,False,
18,both_male,2,41,mochte,NP1-Causality,Sebastian,mochte,"Andreas,",weil,er,schon seit Langem,abenteuerlustig war,und,den Nervenkitzel,genoss,"Sebastian mochte Andreas, weil er schon seit Langem abenteuerlustig war und den Nervenkitzel genoss.",ok_prefix_keep_particle_or_punctuation,Sebastian,Linda,Andreas,Susanne,NP2,,,liked,ExpStim,5.0,0.0,1.73,-91,NP2,mochte,mochte,5.94,6.0,,"Der Kaiser mochte die Gladiatorin, weil er schon seit Langem schaulustig war und die Gefahr meisterte.",mutig,13.77,5.0,18.75,18.75,suboptimal,nonamb,False,,True,schaulustig war -> abenteuerlustig war,False,,False,
18,both_female,3,41,mochte,NP1-Causality,Linda,mochte,"Susanne,",weil,sie,schon seit Langem,abenteuerlustig war,und,den Nervenkitzel,genoss,"Linda mochte Susanne, weil sie schon seit Langem abenteuerlustig war und den Nervenkitzel genoss.",ok_prefix_keep_particle_or_punctuation,Sebastian,Linda,Andreas,Susanne,NP2,,,liked,ExpStim,5.0,0.0,1.73,-91,NP2,mochte,mochte,5.94,6.0,,"Der Kaiser mochte die Gladiatorin, weil er schon seit Langem schaulustig war und die Gefahr meisterte.",mutig,13.77,5.0,18.75,18.75,suboptimal,nonamb,False,,True,schaulustig war -> abenteuerlustig war,False,,False,
18,swapped,4,41,mochte,NP1-Causality,Linda,mochte,"Andreas,",weil,sie,schon seit Langem,abenteuerlustig war,und,den Nervenkitzel,genoss,"Linda mochte Andreas, weil sie schon seit Langem abenteuerlustig war und den Nervenkitzel genoss.",ok_prefix_keep_particle_or_punctuation,Sebastian,Linda,Andreas,Susanne,NP2,,,liked,ExpStim,5.0,0.0,1.73,-91,NP2,mochte,mochte,5.94,6.0,,"Der Kaiser mochte die Gladiatorin, weil er schon seit Langem schaulustig war und die Gefahr meisterte.",mutig,13.77,5.0,18.75,18.75,suboptimal,nonamb,False,,True,schaulustig war -> abenteuerlustig war,False,,False,
19,original,5,41,mochte,NP2-Causality,Sebastian,mochte,"Susanne,",weil,sie,schon seit Langem,nett war,und,die passenden Worte,fand,"Sebastian mochte Susanne, weil sie schon seit Langem nett war und die passenden Worte fand.",ok_prefix_keep_particle_or_punctuation,Sebastian,Linda,Andreas,Susanne,NP2,,,liked,ExpStim,5.0,0.0,1.73,-91,NP2,mochte,mochte,5.94,6.0,,"Der Kaiser mochte die Gladiatorin, weil sie schon seit Langem mutig war und den Kampf liebte.",schaulustig,0.07,11.0,18.75,18.75,suboptimal,nonamb,False,,True,mutig war -> nett war,False,,True,Gewandheit zeigte -> die passenden Worte fand
19,both_male,6,41,mochte,NP2-Causality,Sebastian,mochte,"Andreas,",weil,er,schon seit Langem,nett war,und,die passenden Worte,fand,"Sebastian mochte Andreas, weil er schon seit Langem nett war und die passenden Worte fand.",ok_prefix_keep_particle_or_punctuation,Sebastian,Linda,Andreas,Susanne,NP2,,,liked,ExpStim,5.0,0.0,1.73,-91,NP2,mochte,mochte,5.94,6.0,,"Der Kaiser mochte die Gladiatorin, weil sie schon seit Langem mutig war und den Kampf liebte.",schaulustig,0.07,11.0,18.75,18.75,suboptimal,nonamb,False,,True,mutig war -> nett war,False,,True,Gewandheit zeigte -> die passenden Worte fand
19,both_female,7,41,mochte,NP2-Causality,Linda,mochte,"Susanne,",weil,sie,schon seit Langem,nett war,und,die passenden Worte,fand,"Linda mochte Susanne, weil sie schon seit Langem nett war und die passenden Worte fand.",ok_prefix_keep_particle_or_punctuation,Sebastian,Linda,Andreas,Susanne,NP2,,,liked,ExpStim,5.0,0.0,1.73,-91,NP2,mochte,mochte,5.94,6.0,,"Der Kaiser mochte die Gladiatorin, weil sie schon seit Langem mutig war und den Kampf liebte.",schaulustig,0.07,11.0,18.75,18.75,suboptimal,nonamb,False,,True,mutig war -> nett war,False,,True,Gewandheit zeigte -> die passenden Worte fand
19,swapped,8,41,mochte,NP2-Causality,Linda,mochte,"Andreas,",weil,er,schon seit Langem,nett war,und,die passenden Worte,fand,"Linda mochte Andreas, weil er schon seit Langem nett war und die passenden Worte fand.",ok_prefix_keep_particle_or_punctuation,Sebastian,Linda,Andreas,Susanne,NP2,,,liked,ExpStim,5.0,0.0,1.73,-91,NP2,mochte,mochte,5.94,6.0,,"Der Kaiser mochte die Gladiatorin, weil sie schon seit Langem mutig war und den Kampf liebte.",schaulustig,0.07,11.0,18.75,18.75,suboptimal,nonamb,False,,True,mutig war -> nett war,False,,True,Gewandheit zeigte -> die passenden Worte fand
36,original,1,42,liebte,NP1-Causality,Uwe,liebte,"Barbara,",weil,er,von Anfang an,gefühlvoll war,und,die Sorgen,teilte,"Uwe liebte Barbara, weil er von Anfang an gefühlvoll war und die Sorgen teilte.",ok_prefix_keep_particle_or_punctuation,Uwe,Martina,Tobias,Barbara,NP2,,,loved,ExpStim,5.0,284.0,2.45,-80,NP2,liebte,liebte,5.2,6.0,,"Der Großvater liebte die Hündin, weil er von Anfang an senil war und die Hilfe brauchte. ",senil,0.45,5.0,56.25,56.25,suboptimal,nonamb,False,,True,hilfsbedürftig war -> gefühlvoll war,False,,True,die Hilfe benötigte -> die Sorgen teilte
36,both_male,2,42,liebte,NP1-Causality,Uwe,liebte,"Tobias,",weil,er,von Anfang an,gefühlvoll war,und,die Sorgen,teilte,"Uwe liebte Tobias, weil er von Anfang an gefühlvoll war und die Sorgen teilte.",ok_prefix_keep_particle_or_punctuation,Uwe,Martina,Tobias,Barbara,NP2,,,loved,ExpStim,5.0,284.0,2.45,-80,NP2,liebte,liebte,5.2,6.0,,"Der Großvater liebte die Hündin, weil er von Anfang an senil war und die Hilfe brauchte. ",senil,0.45,5.0,56.25,56.25,suboptimal,nonamb,False,,True,hilfsbedürftig war -> gefühlvoll war,False,,True,die Hilfe benötigte -> die Sorgen teilte
36,both_female,3,42,liebte,NP1-Causality,Martina,liebte,"Barbara,",weil,sie,von Anfang an,gefühlvoll war,und,die Sorgen,teilte,"Martina liebte Barbara, weil sie von Anfang an gefühlvoll war und die Sorgen teilte.",ok_prefix_keep_particle_or_punctuation,Uwe,Martina,Tobias,Barbara,NP2,,,loved,ExpStim,5.0,284.0,2.45,-80,NP2,liebte,liebte,5.2,6.0,,"Der Großvater liebte die Hündin, weil er von Anfang an senil war und die Hilfe brauchte. ",senil,0.45,5.0,56.25,56.25,suboptimal,nonamb,False,,True,hilfsbedürftig war -> gefühlvoll war,False,,True,die Hilfe benötigte -> die Sorgen teilte
36,swapped,4,42,liebte,NP1-Causality,Martina,liebte,"Tobias,",weil,sie,von Anfang an,gefühlvoll war,und,die Sorgen,teilte,"Martina liebte Tobias, weil sie von Anfang an gefühlvoll war und die Sorgen teilte.",ok_prefix_keep_particle_or_punctuation,Uwe,Martina,Tobias,Barbara,NP2,,,loved,ExpStim,5.0,284.0,2.45,-80,NP2,liebte,liebte,5.2,6.0,,"Der Großvater liebte die Hündin, weil er von Anfang an senil war und die Hilfe brauchte. ",senil,0.45,5.0,56.25,56.25,suboptimal,nonamb,False,,True,hilfsbedürftig war -> gefühlvoll war,False,,True,die Hilfe benötigte -> die Sorgen teilte
37,original,5,42,liebte,NP2-Causality,Uwe,liebte,"Barbara,",weil,sie,von Anfang an,treu war,und,die Beziehung,pflegte,"Uwe liebte Barbara, weil sie von Anfang an treu war und die Beziehung pflegte.",ok_prefix_keep_particle_or_punctuation,Uwe,Martina,Tobias,Barbara,NP2,,,loved,ExpStim,5.0,284.0,2.45,-80,NP2,liebte,liebte,5.2,6.0,,"Der Großvater liebte die Hündin, weil sie von Anfang an treu war und die Freude brachte.",treu,23.52,4.0,56.25,56.25,suboptimal,nonamb,False,,False,,False,,True,Zuneigung signalisierte -> die Beziehung pflegte
37,both_male,6,42,liebte,NP2-Causality,Uwe,liebte,"Tobias,",weil,er,von Anfang an,treu war,und,die Beziehung,pflegte,"Uwe liebte Tobias, weil er von Anfang an treu war und die Beziehung pflegte.",ok_prefix_keep_particle_or_punctuation,Uwe,Martina,Tobias,Barbara,NP2,,,loved,ExpStim,5.0,284.0,2.45,-80,NP2,liebte,liebte,5.2,6.0,,"Der Großvater liebte die Hündin, weil sie von Anfang an treu war und die Freude brachte.",treu,23.52,4.0,56.25,56.25,suboptimal,nonamb,False,,False,,False,,True,Zuneigung signalisierte -> die Beziehung pflegte
37,both_female,7,42,liebte,NP2-Causality,Martina,liebte,"Barbara,",weil,sie,von Anfang an,treu war,und,die Beziehung,pflegte,"Martina liebte Barbara, weil sie von Anfang an treu war und die Beziehung pflegte.",ok_prefix_keep_particle_or_punctuation,Uwe,Martina,Tobias,Barbara,NP2,,,loved,ExpStim,5.0,284.0,2.45,-80,NP2,liebte,liebte,5.2,6.0,,"Der Großvater liebte die Hündin, weil sie von Anfang an treu war und die Freude brachte.",treu,23.52,4.0,56.25,56.25,suboptimal,nonamb,False,,False,,False,,True,Zuneigung signalisierte -> die Beziehung pflegte
37,swapped,8,42,liebte,NP2-Causality,Martina,liebte,"Tobias,",weil,er,von Anfang an,treu war,und,die Beziehung,pflegte,"Martina liebte Tobias, weil er von Anfang an treu war und die Beziehung pflegte.",ok_prefix_keep_particle_or_punctuation,Uwe,Martina,Tobias,Barbara,NP2,,,loved,ExpStim,5.0,284.0,2.45,-80,NP2,liebte,liebte,5.2,6.0,,"Der Großvater liebte die Hündin, weil sie von Anfang an treu war und die Freude brachte.",treu,23.52,4.0,56.25,56.25,suboptimal,nonamb,False,,False,,False,,True,Zuneigung signalisierte -> die Beziehung pflegte
66,original,1,44,vermisste,NP1-Causality,Johannes,vermisste,"Laura,",weil,er,vor kurzer Zeit,einsam war,und,die Stille,fürchtete,"Johannes vermisste Laura, weil er vor kurzer Zeit einsam war und die Stille fürchtete.",ok_prefix_keep_particle_or_punctuation,Johannes,Sarah,Klaus,Laura,NP2,,,mourned,ExpStim,7.0,10.0,-2.73,-72,NP2,trauerte um,trauerte,0.3,8.0,,"Der Mann trauerte um die Kollegin, weil er schon seit Langem mitfühlend war und die Sorge teilte.",mitfühlend,1.08,10.0,68.75,68.75,optimal,nonamb,True,trauerte um -> vermisste (Eng: mourned),True,einsam wurde -> einsam war,False,,True,die Güte vermisste -> die Stille fürchtete
66,both_male,2,44,vermisste,NP1-Causality,Johannes,vermisste,"Klaus,",weil,er,vor kurzer Zeit,einsam war,und,die Stille,fürchtete,"Johannes vermisste Klaus, weil er vor kurzer Zeit einsam war und die Stille fürchtete.",ok_prefix_keep_particle_or_punctuation,Johannes,Sarah,Klaus,Laura,NP2,,,mourned,ExpStim,7.0,10.0,-2.73,-72,NP2,trauerte um,trauerte,0.3,8.0,,"Der Mann trauerte um die Kollegin, weil er schon seit Langem mitfühlend war und die Sorge teilte.",mitfühlend,1.08,10.0,68.75,68.75,optimal,nonamb,True,trauerte um -> vermisste (Eng: mourned),True,einsam wurde -> einsam war,False,,True,die Güte vermisste -> die Stille fürchtete
66,both_female,3,44,vermisste,NP1-Causality,Sarah,vermisste,"Laura,",weil,sie,vor kurzer Zeit,einsam war,und,die Stille,fürchtete,"Sarah vermisste Laura, weil sie vor kurzer Zeit einsam war und die Stille fürchtete.",ok_prefix_keep_particle_or_punctuation,Johannes,Sarah,Klaus,Laura,NP2,,,mourned,ExpStim,7.0,10.0,-2.73,-72,NP2,trauerte um,trauerte,0.3,8.0,,"Der Mann trauerte um die Kollegin, weil er schon seit Langem mitfühlend war und die Sorge teilte.",mitfühlend,1.08,10.0,68.75,68.75,optimal,nonamb,True,trauerte um -> vermisste (Eng: mourned),True,einsam wurde -> einsam war,False,,True,die Güte vermisste -> die Stille fürchtete
66,swapped,4,44,vermisste,NP1-Causality,Sarah,vermisste,"Klaus,",weil,sie,vor kurzer Zeit,einsam war,und,die Stille,fürchtete,"Sarah vermisste Klaus, weil sie vor kurzer Zeit einsam war und die Stille fürchtete.",ok_prefix_keep_particle_or_punctuation,Johannes,Sarah,Klaus,Laura,NP2,,,mourned,ExpStim,7.0,10.0,-2.73,-72,NP2,trauerte um,trauerte,0.3,8.0,,"Der Mann trauerte um die Kollegin, weil er schon seit Langem mitfühlend war und die Sorge teilte.",mitfühlend,1.08,10.0,68.75,68.75,optimal,nonamb,True,trauerte um -> vermisste (Eng: mourned),True,einsam wurde -> einsam war,False,,True,die Güte vermisste -> die Stille fürchtete
67,original,5,44,vermisste,NP2-Causality,Johannes,vermisste,"Laura,",weil,sie,vor kurzer Zeit,verstorben war,und,eine Lücke,hinterließ,"Johannes vermisste Laura, weil sie vor kurzer Zeit verstorben war und eine Lücke hinterließ.",ok_prefix_keep_particle_or_punctuation,Johannes,Sarah,Klaus,Laura,NP2,,,mourned,ExpStim,7.0,10.0,-2.73,-72,NP2,trauerte um,trauerte,0.3,8.0,,"Der Mann trauerte um die Kollegin, weil sie schon seit Langem verstorben war und die Trauer hervorrief.",verstorben,16.86,10.0,68.75,68.75,optimal,nonamb,True,trauerte um -> vermisste (Eng: mourned),False,,False,,True,ein Engel gewesen war -> eine Lücke hinterließ
67,both_male,6,44,vermisste,NP2-Causality,Johannes,vermisste,"Klaus,",weil,er,vor kurzer Zeit,verstorben war,und,eine Lücke,hinterließ,"Johannes vermisste Klaus, weil er vor kurzer Zeit verstorben war und eine Lücke hinterließ.",ok_prefix_keep_particle_or_punctuation,Johannes,Sarah,Klaus,Laura,NP2,,,mourned,ExpStim,7.0,10.0,-2.73,-72,NP2,trauerte um,trauerte,0.3,8.0,,"Der Mann trauerte um die Kollegin, weil sie schon seit Langem verstorben war und die Trauer hervorrief.",verstorben,16.86,10.0,68.75,68.75,optimal,nonamb,True,trauerte um -> vermisste (Eng: mourned),False,,False,,True,ein Engel gewesen war -> eine Lücke hinterließ
67,both_female,7,44,vermisste,NP2-Causality,Sarah,vermisste,"Laura,",weil,sie,vor kurzer Zeit,verstorben war,und,eine Lücke,hinterließ,"Sarah vermisste Laura, weil sie vor kurzer Zeit verstorben war und eine Lücke hinterließ.",ok_prefix_keep_particle_or_punctuation,Johannes,Sarah,Klaus,Laura,NP2,,,mourned,ExpStim,7.0,10.0,-2.73,-72,NP2,trauerte um,trauerte,0.3,8.0,,"Der Mann trauerte um die Kollegin, weil sie schon seit Langem verstorben war und die Trauer hervorrief.",verstorben,16.86,10.0,68.75,68.75,optimal,nonamb,True,trauerte um -> vermisste (Eng: mourned),False,,False,,True,ein Engel gewesen war -> eine Lücke hinterließ
67,swapped,8,44,vermisste,NP2-Causality,Sarah,vermisste,"Klaus,",weil,er,vor kurzer Zeit,verstorben war,und,eine Lücke,hinterließ,"Sarah vermisste Klaus, weil er vor kurzer Zeit verstorben war und eine Lücke hinterließ.",ok_prefix_keep_particle_or_punctuation,Johannes,Sarah,Klaus,Laura,NP2,,,mourned,ExpStim,7.0,10.0,-2.73,-72,NP2,trauerte um,trauerte,0.3,8.0,,"Der Mann trauerte um die Kollegin, weil sie schon seit Langem verstorben war und die Trauer hervorrief.",verstorben,16.86,10.0,68.75,68.75,optimal,nonamb,True,trauerte um -> vermisste (Eng: mourned),False,,False,,True,ein Engel gewesen war -> eine Lücke hinterließ
102,original,1,45,schüttelte,NP1-Causality,David,schüttelte,"Sabine,",weil,er,in der Situation,besorgt war,und,die Warnzeichen,bemerkte,"David schüttelte Sabine, weil er in der Situation besorgt war und die Warnzeichen bemerkte.",ok_prefix_keep_particle_or_punctuation,David,Renate,Alexander,Sabine,neutral,,,jolted,StimExp,6.0,10.0,-0.91,-3,neutral,schüttelte,riss,5.62,13.0,,"Der Mann riss das Mädchen vorwärts, weil er von Anfang an schwer war und den Schritt beschleunigte.",schwer,228.24,6.0,87.5,87.5,optimal,nonamb,False,,True,sorgenvoll war -> besorgt war,False,,True,Schlimmes befürchtete -> die Warnzeichen bemerkte
102,both_male,2,45,schüttelte,NP1-Causality,David,schüttelte,"Alexander,",weil,er,in der Situation,besorgt war,und,die Warnzeichen,bemerkte,"David schüttelte Alexander, weil er in der Situation besorgt war und die Warnzeichen bemerkte.",ok_prefix_keep_particle_or_punctuation,David,Renate,Alexander,Sabine,neutral,,,jolted,StimExp,6.0,10.0,-0.91,-3,neutral,schüttelte,riss,5.62,13.0,,"Der Mann riss das Mädchen vorwärts, weil er von Anfang an schwer war und den Schritt beschleunigte.",schwer,228.24,6.0,87.5,87.5,optimal,nonamb,False,,True,sorgenvoll war -> besorgt war,False,,True,Schlimmes befürchtete -> die Warnzeichen bemerkte
102,both_female,3,45,schüttelte,NP1-Causality,Renate,schüttelte,"Sabine,",weil,sie,in der Situation,besorgt war,und,die Warnzeichen,bemerkte,"Renate schüttelte Sabine, weil sie in der Situation besorgt war und die Warnzeichen bemerkte.",ok_prefix_keep_particle_or_punctuation,David,Renate,Alexander,Sabine,neutral,,,jolted,StimExp,6.0,10.0,-0.91,-3,neutral,schüttelte,riss,5.62,13.0,,"Der Mann riss das Mädchen vorwärts, weil er von Anfang an schwer war und den Schritt beschleunigte.",schwer,228.24,6.0,87.5,87.5,optimal,nonamb,False,,True,sorgenvoll war -> besorgt war,False,,True,Schlimmes befürchtete -> die Warnzeichen bemerkte
102,swapped,4,45,schüttelte,NP1-Causality,Renate,schüttelte,"Alexander,",weil,sie,in der Situation,besorgt war,und,die Warnzeichen,bemerkte,"Renate schüttelte Alexander, weil sie in der Situation besorgt war und die Warnzeichen bemerkte.",ok_prefix_keep_particle_or_punctuation,David,Renate,Alexander,Sabine,neutral,,,jolted,StimExp,6.0,10.0,-0.91,-3,neutral,schüttelte,riss,5.62,13.0,,"Der Mann riss das Mädchen vorwärts, weil er von Anfang an schwer war und den Schritt beschleunigte.",schwer,228.24,6.0,87.5,87.5,optimal,nonamb,False,,True,sorgenvoll war -> besorgt war,False,,True,Schlimmes befürchtete -> die Warnzeichen bemerkte
103,original,5,45,schüttelte,NP2-Causality,David,schüttelte,"Sabine,",weil,sie,in der Situation,unkonzentriert war,und,ein Signal,verpasste,"David schüttelte Sabine, weil sie in der Situation unkonzentriert war und ein Signal verpasste.",ok_prefix_keep_particle_or_punctuation,David,Renate,Alexander,Sabine,neutral,,,jolted,StimExp,6.0,10.0,-0.91,-3,neutral,schüttelte,riss,5.62,13.0,,"Der Mann riss das Mädchen vorwärts, weil sie von Anfang an leicht war und das Gleichgewicht verlor.",leicht,208.29,6.0,87.5,87.5,optimal,nonamb,False,,True,apathisch war -> unkonzentriert war,False,,True,die Augen verdrehte -> ein Signal verpasste
103,both_male,6,45,schüttelte,NP2-Causality,David,schüttelte,"Alexander,",weil,er,in der Situation,unkonzentriert war,und,ein Signal,verpasste,"David schüttelte Alexander, weil er in der Situation unkonzentriert war und ein Signal verpasste.",ok_prefix_keep_particle_or_punctuation,David,Renate,Alexander,Sabine,neutral,,,jolted,StimExp,6.0,10.0,-0.91,-3,neutral,schüttelte,riss,5.62,13.0,,"Der Mann riss das Mädchen vorwärts, weil sie von Anfang an leicht war und das Gleichgewicht verlor.",leicht,208.29,6.0,87.5,87.5,optimal,nonamb,False,,True,apathisch war -> unkonzentriert war,False,,True,die Augen verdrehte -> ein Signal verpasste
103,both_female,7,45,schüttelte,NP2-Causality,Renate,schüttelte,"Sabine,",weil,sie,in der Situation,unkonzentriert war,und,ein Signal,verpasste,"Renate schüttelte Sabine, weil sie in der Situation unkonzentriert war und ein Signal verpasste.",ok_prefix_keep_particle_or_punctuation,David,Renate,Alexander,Sabine,neutral,,,jolted,StimExp,6.0,10.0,-0.91,-3,neutral,schüttelte,riss,5.62,13.0,,"Der Mann riss das Mädchen vorwärts, weil sie von Anfang an leicht war und das Gleichgewicht verlor.",leicht,208.29,6.0,87.5,87.5,optimal,nonamb,False,,True,apathisch war -> unkonzentriert war,False,,True,die Augen verdrehte -> ein Signal verpasste
103,swapped,8,45,schüttelte,NP2-Causality,Renate,schüttelte,"Alexander,",weil,er,in der Situation,unkonzentriert war,und,ein Signal,verpasste,"Renate schüttelte Alexander, weil er in der Situation unkonzentriert war und ein Signal verpasste.",ok_prefix_keep_particle_or_punctuation,David,Renate,Alexander,Sabine,neutral,,,jolted,StimExp,6.0,10.0,-0.91,-3,neutral,schüttelte,riss,5.62,13.0,,"Der Mann riss das Mädchen vorwärts, weil sie von Anfang an leicht war und das Gleichgewicht verlor.",leicht,208.29,6.0,87.5,87.5,optimal,nonamb,False,,True,apathisch war -> unkonzentriert war,False,,True,die Augen verdrehte -> ein Signal verpasste
114,original,1,46,verließ,NP1-Causality,Wolfgang,verließ,"Nicole,",weil,er,seit kurzer Zeit,unglücklich war,und,einen Neuanfang,suchte,"Wolfgang verließ Nicole, weil er seit kurzer Zeit unglücklich war und einen Neuanfang suchte.",ok_prefix_keep_particle_or_punctuation,Wolfgang,Monika,Peter,Nicole,neutral,,,left,AgP,4.0,175.0,-1.45,2,neutral,verließ,verließ,11.81,8.0,,"Der Verantwortliche verließ die Schülerin, weil er seit kurzer Zeit egoistisch war und den Abstand verlangte.",egoistisch,3.79,10.0,93.75,93.75,optimal,nonamb,False,,True,egoistisch war -> unglücklich war,False,,True,Anderes tun wollte -> einen Neuanfang suchte
114,both_male,2,46,verließ,NP1-Causality,Wolfgang,verließ,"Peter,",weil,er,seit kurzer Zeit,unglücklich war,und,einen Neuanfang,suchte,"Wolfgang verließ Peter, weil er seit kurzer Zeit unglücklich war und einen Neuanfang suchte.",ok_prefix_keep_particle_or_punctuation,Wolfgang,Monika,Peter,Nicole,neutral,,,left,AgP,4.0,175.0,-1.45,2,neutral,verließ,verließ,11.81,8.0,,"Der Verantwortliche verließ die Schülerin, weil er seit kurzer Zeit egoistisch war und den Abstand verlangte.",egoistisch,3.79,10.0,93.75,93.75,optimal,nonamb,False,,True,egoistisch war -> unglücklich war,False,,True,Anderes tun wollte -> einen Neuanfang suchte
114,both_female,3,46,verließ,NP1-Causality,Monika,verließ,"Nicole,",weil,sie,seit kurzer Zeit,unglücklich war,und,einen Neuanfang,suchte,"Monika verließ Nicole, weil sie seit kurzer Zeit unglücklich war und einen Neuanfang suchte.",ok_prefix_keep_particle_or_punctuation,Wolfgang,Monika,Peter,Nicole,neutral,,,left,AgP,4.0,175.0,-1.45,2,neutral,verließ,verließ,11.81,8.0,,"Der Verantwortliche verließ die Schülerin, weil er seit kurzer Zeit egoistisch war und den Abstand verlangte.",egoistisch,3.79,10.0,93.75,93.75,optimal,nonamb,False,,True,egoistisch war -> unglücklich war,False,,True,Anderes tun wollte -> einen Neuanfang suchte
114,swapped,4,46,verließ,NP1-Causality,Monika,verließ,"Peter,",weil,sie,seit kurzer Zeit,unglücklich war,und,einen Neuanfang,suchte,"Monika verließ Peter, weil sie seit kurzer Zeit unglücklich war und einen Neuanfang suchte.",ok_prefix_keep_particle_or_punctuation,Wolfgang,Monika,Peter,Nicole,neutral,,,left,AgP,4.0,175.0,-1.45,2,neutral,verließ,verließ,11.81,8.0,,"Der Verantwortliche verließ die Schülerin, weil er seit kurzer Zeit egoistisch war und den Abstand verlangte.",egoistisch,3.79,10.0,93.75,93.75,optimal,nonamb,False,,True,egoistisch war -> unglücklich war,False,,True,Anderes tun wollte -> einen Neuanfang suchte
115,original,5,46,verließ,NP2-Causality,Wolfgang,verließ,"Nicole,",weil,sie,seit kurzer Zeit,unverschämt war,und,das Versprechen,brach,"Wolfgang verließ Nicole, weil sie seit kurzer Zeit unverschämt war und das Versprechen brach.",ok_prefix_keep_particle_or_punctuation,Wolfgang,Monika,Peter,Nicole,neutral,,,left,AgP,4.0,175.0,-1.45,2,neutral,verließ,verließ,11.81,8.0,,"Der Verantwortliche verließ die Schülerin, weil sie seit kurzer Zeit anstrengend war und die Nerven strapazierte.",anstrengend,8.91,11.0,93.75,93.75,optimal,nonamb,False,,False,,False,,True,die Nerven strapazierte -> das Versprechen brach
115,both_male,6,46,verließ,NP2-Causality,Wolfgang,verließ,"Peter,",weil,er,seit kurzer Zeit,unverschämt war,und,das Versprechen,brach,"Wolfgang verließ Peter, weil er seit kurzer Zeit unverschämt war und das Versprechen brach.",ok_prefix_keep_particle_or_punctuation,Wolfgang,Monika,Peter,Nicole,neutral,,,left,AgP,4.0,175.0,-1.45,2,neutral,verließ,verließ,11.81,8.0,,"Der Verantwortliche verließ die Schülerin, weil sie seit kurzer Zeit anstrengend war und die Nerven strapazierte.",anstrengend,8.91,11.0,93.75,93.75,optimal,nonamb,False,,False,,False,,True,die Nerven strapazierte -> das Versprechen brach
115,both_female,7,46,verließ,NP2-Causality,Monika,verließ,"Nicole,",weil,sie,seit kurzer Zeit,unverschämt war,und,das Versprechen,brach,"Monika verließ Nicole, weil sie seit kurzer Zeit unverschämt war und das Versprechen brach.",ok_prefix_keep_particle_or_punctuation,Wolfgang,Monika,Peter,Nicole,neutral,,,left,AgP,4.0,175.0,-1.45,2,neutral,verließ,verließ,11.81,8.0,,"Der Verantwortliche verließ die Schülerin, weil sie seit kurzer Zeit anstrengend war und die Nerven strapazierte.",anstrengend,8.91,11.0,93.75,93.75,optimal,nonamb,False,,False,,False,,True,die Nerven strapazierte -> das Versprechen brach
115,swapped,8,46,verließ,NP2-Causality,Monika,verließ,"Peter,",weil,er,seit kurzer Zeit,unverschämt war,und,das Versprechen,brach,"Monika verließ Peter, weil er seit kurzer Zeit unverschämt war und das Versprechen brach.",ok_prefix_keep_particle_or_punctuation,Wolfgang,Monika,Peter,Nicole,neutral,,,left,AgP,4.0,175.0,-1.45,2,neutral,verließ,verließ,11.81,8.0,,"Der Verantwortliche verließ die Schülerin, weil sie seit kurzer Zeit anstrengend war und die Nerven strapazierte.",anstrengend,8.91,11.0,93.75,93.75,optimal,nonamb,False,,False,,False,,True,die Nerven strapazierte -> das Versprechen brach
122,original,1,47,tötete,NP1-Causality,Karl,tötete,"Lisa,",weil,er,unter den Umständen,gefährdet war,und,einen Angriff,abwehrte,"Karl tötete Lisa, weil er unter den Umständen gefährdet war und einen Angriff abwehrte.",ok_prefix_keep_particle_or_punctuation,Karl,Lena,Thomas,Lisa,neutral,,,killed,AgP,6.0,984.0,-2.82,5,neutral,tötete,tötete,2.65,6.0,,"Der Bewohner tötete die Katze, weil er seit einiger Zeit bösartig war und den Zorn entlud.",bösartig,6.48,8.0,56.25,56.25,suboptimal,nonamb,False,,True,erschrocken war -> gefährdet war,False,,True,Aggression dominierte -> einen Angriff abwehrte
122,both_male,2,47,tötete,NP1-Causality,Karl,tötete,"Thomas,",weil,er,unter den Umständen,gefährdet war,und,einen Angriff,abwehrte,"Karl tötete Thomas, weil er unter den Umständen gefährdet war und einen Angriff abwehrte.",ok_prefix_keep_particle_or_punctuation,Karl,Lena,Thomas,Lisa,neutral,,,killed,AgP,6.0,984.0,-2.82,5,neutral,tötete,tötete,2.65,6.0,,"Der Bewohner tötete die Katze, weil er seit einiger Zeit bösartig war und den Zorn entlud.",bösartig,6.48,8.0,56.25,56.25,suboptimal,nonamb,False,,True,erschrocken war -> gefährdet war,False,,True,Aggression dominierte -> einen Angriff abwehrte
122,both_female,3,47,tötete,NP1-Causality,Lena,tötete,"Lisa,",weil,sie,unter den Umständen,gefährdet war,und,einen Angriff,abwehrte,"Lena tötete Lisa, weil sie unter den Umständen gefährdet war und einen Angriff abwehrte.",ok_prefix_keep_particle_or_punctuation,Karl,Lena,Thomas,Lisa,neutral,,,killed,AgP,6.0,984.0,-2.82,5,neutral,tötete,tötete,2.65,6.0,,"Der Bewohner tötete die Katze, weil er seit einiger Zeit bösartig war und den Zorn entlud.",bösartig,6.48,8.0,56.25,56.25,suboptimal,nonamb,False,,True,erschrocken war -> gefährdet war,False,,True,Aggression dominierte -> einen Angriff abwehrte
122,swapped,4,47,tötete,NP1-Causality,Lena,tötete,"Thomas,",weil,sie,unter den Umständen,gefährdet war,und,einen Angriff,abwehrte,"Lena tötete Thomas, weil sie unter den Umständen gefährdet war und einen Angriff abwehrte.",ok_prefix_keep_particle_or_punctuation,Karl,Lena,Thomas,Lisa,neutral,,,killed,AgP,6.0,984.0,-2.82,5,neutral,tötete,tötete,2.65,6.0,,"Der Bewohner tötete die Katze, weil er seit einiger Zeit bösartig war und den Zorn entlud.",bösartig,6.48,8.0,56.25,56.25,suboptimal,nonamb,False,,True,erschrocken war -> gefährdet war,False,,True,Aggression dominierte -> einen Angriff abwehrte
123,original,5,47,tötete,NP2-Causality,Karl,tötete,"Lisa,",weil,sie,unter den Umständen,bewaffnet war,und,ein Messer,zückte,"Karl tötete Lisa, weil sie unter den Umständen bewaffnet war und ein Messer zückte.",ok_prefix_keep_particle_or_punctuation,Karl,Lena,Thomas,Lisa,neutral,,,killed,AgP,6.0,984.0,-2.82,5,neutral,tötete,tötete,2.65,6.0,,"Der Bewohner tötete die Katze, weil sie seit einiger Zeit unberechenbar war und die Lage verschärfte.",unberechenbar,2.85,13.0,56.25,56.25,suboptimal,nonamb,False,,True,unberechenbar war -> bewaffnet war,False,,True,die Gefahr eskalierte -> ein Messer zückte
123,both_male,6,47,tötete,NP2-Causality,Karl,tötete,"Thomas,",weil,er,unter den Umständen,bewaffnet war,und,ein Messer,zückte,"Karl tötete Thomas, weil er unter den Umständen bewaffnet war und ein Messer zückte.",ok_prefix_keep_particle_or_punctuation,Karl,Lena,Thomas,Lisa,neutral,,,killed,AgP,6.0,984.0,-2.82,5,neutral,tötete,tötete,2.65,6.0,,"Der Bewohner tötete die Katze, weil sie seit einiger Zeit unberechenbar war und die Lage verschärfte.",unberechenbar,2.85,13.0,56.25,56.25,suboptimal,nonamb,False,,True,unberechenbar war -> bewaffnet war,False,,True,die Gefahr eskalierte -> ein Messer zückte
123,both_female,7,47,tötete,NP2-Causality,Lena,tötete,"Lisa,",weil,sie,unter den Umständen,bewaffnet war,und,ein Messer,zückte,"Lena tötete Lisa, weil sie unter den Umständen bewaffnet war und ein Messer zückte.",ok_prefix_keep_particle_or_punctuation,Karl,Lena,Thomas,Lisa,neutral,,,killed,AgP,6.0,984.0,-2.82,5,neutral,tötete,tötete,2.65,6.0,,"Der Bewohner tötete die Katze, weil sie seit einiger Zeit unberechenbar war und die Lage verschärfte.",unberechenbar,2.85,13.0,56.25,56.25,suboptimal,nonamb,False,,True,unberechenbar war -> bewaffnet war,False,,True,die Gefahr eskalierte -> ein Messer zückte
123,swapped,8,47,tötete,NP2-Causality,Lena,tötete,"Thomas,",weil,er,unter den Umständen,bewaffnet war,und,ein Messer,zückte,"Lena tötete Thomas, weil er unter den Umständen bewaffnet war und ein Messer zückte.",ok_prefix_keep_particle_or_punctuation,Karl,Lena,Thomas,Lisa,neutral,,,killed,AgP,6.0,984.0,-2.82,5,neutral,tötete,tötete,2.65,6.0,,"Der Bewohner tötete die Katze, weil sie seit einiger Zeit unberechenbar war und die Lage verschärfte.",unberechenbar,2.85,13.0,56.25,56.25,suboptimal,nonamb,False,,True,unberechenbar war -> bewaffnet war,False,,True,die Gefahr eskalierte -> ein Messer zückte
106,original,1,48,besänftigte,NP1-Causality,Christian,besänftigte,"Katharina,",weil,er,unter den Umständen,einfühlsam war,und,die Ruhe,bewahrte,"Christian besänftigte Katharina, weil er unter den Umständen einfühlsam war und die Ruhe bewahrte.",ok_prefix_keep_particle_or_punctuation,Christian,Petra,Michael,Katharina,neutral,,,mollified,StimExp,9.0,2.0,-0.18,-2,neutral,besänftigte,besänftigte,0.07,11.0,,"Der Firmenleiter besänftigte die Naturschützerin, weil er in letzter Minute nachgiebig war und den Konflikt milderte.",nachgiebig,0.42,10.0,81.25,81.25,optimal,nonamb,False,,True,nachgiebig war -> einfühlsam war,False,,True,den Forderungen nachkam -> die Ruhe bewahrte
106,both_male,2,48,besänftigte,NP1-Causality,Christian,besänftigte,"Michael,",weil,er,unter den Umständen,einfühlsam war,und,die Ruhe,bewahrte,"Christian besänftigte Michael, weil er unter den Umständen einfühlsam war und die Ruhe bewahrte.",ok_prefix_keep_particle_or_punctuation,Christian,Petra,Michael,Katharina,neutral,,,mollified,StimExp,9.0,2.0,-0.18,-2,neutral,besänftigte,besänftigte,0.07,11.0,,"Der Firmenleiter besänftigte die Naturschützerin, weil er in letzter Minute nachgiebig war und den Konflikt milderte.",nachgiebig,0.42,10.0,81.25,81.25,optimal,nonamb,False,,True,nachgiebig war -> einfühlsam war,False,,True,den Forderungen nachkam -> die Ruhe bewahrte
106,both_female,3,48,besänftigte,NP1-Causality,Petra,besänftigte,"Katharina,",weil,sie,unter den Umständen,einfühlsam war,und,die Ruhe,bewahrte,"Petra besänftigte Katharina, weil sie unter den Umständen einfühlsam war und die Ruhe bewahrte.",ok_prefix_keep_particle_or_punctuation,Christian,Petra,Michael,Katharina,neutral,,,mollified,StimExp,9.0,2.0,-0.18,-2,neutral,besänftigte,besänftigte,0.07,11.0,,"Der Firmenleiter besänftigte die Naturschützerin, weil er in letzter Minute nachgiebig war und den Konflikt milderte.",nachgiebig,0.42,10.0,81.25,81.25,optimal,nonamb,False,,True,nachgiebig war -> einfühlsam war,False,,True,den Forderungen nachkam -> die Ruhe bewahrte
106,swapped,4,48,besänftigte,NP1-Causality,Petra,besänftigte,"Michael,",weil,sie,unter den Umständen,einfühlsam war,und,die Ruhe,bewahrte,"Petra besänftigte Michael, weil sie unter den Umständen einfühlsam war und die Ruhe bewahrte.",ok_prefix_keep_particle_or_punctuation,Christian,Petra,Michael,Katharina,neutral,,,mollified,StimExp,9.0,2.0,-0.18,-2,neutral,besänftigte,besänftigte,0.07,11.0,,"Der Firmenleiter besänftigte die Naturschützerin, weil er in letzter Minute nachgiebig war und den Konflikt milderte.",nachgiebig,0.42,10.0,81.25,81.25,optimal,nonamb,False,,True,nachgiebig war -> einfühlsam war,False,,True,den Forderungen nachkam -> die Ruhe bewahrte
107,original,5,48,besänftigte,NP2-Causality,Christian,besänftigte,"Katharina,",weil,sie,unter den Umständen,aufgebracht war,und,die Fäuste,ballte,"Christian besänftigte Katharina, weil sie unter den Umständen aufgebracht war und die Fäuste ballte.",ok_prefix_keep_particle_or_punctuation,Christian,Petra,Michael,Katharina,neutral,,,mollified,StimExp,9.0,2.0,-0.18,-2,neutral,besänftigte,besänftigte,0.07,11.0,,"Der Firmenleiter besänftigte die Naturschützerin, weil sie in letzter Minute mit einbezogen war und den Widerstand minderte.",mit einbezogen,2.85,13.0,81.25,81.25,optimal,nonamb,False,,True,aufbrausend war -> aufgebracht war,False,,True,Verbesserungen verlangte -> die Fäuste ballte
107,both_male,6,48,besänftigte,NP2-Causality,Christian,besänftigte,"Michael,",weil,er,unter den Umständen,aufgebracht war,und,die Fäuste,ballte,"Christian besänftigte Michael, weil er unter den Umständen aufgebracht war und die Fäuste ballte.",ok_prefix_keep_particle_or_punctuation,Christian,Petra,Michael,Katharina,neutral,,,mollified,StimExp,9.0,2.0,-0.18,-2,neutral,besänftigte,besänftigte,0.07,11.0,,"Der Firmenleiter besänftigte die Naturschützerin, weil sie in letzter Minute mit einbezogen war und den Widerstand minderte.",mit einbezogen,2.85,13.0,81.25,81.25,optimal,nonamb,False,,True,aufbrausend war -> aufgebracht war,False,,True,Verbesserungen verlangte -> die Fäuste ballte
107,both_female,7,48,besänftigte,NP2-Causality,Petra,besänftigte,"Katharina,",weil,sie,unter den Umständen,aufgebracht war,und,die Fäuste,ballte,"Petra besänftigte Katharina, weil sie unter den Umständen aufgebracht war und die Fäuste ballte.",ok_prefix_keep_particle_or_punctuation,Christian,Petra,Michael,Katharina,neutral,,,mollified,StimExp,9.0,2.0,-0.18,-2,neutral,besänftigte,besänftigte,0.07,11.0,,"Der Firmenleiter besänftigte die Naturschützerin, weil sie in letzter Minute mit einbezogen war und den Widerstand minderte.",mit einbezogen,2.85,13.0,81.25,81.25,optimal,nonamb,False,,True,aufbrausend war -> aufgebracht war,False,,True,Verbesserungen verlangte -> die Fäuste ballte
107,swapped,8,48,besänftigte,NP2-Causality,Petra,besänftigte,"Michael,",weil,er,unter den Umständen,aufgebracht war,und,die Fäuste,ballte,"Petra besänftigte Michael, weil er unter den Umständen aufgebracht war und die Fäuste ballte.",ok_prefix_keep_particle_or_punctuation,Christian,Petra,Michael,Katharina,neutral,,,mollified,StimExp,9.0,2.0,-0.18,-2,neutral,besänftigte,besänftigte,0.07,11.0,,"Der Firmenleiter besänftigte die Naturschützerin, weil sie in letzter Minute mit einbezogen war und den Widerstand minderte.",mit einbezogen,2.85,13.0,81.25,81.25,optimal,nonamb,False,,True,aufbrausend war -> aufgebracht war,False,,True,Verbesserungen verlangte -> die Fäuste ballte
220,original,1,49,erfreute,NP1-Causality,Florian,erfreute,"Nina,",weil,er,am frühen Morgen,zuvorkommend war,und,die Arbeit,abnahm,"Florian erfreute Nina, weil er am frühen Morgen zuvorkommend war und die Arbeit abnahm.",ok_prefix_keep_particle_or_punctuation,Florian,Johanna,Stefan,Nina,NP1,,,pleased,StimExp,7.0,0.0,1.73,83,NP1,beglückte,beglückte,0.22,9.0,,"Der Botaniker beglückte die Zoologin, weil er am frühen Morgen attraktiv war und die Sympathie weckte.  ",attraktiv,35.42,9.0,68.75,68.75,optimal,nonamb,True,beglückte -> erfreute (Eng: pleased),False,,False,,True,Arbeit abnahm -> die Arbeit abnahm
220,both_male,2,49,erfreute,NP1-Causality,Florian,erfreute,"Stefan,",weil,er,am frühen Morgen,zuvorkommend war,und,die Arbeit,abnahm,"Florian erfreute Stefan, weil er am frühen Morgen zuvorkommend war und die Arbeit abnahm.",ok_prefix_keep_particle_or_punctuation,Florian,Johanna,Stefan,Nina,NP1,,,pleased,StimExp,7.0,0.0,1.73,83,NP1,beglückte,beglückte,0.22,9.0,,"Der Botaniker beglückte die Zoologin, weil er am frühen Morgen attraktiv war und die Sympathie weckte.  ",attraktiv,35.42,9.0,68.75,68.75,optimal,nonamb,True,beglückte -> erfreute (Eng: pleased),False,,False,,True,Arbeit abnahm -> die Arbeit abnahm
220,both_female,3,49,erfreute,NP1-Causality,Johanna,erfreute,"Nina,",weil,sie,am frühen Morgen,zuvorkommend war,und,die Arbeit,abnahm,"Johanna erfreute Nina, weil sie am frühen Morgen zuvorkommend war und die Arbeit abnahm.",ok_prefix_keep_particle_or_punctuation,Florian,Johanna,Stefan,Nina,NP1,,,pleased,StimExp,7.0,0.0,1.73,83,NP1,beglückte,beglückte,0.22,9.0,,"Der Botaniker beglückte die Zoologin, weil er am frühen Morgen attraktiv war und die Sympathie weckte.  ",attraktiv,35.42,9.0,68.75,68.75,optimal,nonamb,True,beglückte -> erfreute (Eng: pleased),False,,False,,True,Arbeit abnahm -> die Arbeit abnahm
220,swapped,4,49,erfreute,NP1-Causality,Johanna,erfreute,"Stefan,",weil,sie,am frühen Morgen,zuvorkommend war,und,die Arbeit,abnahm,"Johanna erfreute Stefan, weil sie am frühen Morgen zuvorkommend war und die Arbeit abnahm.",ok_prefix_keep_particle_or_punctuation,Florian,Johanna,Stefan,Nina,NP1,,,pleased,StimExp,7.0,0.0,1.73,83,NP1,beglückte,beglückte,0.22,9.0,,"Der Botaniker beglückte die Zoologin, weil er am frühen Morgen attraktiv war und die Sympathie weckte.  ",attraktiv,35.42,9.0,68.75,68.75,optimal,nonamb,True,beglückte -> erfreute (Eng: pleased),False,,False,,True,Arbeit abnahm -> die Arbeit abnahm
221,original,5,49,erfreute,NP2-Causality,Florian,erfreute,"Nina,",weil,sie,am frühen Morgen,überarbeitet war,und,die Unterstützung,erhielt,"Florian erfreute Nina, weil sie am frühen Morgen überarbeitet war und die Unterstützung erhielt.",ok_prefix_keep_particle_or_punctuation,Florian,Johanna,Stefan,Nina,NP1,,,pleased,StimExp,7.0,0.0,1.73,83,NP1,beglückte,beglückte,0.22,9.0,,"Der Botaniker beglückte die Zoologin, weil sie am frühen Morgen gebraucht wurde und die Unterstützung zeigte.  ",gebraucht,28.06,9.0,68.75,68.75,optimal,nonamb,True,beglückte -> erfreute (Eng: pleased),True,Hilfe benötigte -> überarbeitet war,False,,True,Unterstützung erhielt -> die Unterstützung erhielt
221,both_male,6,49,erfreute,NP2-Causality,Florian,erfreute,"Stefan,",weil,er,am frühen Morgen,überarbeitet war,und,die Unterstützung,erhielt,"Florian erfreute Stefan, weil er am frühen Morgen überarbeitet war und die Unterstützung erhielt.",ok_prefix_keep_particle_or_punctuation,Florian,Johanna,Stefan,Nina,NP1,,,pleased,StimExp,7.0,0.0,1.73,83,NP1,beglückte,beglückte,0.22,9.0,,"Der Botaniker beglückte die Zoologin, weil sie am frühen Morgen gebraucht wurde und die Unterstützung zeigte.  ",gebraucht,28.06,9.0,68.75,68.75,optimal,nonamb,True,beglückte -> erfreute (Eng: pleased),True,Hilfe benötigte -> überarbeitet war,False,,True,Unterstützung erhielt -> die Unterstützung erhielt
221,both_female,7,49,erfreute,NP2-Causality,Johanna,erfreute,"Nina,",weil,sie,am frühen Morgen,überarbeitet war,und,die Unterstützung,erhielt,"Johanna erfreute Nina, weil sie am frühen Morgen überarbeitet war und die Unterstützung erhielt.",ok_prefix_keep_particle_or_punctuation,Florian,Johanna,Stefan,Nina,NP1,,,pleased,StimExp,7.0,0.0,1.73,83,NP1,beglückte,beglückte,0.22,9.0,,"Der Botaniker beglückte die Zoologin, weil sie am frühen Morgen gebraucht wurde und die Unterstützung zeigte.  ",gebraucht,28.06,9.0,68.75,68.75,optimal,nonamb,True,beglückte -> erfreute (Eng: pleased),True,Hilfe benötigte -> überarbeitet war,False,,True,Unterstützung erhielt -> die Unterstützung erhielt
221,swapped,8,49,erfreute,NP2-Causality,Johanna,erfreute,"Stefan,",weil,er,am frühen Morgen,überarbeitet war,und,die Unterstützung,erhielt,"Johanna erfreute Stefan, weil er am frühen Morgen überarbeitet war und die Unterstützung erhielt.",ok_prefix_keep_particle_or_punctuation,Florian,Johanna,Stefan,Nina,NP1,,,pleased,StimExp,7.0,0.0,1.73,83,NP1,beglückte,beglückte,0.22,9.0,,"Der Botaniker beglückte die Zoologin, weil sie am frühen Morgen gebraucht wurde und die Unterstützung zeigte.  ",gebraucht,28.06,9.0,68.75,68.75,optimal,nonamb,True,beglückte -> erfreute (Eng: pleased),True,Hilfe benötigte -> überarbeitet war,False,,True,Unterstützung erhielt -> die Unterstützung erhielt
192,original,1,50,schockierte,NP1-Causality,Hans,schockierte,"Daniela,",weil,er,auf der Demonstration,schamlos war,und,die Anstandsregeln,missachtete,"Hans schockierte Daniela, weil er auf der Demonstration schamlos war und die Anstandsregeln missachtete.",ok_prefix_keep_particle_or_punctuation,Hans,Birgit,Thomas,Daniela,NP1,,,repulsed,StimExp,8.0,34.0,-2.91,76,NP1,wehrte … ab,abwehrte,0.1,8.0,,"Der Polizist wehrte die Randaliererin ab, weil er am frühen Vormittag dienstbeflissen war und die Ordnung sicherte. ",dienstbeflissen,0.05,15.0,31.25,31.25,suboptimal,nonamb,True,wehrte -> schockierte (Eng: repulsed),True,dienstbeflissen war -> schamlos war,False,,True,die Ordnung sicherte -> die Anstandsregeln missachtete
192,both_male,2,50,schockierte,NP1-Causality,Hans,schockierte,"Thomas,",weil,er,auf der Demonstration,schamlos war,und,die Anstandsregeln,missachtete,"Hans schockierte Thomas, weil er auf der Demonstration schamlos war und die Anstandsregeln missachtete.",ok_prefix_keep_particle_or_punctuation,Hans,Birgit,Thomas,Daniela,NP1,,,repulsed,StimExp,8.0,34.0,-2.91,76,NP1,wehrte … ab,abwehrte,0.1,8.0,,"Der Polizist wehrte die Randaliererin ab, weil er am frühen Vormittag dienstbeflissen war und die Ordnung sicherte. ",dienstbeflissen,0.05,15.0,31.25,31.25,suboptimal,nonamb,True,wehrte -> schockierte (Eng: repulsed),True,dienstbeflissen war -> schamlos war,False,,True,die Ordnung sicherte -> die Anstandsregeln missachtete
192,both_female,3,50,schockierte,NP1-Causality,Birgit,schockierte,"Daniela,",weil,sie,auf der Demonstration,schamlos war,und,die Anstandsregeln,missachtete,"Birgit schockierte Daniela, weil sie auf der Demonstration schamlos war und die Anstandsregeln missachtete.",ok_prefix_keep_particle_or_punctuation,Hans,Birgit,Thomas,Daniela,NP1,,,repulsed,StimExp,8.0,34.0,-2.91,76,NP1,wehrte … ab,abwehrte,0.1,8.0,,"Der Polizist wehrte die Randaliererin ab, weil er am frühen Vormittag dienstbeflissen war und die Ordnung sicherte. ",dienstbeflissen,0.05,15.0,31.25,31.25,suboptimal,nonamb,True,wehrte -> schockierte (Eng: repulsed),True,dienstbeflissen war -> schamlos war,False,,True,die Ordnung sicherte -> die Anstandsregeln missachtete
192,swapped,4,50,schockierte,NP1-Causality,Birgit,schockierte,"Thomas,",weil,sie,auf der Demonstration,schamlos war,und,die Anstandsregeln,missachtete,"Birgit schockierte Thomas, weil sie auf der Demonstration schamlos war und die Anstandsregeln missachtete.",ok_prefix_keep_particle_or_punctuation,Hans,Birgit,Thomas,Daniela,NP1,,,repulsed,StimExp,8.0,34.0,-2.91,76,NP1,wehrte … ab,abwehrte,0.1,8.0,,"Der Polizist wehrte die Randaliererin ab, weil er am frühen Vormittag dienstbeflissen war und die Ordnung sicherte. ",dienstbeflissen,0.05,15.0,31.25,31.25,suboptimal,nonamb,True,wehrte -> schockierte (Eng: repulsed),True,dienstbeflissen war -> schamlos war,False,,True,die Ordnung sicherte -> die Anstandsregeln missachtete
193,original,5,50,schockierte,NP2-Causality,Hans,schockierte,"Daniela,",weil,sie,auf der Demonstration,anständig war,und,die Regeln,befolgte,"Hans schockierte Daniela, weil sie auf der Demonstration anständig war und die Regeln befolgte.",ok_prefix_keep_particle_or_punctuation,Hans,Birgit,Thomas,Daniela,NP1,,,repulsed,StimExp,8.0,34.0,-2.91,76,NP1,wehrte … ab,abwehrte,0.1,8.0,,"Der Polizist wehrte die Randaliererin ab, weil sie am frühen Vormittag destruktiv war und den Schaden verursachte.",destruktiv,3.26,10.0,31.25,31.25,suboptimal,nonamb,True,wehrte -> schockierte (Eng: repulsed),True,destruktiv war -> anständig war,False,,True,Schaden verursachte -> die Regeln befolgte
193,both_male,6,50,schockierte,NP2-Causality,Hans,schockierte,"Thomas,",weil,er,auf der Demonstration,anständig war,und,die Regeln,befolgte,"Hans schockierte Thomas, weil er auf der Demonstration anständig war und die Regeln befolgte.",ok_prefix_keep_particle_or_punctuation,Hans,Birgit,Thomas,Daniela,NP1,,,repulsed,StimExp,8.0,34.0,-2.91,76,NP1,wehrte … ab,abwehrte,0.1,8.0,,"Der Polizist wehrte die Randaliererin ab, weil sie am frühen Vormittag destruktiv war und den Schaden verursachte.",destruktiv,3.26,10.0,31.25,31.25,suboptimal,nonamb,True,wehrte -> schockierte (Eng: repulsed),True,destruktiv war -> anständig war,False,,True,Schaden verursachte -> die Regeln befolgte
193,both_female,7,50,schockierte,NP2-Causality,Birgit,schockierte,"Daniela,",weil,sie,auf der Demonstration,anständig war,und,die Regeln,befolgte,"Birgit schockierte Daniela, weil sie auf der Demonstration anständig war und die Regeln befolgte.",ok_prefix_keep_particle_or_punctuation,Hans,Birgit,Thomas,Daniela,NP1,,,repulsed,StimExp,8.0,34.0,-2.91,76,NP1,wehrte … ab,abwehrte,0.1,8.0,,"Der Polizist wehrte die Randaliererin ab, weil sie am frühen Vormittag destruktiv war und den Schaden verursachte.",destruktiv,3.26,10.0,31.25,31.25,suboptimal,nonamb,True,wehrte -> schockierte (Eng: repulsed),True,destruktiv war -> anständig war,False,,True,Schaden verursachte -> die Regeln befolgte
193,swapped,8,50,schockierte,NP2-Causality,Birgit,schockierte,"Thomas,",weil,er,auf der Demonstration,anständig war,und,die Regeln,befolgte,"Birgit schockierte Thomas, weil er auf der Demonstration anständig war und die Regeln befolgte.",ok_prefix_keep_particle_or_punctuation,Hans,Birgit,Thomas,Daniela,NP1,,,repulsed,StimExp,8.0,34.0,-2.91,76,NP1,wehrte … ab,abwehrte,0.1,8.0,,"Der Polizist wehrte die Randaliererin ab, weil sie am frühen Vormittag destruktiv war und den Schaden verursachte.",destruktiv,3.26,10.0,31.25,31.25,suboptimal,nonamb,True,wehrte -> schockierte (Eng: repulsed),True,destruktiv war -> anständig war,False,,True,Schaden verursachte -> die Regeln befolgte
158,original,1,51,provozierte,NP1-Causality,Martin,provozierte,"Sabine,",weil,er,an diesem Tag,streitlustig war,und,den Konflikt,suchte,"Martin provozierte Sabine, weil er an diesem Tag streitlustig war und den Konflikt suchte.",ok_prefix_keep_particle_or_punctuation,Martin,Barbara,David,Sabine,NP1,,,provoked,AgP,8.0,35.0,-1.36,70,NP1,provozierte,provozierte,0.95,11.0,,"Der Student provozierte die Chefin, weil er am späten Vormitag rachsüchtig war und den Ärger entfachte.",rachsüchtig,0.43,6.0,50.0,50.0,suboptimal,nonamb,False,,True,unwillig war -> streitlustig war,False,,True,Frustration verspührte -> den Konflikt suchte
158,both_male,2,51,provozierte,NP1-Causality,Martin,provozierte,"David,",weil,er,an diesem Tag,streitlustig war,und,den Konflikt,suchte,"Martin provozierte David, weil er an diesem Tag streitlustig war und den Konflikt suchte.",ok_prefix_keep_particle_or_punctuation,Martin,Barbara,David,Sabine,NP1,,,provoked,AgP,8.0,35.0,-1.36,70,NP1,provozierte,provozierte,0.95,11.0,,"Der Student provozierte die Chefin, weil er am späten Vormitag rachsüchtig war und den Ärger entfachte.",rachsüchtig,0.43,6.0,50.0,50.0,suboptimal,nonamb,False,,True,unwillig war -> streitlustig war,False,,True,Frustration verspührte -> den Konflikt suchte
158,both_female,3,51,provozierte,NP1-Causality,Barbara,provozierte,"Sabine,",weil,sie,an diesem Tag,streitlustig war,und,den Konflikt,suchte,"Barbara provozierte Sabine, weil sie an diesem Tag streitlustig war und den Konflikt suchte.",ok_prefix_keep_particle_or_punctuation,Martin,Barbara,David,Sabine,NP1,,,provoked,AgP,8.0,35.0,-1.36,70,NP1,provozierte,provozierte,0.95,11.0,,"Der Student provozierte die Chefin, weil er am späten Vormitag rachsüchtig war und den Ärger entfachte.",rachsüchtig,0.43,6.0,50.0,50.0,suboptimal,nonamb,False,,True,unwillig war -> streitlustig war,False,,True,Frustration verspührte -> den Konflikt suchte
158,swapped,4,51,provozierte,NP1-Causality,Barbara,provozierte,"David,",weil,sie,an diesem Tag,streitlustig war,und,den Konflikt,suchte,"Barbara provozierte David, weil sie an diesem Tag streitlustig war und den Konflikt suchte.",ok_prefix_keep_particle_or_punctuation,Martin,Barbara,David,Sabine,NP1,,,provoked,AgP,8.0,35.0,-1.36,70,NP1,provozierte,provozierte,0.95,11.0,,"Der Student provozierte die Chefin, weil er am späten Vormitag rachsüchtig war und den Ärger entfachte.",rachsüchtig,0.43,6.0,50.0,50.0,suboptimal,nonamb,False,,True,unwillig war -> streitlustig war,False,,True,Frustration verspührte -> den Konflikt suchte
159,original,5,51,provozierte,NP2-Causality,Martin,provozierte,"Sabine,",weil,sie,an diesem Tag,launisch war,und,die Antwort,verweigerte,"Martin provozierte Sabine, weil sie an diesem Tag launisch war und die Antwort verweigerte.",ok_prefix_keep_particle_or_punctuation,Martin,Barbara,David,Sabine,NP1,,,provoked,AgP,8.0,35.0,-1.36,70,NP1,provozierte,provozierte,0.95,11.0,,"Der Student provozierte die Chefin, weil sie am späten Vormittag reizbar war und die Stimmung verschärfte.",reizbar,0.5,7.0,50.0,50.0,suboptimal,nonamb,False,,True,reizbar war -> launisch war,False,,True,die Leistung ignorierte -> die Antwort verweigerte
159,both_male,6,51,provozierte,NP2-Causality,Martin,provozierte,"David,",weil,er,an diesem Tag,launisch war,und,die Antwort,verweigerte,"Martin provozierte David, weil er an diesem Tag launisch war und die Antwort verweigerte.",ok_prefix_keep_particle_or_punctuation,Martin,Barbara,David,Sabine,NP1,,,provoked,AgP,8.0,35.0,-1.36,70,NP1,provozierte,provozierte,0.95,11.0,,"Der Student provozierte die Chefin, weil sie am späten Vormittag reizbar war und die Stimmung verschärfte.",reizbar,0.5,7.0,50.0,50.0,suboptimal,nonamb,False,,True,reizbar war -> launisch war,False,,True,die Leistung ignorierte -> die Antwort verweigerte
159,both_female,7,51,provozierte,NP2-Causality,Barbara,provozierte,"Sabine,",weil,sie,an diesem Tag,launisch war,und,die Antwort,verweigerte,"Barbara provozierte Sabine, weil sie an diesem Tag launisch war und die Antwort verweigerte.",ok_prefix_keep_particle_or_punctuation,Martin,Barbara,David,Sabine,NP1,,,provoked,AgP,8.0,35.0,-1.36,70,NP1,provozierte,provozierte,0.95,11.0,,"Der Student provozierte die Chefin, weil sie am späten Vormittag reizbar war und die Stimmung verschärfte.",reizbar,0.5,7.0,50.0,50.0,suboptimal,nonamb,False,,True,reizbar war -> launisch war,False,,True,die Leistung ignorierte -> die Antwort verweigerte
159,swapped,8,51,provozierte,NP2-Causality,Barbara,provozierte,"David,",weil,er,an diesem Tag,launisch war,und,die Antwort,verweigerte,"Barbara provozierte David, weil er an diesem Tag launisch war und die Antwort verweigerte.",ok_prefix_keep_particle_or_punctuation,Martin,Barbara,David,Sabine,NP1,,,provoked,AgP,8.0,35.0,-1.36,70,NP1,provozierte,provozierte,0.95,11.0,,"Der Student provozierte die Chefin, weil sie am späten Vormittag reizbar war und die Stimmung verschärfte.",reizbar,0.5,7.0,50.0,50.0,suboptimal,nonamb,False,,True,reizbar war -> launisch war,False,,True,die Leistung ignorierte -> die Antwort verweigerte
176,original,1,52,erschreckte,NP1-Causality,Karl,erschreckte,"Martina,",weil,er,bei der Begegnung,einschüchternd war,und,die Stimme,erhob,"Karl erschreckte Martina, weil er bei der Begegnung einschüchternd war und die Stimme erhob.",ok_prefix_keep_particle_or_punctuation,Karl,Claudia,Daniel,Martina,NP1,,,scared,StimExp,6.0,0.0,-2.0,74,NP1,erschrecken,erschreckte,0.5,11.0,,"Der Mönch erschreckte die Teenagerin, weil er von Anfang an fürchterlich war und die Stimmung verdunkelte.",fürchterlich,5.74,12.0,62.5,62.5,suboptimal,nonamb,False,,True,obskur war -> einschüchternd war,False,,True,die Stimmung verdunkelte -> die Stimme erhob
176,both_male,2,52,erschreckte,NP1-Causality,Karl,erschreckte,"Daniel,",weil,er,bei der Begegnung,einschüchternd war,und,die Stimme,erhob,"Karl erschreckte Daniel, weil er bei der Begegnung einschüchternd war und die Stimme erhob.",ok_prefix_keep_particle_or_punctuation,Karl,Claudia,Daniel,Martina,NP1,,,scared,StimExp,6.0,0.0,-2.0,74,NP1,erschrecken,erschreckte,0.5,11.0,,"Der Mönch erschreckte die Teenagerin, weil er von Anfang an fürchterlich war und die Stimmung verdunkelte.",fürchterlich,5.74,12.0,62.5,62.5,suboptimal,nonamb,False,,True,obskur war -> einschüchternd war,False,,True,die Stimmung verdunkelte -> die Stimme erhob
176,both_female,3,52,erschreckte,NP1-Causality,Claudia,erschreckte,"Martina,",weil,sie,bei der Begegnung,einschüchternd war,und,die Stimme,erhob,"Claudia erschreckte Martina, weil sie bei der Begegnung einschüchternd war und die Stimme erhob.",ok_prefix_keep_particle_or_punctuation,Karl,Claudia,Daniel,Martina,NP1,,,scared,StimExp,6.0,0.0,-2.0,74,NP1,erschrecken,erschreckte,0.5,11.0,,"Der Mönch erschreckte die Teenagerin, weil er von Anfang an fürchterlich war und die Stimmung verdunkelte.",fürchterlich,5.74,12.0,62.5,62.5,suboptimal,nonamb,False,,True,obskur war -> einschüchternd war,False,,True,die Stimmung verdunkelte -> die Stimme erhob
176,swapped,4,52,erschreckte,NP1-Causality,Claudia,erschreckte,"Daniel,",weil,sie,bei der Begegnung,einschüchternd war,und,die Stimme,erhob,"Claudia erschreckte Daniel, weil sie bei der Begegnung einschüchternd war und die Stimme erhob.",ok_prefix_keep_particle_or_punctuation,Karl,Claudia,Daniel,Martina,NP1,,,scared,StimExp,6.0,0.0,-2.0,74,NP1,erschrecken,erschreckte,0.5,11.0,,"Der Mönch erschreckte die Teenagerin, weil er von Anfang an fürchterlich war und die Stimmung verdunkelte.",fürchterlich,5.74,12.0,62.5,62.5,suboptimal,nonamb,False,,True,obskur war -> einschüchternd war,False,,True,die Stimmung verdunkelte -> die Stimme erhob
177,original,5,52,erschreckte,NP2-Causality,Karl,erschreckte,"Martina,",weil,sie,bei der Begegnung,ängstlich war,und,einen Schrei,ausstieß,"Karl erschreckte Martina, weil sie bei der Begegnung ängstlich war und einen Schrei ausstieß.",ok_prefix_keep_particle_or_punctuation,Karl,Claudia,Daniel,Martina,NP1,,,scared,StimExp,6.0,0.0,-2.0,74,NP1,erschrecken,erschreckte,0.5,11.0,,"Der Mönch erschreckte die Teenagerin, weil sie von Anfang an ängstlich war und die Panik spürte.",ängstlich,7.09,9.0,62.5,62.5,suboptimal,nonamb,False,,False,,False,,True,Panik verspürte -> einen Schrei ausstieß
177,both_male,6,52,erschreckte,NP2-Causality,Karl,erschreckte,"Daniel,",weil,er,bei der Begegnung,ängstlich war,und,einen Schrei,ausstieß,"Karl erschreckte Daniel, weil er bei der Begegnung ängstlich war und einen Schrei ausstieß.",ok_prefix_keep_particle_or_punctuation,Karl,Claudia,Daniel,Martina,NP1,,,scared,StimExp,6.0,0.0,-2.0,74,NP1,erschrecken,erschreckte,0.5,11.0,,"Der Mönch erschreckte die Teenagerin, weil sie von Anfang an ängstlich war und die Panik spürte.",ängstlich,7.09,9.0,62.5,62.5,suboptimal,nonamb,False,,False,,False,,True,Panik verspürte -> einen Schrei ausstieß
177,both_female,7,52,erschreckte,NP2-Causality,Claudia,erschreckte,"Martina,",weil,sie,bei der Begegnung,ängstlich war,und,einen Schrei,ausstieß,"Claudia erschreckte Martina, weil sie bei der Begegnung ängstlich war und einen Schrei ausstieß.",ok_prefix_keep_particle_or_punctuation,Karl,Claudia,Daniel,Martina,NP1,,,scared,StimExp,6.0,0.0,-2.0,74,NP1,erschrecken,erschreckte,0.5,11.0,,"Der Mönch erschreckte die Teenagerin, weil sie von Anfang an ängstlich war und die Panik spürte.",ängstlich,7.09,9.0,62.5,62.5,suboptimal,nonamb,False,,False,,False,,True,Panik verspürte -> einen Schrei ausstieß
177,swapped,8,52,erschreckte,NP2-Causality,Claudia,erschreckte,"Daniel,",weil,er,bei der Begegnung,ängstlich war,und,einen Schrei,ausstieß,"Claudia erschreckte Daniel, weil er bei der Begegnung ängstlich war und einen Schrei ausstieß.",ok_prefix_keep_particle_or_punctuation,Karl,Claudia,Daniel,Martina,NP1,,,scared,StimExp,6.0,0.0,-2.0,74,NP1,erschrecken,erschreckte,0.5,11.0,,"Der Mönch erschreckte die Teenagerin, weil sie von Anfang an ängstlich war und die Panik spürte.",ängstlich,7.09,9.0,62.5,62.5,suboptimal,nonamb,False,,False,,False,,True,Panik verspürte -> einen Schrei ausstieß
22,original,1,53,lobte,NP1-Causality,Paul,lobte,"Julia,",weil,er,von Anfang an,begeistert war,und,die Stärke,bewunderte,"Paul lobte Julia, weil er von Anfang an begeistert war und die Stärke bewunderte.",ok_prefix_keep_particle_or_punctuation,Paul,Laura,Christian,Julia,NP2,,,praised,AgEvo,7.0,226.0,1.82,-87,NP2,lobte,lobte,4.7,5.0,,"Der Anführer lobte die Kriegerin, weil er von Anfang an anerkennend war und den Einsatz würdigte.",anerkennend,1.13,11.0,93.75,93.75,optimal,nonamb,False,,True,anerkennend war -> begeistert war,False,,False,
22,both_male,2,53,lobte,NP1-Causality,Paul,lobte,"Christian,",weil,er,von Anfang an,begeistert war,und,die Stärke,bewunderte,"Paul lobte Christian, weil er von Anfang an begeistert war und die Stärke bewunderte.",ok_prefix_keep_particle_or_punctuation,Paul,Laura,Christian,Julia,NP2,,,praised,AgEvo,7.0,226.0,1.82,-87,NP2,lobte,lobte,4.7,5.0,,"Der Anführer lobte die Kriegerin, weil er von Anfang an anerkennend war und den Einsatz würdigte.",anerkennend,1.13,11.0,93.75,93.75,optimal,nonamb,False,,True,anerkennend war -> begeistert war,False,,False,
22,both_female,3,53,lobte,NP1-Causality,Laura,lobte,"Julia,",weil,sie,von Anfang an,begeistert war,und,die Stärke,bewunderte,"Laura lobte Julia, weil sie von Anfang an begeistert war und die Stärke bewunderte.",ok_prefix_keep_particle_or_punctuation,Paul,Laura,Christian,Julia,NP2,,,praised,AgEvo,7.0,226.0,1.82,-87,NP2,lobte,lobte,4.7,5.0,,"Der Anführer lobte die Kriegerin, weil er von Anfang an anerkennend war und den Einsatz würdigte.",anerkennend,1.13,11.0,93.75,93.75,optimal,nonamb,False,,True,anerkennend war -> begeistert war,False,,False,
22,swapped,4,53,lobte,NP1-Causality,Laura,lobte,"Christian,",weil,sie,von Anfang an,begeistert war,und,die Stärke,bewunderte,"Laura lobte Christian, weil sie von Anfang an begeistert war und die Stärke bewunderte.",ok_prefix_keep_particle_or_punctuation,Paul,Laura,Christian,Julia,NP2,,,praised,AgEvo,7.0,226.0,1.82,-87,NP2,lobte,lobte,4.7,5.0,,"Der Anführer lobte die Kriegerin, weil er von Anfang an anerkennend war und den Einsatz würdigte.",anerkennend,1.13,11.0,93.75,93.75,optimal,nonamb,False,,True,anerkennend war -> begeistert war,False,,False,
23,original,5,53,lobte,NP2-Causality,Paul,lobte,"Julia,",weil,sie,von Anfang an,ehrgeizig war,und,die Prüfung,bestand,"Paul lobte Julia, weil sie von Anfang an ehrgeizig war und die Prüfung bestand.",ok_prefix_keep_particle_or_punctuation,Paul,Laura,Christian,Julia,NP2,,,praised,AgEvo,7.0,226.0,1.82,-87,NP2,lobte,lobte,4.7,5.0,,"Der Anführer lobte die Kriegerin, weil sie von Anfang an tapfer war und die Gefahr meisterte.",tapfer,6.05,6.0,93.75,93.75,optimal,nonamb,False,,True,tapfer war -> ehrgeizig war,False,,True,die Gefahr abwand -> die Prüfung bestand
23,both_male,6,53,lobte,NP2-Causality,Paul,lobte,"Christian,",weil,er,von Anfang an,ehrgeizig war,und,die Prüfung,bestand,"Paul lobte Christian, weil er von Anfang an ehrgeizig war und die Prüfung bestand.",ok_prefix_keep_particle_or_punctuation,Paul,Laura,Christian,Julia,NP2,,,praised,AgEvo,7.0,226.0,1.82,-87,NP2,lobte,lobte,4.7,5.0,,"Der Anführer lobte die Kriegerin, weil sie von Anfang an tapfer war und die Gefahr meisterte.",tapfer,6.05,6.0,93.75,93.75,optimal,nonamb,False,,True,tapfer war -> ehrgeizig war,False,,True,die Gefahr abwand -> die Prüfung bestand
23,both_female,7,53,lobte,NP2-Causality,Laura,lobte,"Julia,",weil,sie,von Anfang an,ehrgeizig war,und,die Prüfung,bestand,"Laura lobte Julia, weil sie von Anfang an ehrgeizig war und die Prüfung bestand.",ok_prefix_keep_particle_or_punctuation,Paul,Laura,Christian,Julia,NP2,,,praised,AgEvo,7.0,226.0,1.82,-87,NP2,lobte,lobte,4.7,5.0,,"Der Anführer lobte die Kriegerin, weil sie von Anfang an tapfer war und die Gefahr meisterte.",tapfer,6.05,6.0,93.75,93.75,optimal,nonamb,False,,True,tapfer war -> ehrgeizig war,False,,True,die Gefahr abwand -> die Prüfung bestand
23,swapped,8,53,lobte,NP2-Causality,Laura,lobte,"Christian,",weil,er,von Anfang an,ehrgeizig war,und,die Prüfung,bestand,"Laura lobte Christian, weil er von Anfang an ehrgeizig war und die Prüfung bestand.",ok_prefix_keep_particle_or_punctuation,Paul,Laura,Christian,Julia,NP2,,,praised,AgEvo,7.0,226.0,1.82,-87,NP2,lobte,lobte,4.7,5.0,,"Der Anführer lobte die Kriegerin, weil sie von Anfang an tapfer war und die Gefahr meisterte.",tapfer,6.05,6.0,93.75,93.75,optimal,nonamb,False,,True,tapfer war -> ehrgeizig war,False,,True,die Gefahr abwand -> die Prüfung bestand
48,original,1,54,grollte,NP1-Causality,Peter,grollte,"Lisa,",weil,er,in den Aufgaben,erfolgreich war,und,die Wertschätzung,vermisste,"Peter grollte Lisa, weil er in den Aufgaben erfolgreich war und die Wertschätzung vermisste.",ok_prefix_keep_particle_or_punctuation,Peter,Maria,Stefan,Lisa,NP2,,,resented,ExpStim,8.0,41.0,-2.09,-76,NP2,grollte,grollte,0.21,8.0,,"Der Unternehmer grollte der Bewerberin, weil er bis zum Ende gewinnorientiert war und den Nutzen prüfte.",fachfremd,0.52,9.0,56.25,56.25,suboptimal,nonamb,False,,True,gewinnorientiert war -> erfolgreich war,False,,True,Fehler bemerkte -> die Wertschätzung vermisste
48,both_male,2,54,grollte,NP1-Causality,Peter,grollte,"Stefan,",weil,er,in den Aufgaben,erfolgreich war,und,die Wertschätzung,vermisste,"Peter grollte Stefan, weil er in den Aufgaben erfolgreich war und die Wertschätzung vermisste.",ok_prefix_keep_particle_or_punctuation,Peter,Maria,Stefan,Lisa,NP2,,,resented,ExpStim,8.0,41.0,-2.09,-76,NP2,grollte,grollte,0.21,8.0,,"Der Unternehmer grollte der Bewerberin, weil er bis zum Ende gewinnorientiert war und den Nutzen prüfte.",fachfremd,0.52,9.0,56.25,56.25,suboptimal,nonamb,False,,True,gewinnorientiert war -> erfolgreich war,False,,True,Fehler bemerkte -> die Wertschätzung vermisste
48,both_female,3,54,grollte,NP1-Causality,Maria,grollte,"Lisa,",weil,sie,in den Aufgaben,erfolgreich war,und,die Wertschätzung,vermisste,"Maria grollte Lisa, weil sie in den Aufgaben erfolgreich war und die Wertschätzung vermisste.",ok_prefix_keep_particle_or_punctuation,Peter,Maria,Stefan,Lisa,NP2,,,resented,ExpStim,8.0,41.0,-2.09,-76,NP2,grollte,grollte,0.21,8.0,,"Der Unternehmer grollte der Bewerberin, weil er bis zum Ende gewinnorientiert war und den Nutzen prüfte.",fachfremd,0.52,9.0,56.25,56.25,suboptimal,nonamb,False,,True,gewinnorientiert war -> erfolgreich war,False,,True,Fehler bemerkte -> die Wertschätzung vermisste
48,swapped,4,54,grollte,NP1-Causality,Maria,grollte,"Stefan,",weil,sie,in den Aufgaben,erfolgreich war,und,die Wertschätzung,vermisste,"Maria grollte Stefan, weil sie in den Aufgaben erfolgreich war und die Wertschätzung vermisste.",ok_prefix_keep_particle_or_punctuation,Peter,Maria,Stefan,Lisa,NP2,,,resented,ExpStim,8.0,41.0,-2.09,-76,NP2,grollte,grollte,0.21,8.0,,"Der Unternehmer grollte der Bewerberin, weil er bis zum Ende gewinnorientiert war und den Nutzen prüfte.",fachfremd,0.52,9.0,56.25,56.25,suboptimal,nonamb,False,,True,gewinnorientiert war -> erfolgreich war,False,,True,Fehler bemerkte -> die Wertschätzung vermisste
49,original,5,54,grollte,NP2-Causality,Peter,grollte,"Lisa,",weil,sie,in den Aufgaben,schlampig war,und,die Anforderungen,verfehlte,"Peter grollte Lisa, weil sie in den Aufgaben schlampig war und die Anforderungen verfehlte.",ok_prefix_keep_particle_or_punctuation,Peter,Maria,Stefan,Lisa,NP2,,,resented,ExpStim,8.0,41.0,-2.09,-76,NP2,grollte,grollte,0.21,8.0,,"Der Unternehmer grollte der Bewerberin, weil sie bis zum Ende fachfremd war und die Anforderung verfehlte.",gewinnorientiert,0.7,16.0,56.25,56.25,suboptimal,nonamb,False,,True,fachfremd war -> schlampig war,False,,False,
49,both_male,6,54,grollte,NP2-Causality,Peter,grollte,"Stefan,",weil,er,in den Aufgaben,schlampig war,und,die Anforderungen,verfehlte,"Peter grollte Stefan, weil er in den Aufgaben schlampig war und die Anforderungen verfehlte.",ok_prefix_keep_particle_or_punctuation,Peter,Maria,Stefan,Lisa,NP2,,,resented,ExpStim,8.0,41.0,-2.09,-76,NP2,grollte,grollte,0.21,8.0,,"Der Unternehmer grollte der Bewerberin, weil sie bis zum Ende fachfremd war und die Anforderung verfehlte.",gewinnorientiert,0.7,16.0,56.25,56.25,suboptimal,nonamb,False,,True,fachfremd war -> schlampig war,False,,False,
49,both_female,7,54,grollte,NP2-Causality,Maria,grollte,"Lisa,",weil,sie,in den Aufgaben,schlampig war,und,die Anforderungen,verfehlte,"Maria grollte Lisa, weil sie in den Aufgaben schlampig war und die Anforderungen verfehlte.",ok_prefix_keep_particle_or_punctuation,Peter,Maria,Stefan,Lisa,NP2,,,resented,ExpStim,8.0,41.0,-2.09,-76,NP2,grollte,grollte,0.21,8.0,,"Der Unternehmer grollte der Bewerberin, weil sie bis zum Ende fachfremd war und die Anforderung verfehlte.",gewinnorientiert,0.7,16.0,56.25,56.25,suboptimal,nonamb,False,,True,fachfremd war -> schlampig war,False,,False,
49,swapped,8,54,grollte,NP2-Causality,Maria,grollte,"Stefan,",weil,er,in den Aufgaben,schlampig war,und,die Anforderungen,verfehlte,"Maria grollte Stefan, weil er in den Aufgaben schlampig war und die Anforderungen verfehlte.",ok_prefix_keep_particle_or_punctuation,Peter,Maria,Stefan,Lisa,NP2,,,resented,ExpStim,8.0,41.0,-2.09,-76,NP2,grollte,grollte,0.21,8.0,,"Der Unternehmer grollte der Bewerberin, weil sie bis zum Ende fachfremd war und die Anforderung verfehlte.",gewinnorientiert,0.7,16.0,56.25,56.25,suboptimal,nonamb,False,,True,fachfremd war -> schlampig war,False,,False,
54,original,1,55,schätzte,NP1-Causality,Matthias,schätzte,"Lena,",weil,er,seit vielen Jahren,überlastet war,und,die Unterstützung,benötigte,"Matthias schätzte Lena, weil er seit vielen Jahren überlastet war und die Unterstützung benötigte.",ok_prefix_keep_particle_or_punctuation,Matthias,Nicole,Andreas,Lena,NP2,,,prized,ExpStim,6.0,330.0,1.36,-74,NP2,schätzte,schätzte,2.11,8.0,,"Der Gutsherr schätzte die Magd, weil er von Anfang an hilfsbedürftig war und die Unterstützung brauchte. ",hilfsbedürftig,0.9,14.0,56.25,56.25,suboptimal,nonamb,False,,True,alleine war -> überlastet war,True,seit Jahren -> seit vielen Jahren,False,
54,both_male,2,55,schätzte,NP1-Causality,Matthias,schätzte,"Andreas,",weil,er,seit vielen Jahren,überlastet war,und,die Unterstützung,benötigte,"Matthias schätzte Andreas, weil er seit vielen Jahren überlastet war und die Unterstützung benötigte.",ok_prefix_keep_particle_or_punctuation,Matthias,Nicole,Andreas,Lena,NP2,,,prized,ExpStim,6.0,330.0,1.36,-74,NP2,schätzte,schätzte,2.11,8.0,,"Der Gutsherr schätzte die Magd, weil er von Anfang an hilfsbedürftig war und die Unterstützung brauchte. ",hilfsbedürftig,0.9,14.0,56.25,56.25,suboptimal,nonamb,False,,True,alleine war -> überlastet war,True,seit Jahren -> seit vielen Jahren,False,
54,both_female,3,55,schätzte,NP1-Causality,Nicole,schätzte,"Lena,",weil,sie,seit vielen Jahren,überlastet war,und,die Unterstützung,benötigte,"Nicole schätzte Lena, weil sie seit vielen Jahren überlastet war und die Unterstützung benötigte.",ok_prefix_keep_particle_or_punctuation,Matthias,Nicole,Andreas,Lena,NP2,,,prized,ExpStim,6.0,330.0,1.36,-74,NP2,schätzte,schätzte,2.11,8.0,,"Der Gutsherr schätzte die Magd, weil er von Anfang an hilfsbedürftig war und die Unterstützung brauchte. ",hilfsbedürftig,0.9,14.0,56.25,56.25,suboptimal,nonamb,False,,True,alleine war -> überlastet war,True,seit Jahren -> seit vielen Jahren,False,
54,swapped,4,55,schätzte,NP1-Causality,Nicole,schätzte,"Andreas,",weil,sie,seit vielen Jahren,überlastet war,und,die Unterstützung,benötigte,"Nicole schätzte Andreas, weil sie seit vielen Jahren überlastet war und die Unterstützung benötigte.",ok_prefix_keep_particle_or_punctuation,Matthias,Nicole,Andreas,Lena,NP2,,,prized,ExpStim,6.0,330.0,1.36,-74,NP2,schätzte,schätzte,2.11,8.0,,"Der Gutsherr schätzte die Magd, weil er von Anfang an hilfsbedürftig war und die Unterstützung brauchte. ",hilfsbedürftig,0.9,14.0,56.25,56.25,suboptimal,nonamb,False,,True,alleine war -> überlastet war,True,seit Jahren -> seit vielen Jahren,False,
55,original,5,55,schätzte,NP2-Causality,Matthias,schätzte,"Lena,",weil,sie,seit vielen Jahren,kreativ war,und,das Problem,löste,"Matthias schätzte Lena, weil sie seit vielen Jahren kreativ war und das Problem löste.",ok_prefix_keep_particle_or_punctuation,Matthias,Nicole,Andreas,Lena,NP2,,,prized,ExpStim,6.0,330.0,1.36,-74,NP2,schätzte,schätzte,2.11,8.0,,"Der Gutsherr schätzte die Magd, weil sie von Anfang an fleißig war und die Pflicht erfüllte.",fleißig,9.08,8.0,56.25,56.25,suboptimal,nonamb,False,,True,fleißig war -> kreativ war,True,seit Jahren -> seit vielen Jahren,True,Lösungen erdachte -> das Problem löste
55,both_male,6,55,schätzte,NP2-Causality,Matthias,schätzte,"Andreas,",weil,er,seit vielen Jahren,kreativ war,und,das Problem,löste,"Matthias schätzte Andreas, weil er seit vielen Jahren kreativ war und das Problem löste.",ok_prefix_keep_particle_or_punctuation,Matthias,Nicole,Andreas,Lena,NP2,,,prized,ExpStim,6.0,330.0,1.36,-74,NP2,schätzte,schätzte,2.11,8.0,,"Der Gutsherr schätzte die Magd, weil sie von Anfang an fleißig war und die Pflicht erfüllte.",fleißig,9.08,8.0,56.25,56.25,suboptimal,nonamb,False,,True,fleißig war -> kreativ war,True,seit Jahren -> seit vielen Jahren,True,Lösungen erdachte -> das Problem löste
55,both_female,7,55,schätzte,NP2-Causality,Nicole,schätzte,"Lena,",weil,sie,seit vielen Jahren,kreativ war,und,das Problem,löste,"Nicole schätzte Lena, weil sie seit vielen Jahren kreativ war und das Problem löste.",ok_prefix_keep_particle_or_punctuation,Matthias,Nicole,Andreas,Lena,NP2,,,prized,ExpStim,6.0,330.0,1.36,-74,NP2,schätzte,schätzte,2.11,8.0,,"Der Gutsherr schätzte die Magd, weil sie von Anfang an fleißig war und die Pflicht erfüllte.",fleißig,9.08,8.0,56.25,56.25,suboptimal,nonamb,False,,True,fleißig war -> kreativ war,True,seit Jahren -> seit vielen Jahren,True,Lösungen erdachte -> das Problem löste
55,swapped,8,55,schätzte,NP2-Causality,Nicole,schätzte,"Andreas,",weil,er,seit vielen Jahren,kreativ war,und,das Problem,löste,"Nicole schätzte Andreas, weil er seit vielen Jahren kreativ war und das Problem löste.",ok_prefix_keep_particle_or_punctuation,Matthias,Nicole,Andreas,Lena,NP2,,,prized,ExpStim,6.0,330.0,1.36,-74,NP2,schätzte,schätzte,2.11,8.0,,"Der Gutsherr schätzte die Magd, weil sie von Anfang an fleißig war und die Pflicht erfüllte.",fleißig,9.08,8.0,56.25,56.25,suboptimal,nonamb,False,,True,fleißig war -> kreativ war,True,seit Jahren -> seit vielen Jahren,True,Lösungen erdachte -> das Problem löste
90,original,1,57,verhöhnte,NP1-Causality,Tobias,verhöhnte,"Susanne,",weil,er,bis zum Ende,arrogant war,und,den Rat,ablehnte,"Tobias verhöhnte Susanne, weil er bis zum Ende arrogant war und den Rat ablehnte.",ok_prefix_keep_particle_or_punctuation,Tobias,Linda,Jürgen,Susanne,neutral,,,reviled,AgEvo,7.0,23.0,-1.73,-9,neutral,schmähte,schmähte,0.06,8.0,,"Der Politiker schmähte die Parteigenossin, weil er bis zum Ende verärgert war und die Fassung verlor.",verärgert,3.91,9.0,68.75,68.75,suboptimal,nonamb,True,schmähte -> verhöhnte (Eng: reviled),True,verärgert war -> arrogant war,False,,True,Unterstützung vermisste -> den Rat ablehnte
90,both_male,2,57,verhöhnte,NP1-Causality,Tobias,verhöhnte,"Jürgen,",weil,er,bis zum Ende,arrogant war,und,den Rat,ablehnte,"Tobias verhöhnte Jürgen, weil er bis zum Ende arrogant war und den Rat ablehnte.",ok_prefix_keep_particle_or_punctuation,Tobias,Linda,Jürgen,Susanne,neutral,,,reviled,AgEvo,7.0,23.0,-1.73,-9,neutral,schmähte,schmähte,0.06,8.0,,"Der Politiker schmähte die Parteigenossin, weil er bis zum Ende verärgert war und die Fassung verlor.",verärgert,3.91,9.0,68.75,68.75,suboptimal,nonamb,True,schmähte -> verhöhnte (Eng: reviled),True,verärgert war -> arrogant war,False,,True,Unterstützung vermisste -> den Rat ablehnte
90,both_female,3,57,verhöhnte,NP1-Causality,Linda,verhöhnte,"Susanne,",weil,sie,bis zum Ende,arrogant war,und,den Rat,ablehnte,"Linda verhöhnte Susanne, weil sie bis zum Ende arrogant war und den Rat ablehnte.",ok_prefix_keep_particle_or_punctuation,Tobias,Linda,Jürgen,Susanne,neutral,,,reviled,AgEvo,7.0,23.0,-1.73,-9,neutral,schmähte,schmähte,0.06,8.0,,"Der Politiker schmähte die Parteigenossin, weil er bis zum Ende verärgert war und die Fassung verlor.",verärgert,3.91,9.0,68.75,68.75,suboptimal,nonamb,True,schmähte -> verhöhnte (Eng: reviled),True,verärgert war -> arrogant war,False,,True,Unterstützung vermisste -> den Rat ablehnte
90,swapped,4,57,verhöhnte,NP1-Causality,Linda,verhöhnte,"Jürgen,",weil,sie,bis zum Ende,arrogant war,und,den Rat,ablehnte,"Linda verhöhnte Jürgen, weil sie bis zum Ende arrogant war und den Rat ablehnte.",ok_prefix_keep_particle_or_punctuation,Tobias,Linda,Jürgen,Susanne,neutral,,,reviled,AgEvo,7.0,23.0,-1.73,-9,neutral,schmähte,schmähte,0.06,8.0,,"Der Politiker schmähte die Parteigenossin, weil er bis zum Ende verärgert war und die Fassung verlor.",verärgert,3.91,9.0,68.75,68.75,suboptimal,nonamb,True,schmähte -> verhöhnte (Eng: reviled),True,verärgert war -> arrogant war,False,,True,Unterstützung vermisste -> den Rat ablehnte
91,original,5,57,verhöhnte,NP2-Causality,Tobias,verhöhnte,"Susanne,",weil,sie,bis zum Ende,unsicher war,und,jede Kritik,fürchtete,"Tobias verhöhnte Susanne, weil sie bis zum Ende unsicher war und jede Kritik fürchtete.",ok_prefix_keep_particle_or_punctuation,Tobias,Linda,Jürgen,Susanne,neutral,,,reviled,AgEvo,7.0,23.0,-1.73,-9,neutral,schmähte,schmähte,0.06,8.0,,"Der Politiker schmähte die Parteigenossin, weil sie bis zum Ende besiegt war und der Rückhalt fehlte.",besiegt,7.28,7.0,68.75,68.75,suboptimal,nonamb,True,schmähte -> verhöhnte (Eng: reviled),True,hilflos war -> unsicher war,False,,True,Selbstbewusstsein fehlte -> jede Kritik fürchtete
91,both_male,6,57,verhöhnte,NP2-Causality,Tobias,verhöhnte,"Jürgen,",weil,er,bis zum Ende,unsicher war,und,jede Kritik,fürchtete,"Tobias verhöhnte Jürgen, weil er bis zum Ende unsicher war und jede Kritik fürchtete.",ok_prefix_keep_particle_or_punctuation,Tobias,Linda,Jürgen,Susanne,neutral,,,reviled,AgEvo,7.0,23.0,-1.73,-9,neutral,schmähte,schmähte,0.06,8.0,,"Der Politiker schmähte die Parteigenossin, weil sie bis zum Ende besiegt war und der Rückhalt fehlte.",besiegt,7.28,7.0,68.75,68.75,suboptimal,nonamb,True,schmähte -> verhöhnte (Eng: reviled),True,hilflos war -> unsicher war,False,,True,Selbstbewusstsein fehlte -> jede Kritik fürchtete
91,both_female,7,57,verhöhnte,NP2-Causality,Linda,verhöhnte,"Susanne,",weil,sie,bis zum Ende,unsicher war,und,jede Kritik,fürchtete,"Linda verhöhnte Susanne, weil sie bis zum Ende unsicher war und jede Kritik fürchtete.",ok_prefix_keep_particle_or_punctuation,Tobias,Linda,Jürgen,Susanne,neutral,,,reviled,AgEvo,7.0,23.0,-1.73,-9,neutral,schmähte,schmähte,0.06,8.0,,"Der Politiker schmähte die Parteigenossin, weil sie bis zum Ende besiegt war und der Rückhalt fehlte.",besiegt,7.28,7.0,68.75,68.75,suboptimal,nonamb,True,schmähte -> verhöhnte (Eng: reviled),True,hilflos war -> unsicher war,False,,True,Selbstbewusstsein fehlte -> jede Kritik fürchtete
91,swapped,8,57,verhöhnte,NP2-Causality,Linda,verhöhnte,"Jürgen,",weil,er,bis zum Ende,unsicher war,und,jede Kritik,fürchtete,"Linda verhöhnte Jürgen, weil er bis zum Ende unsicher war und jede Kritik fürchtete.",ok_prefix_keep_particle_or_punctuation,Tobias,Linda,Jürgen,Susanne,neutral,,,reviled,AgEvo,7.0,23.0,-1.73,-9,neutral,schmähte,schmähte,0.06,8.0,,"Der Politiker schmähte die Parteigenossin, weil sie bis zum Ende besiegt war und der Rückhalt fehlte.",besiegt,7.28,7.0,68.75,68.75,suboptimal,nonamb,True,schmähte -> verhöhnte (Eng: reviled),True,hilflos war -> unsicher war,False,,True,Selbstbewusstsein fehlte -> jede Kritik fürchtete
138,original,1,58,beschämte,NP1-Causality,Philipp,beschämte,"Katharina,",weil,er,an dem Tag,gemein war,und,den Fehler,betonte,"Philipp beschämte Katharina, weil er an dem Tag gemein war und den Fehler betonte.",ok_prefix_keep_particle_or_punctuation,Philipp,Monika,Alexander,Katharina,neutral,,,shamed,AgP,6.0,1.0,-2.0,12,neutral,beschämte,beschämte,0.06,9.0,,"Der Leiter beschämte die Jugendliche, weil er von Anfang an unmöglich war und die Grenzen missachtete.",unmöglich,36.13,9.0,100.0,100.0,optimal,nonamb,False,,True,herablassend war -> gemein war,False,,True,Grenzen missachtete -> den Fehler betonte
138,both_male,2,58,beschämte,NP1-Causality,Philipp,beschämte,"Alexander,",weil,er,an dem Tag,gemein war,und,den Fehler,betonte,"Philipp beschämte Alexander, weil er an dem Tag gemein war und den Fehler betonte.",ok_prefix_keep_particle_or_punctuation,Philipp,Monika,Alexander,Katharina,neutral,,,shamed,AgP,6.0,1.0,-2.0,12,neutral,beschämte,beschämte,0.06,9.0,,"Der Leiter beschämte die Jugendliche, weil er von Anfang an unmöglich war und die Grenzen missachtete.",unmöglich,36.13,9.0,100.0,100.0,optimal,nonamb,False,,True,herablassend war -> gemein war,False,,True,Grenzen missachtete -> den Fehler betonte
138,both_female,3,58,beschämte,NP1-Causality,Monika,beschämte,"Katharina,",weil,sie,an dem Tag,gemein war,und,den Fehler,betonte,"Monika beschämte Katharina, weil sie an dem Tag gemein war und den Fehler betonte.",ok_prefix_keep_particle_or_punctuation,Philipp,Monika,Alexander,Katharina,neutral,,,shamed,AgP,6.0,1.0,-2.0,12,neutral,beschämte,beschämte,0.06,9.0,,"Der Leiter beschämte die Jugendliche, weil er von Anfang an unmöglich war und die Grenzen missachtete.",unmöglich,36.13,9.0,100.0,100.0,optimal,nonamb,False,,True,herablassend war -> gemein war,False,,True,Grenzen missachtete -> den Fehler betonte
138,swapped,4,58,beschämte,NP1-Causality,Monika,beschämte,"Alexander,",weil,sie,an dem Tag,gemein war,und,den Fehler,betonte,"Monika beschämte Alexander, weil sie an dem Tag gemein war und den Fehler betonte.",ok_prefix_keep_particle_or_punctuation,Philipp,Monika,Alexander,Katharina,neutral,,,shamed,AgP,6.0,1.0,-2.0,12,neutral,beschämte,beschämte,0.06,9.0,,"Der Leiter beschämte die Jugendliche, weil er von Anfang an unmöglich war und die Grenzen missachtete.",unmöglich,36.13,9.0,100.0,100.0,optimal,nonamb,False,,True,herablassend war -> gemein war,False,,True,Grenzen missachtete -> den Fehler betonte
139,original,5,58,beschämte,NP2-Causality,Philipp,beschämte,"Katharina,",weil,sie,an dem Tag,tollpatschig war,und,das Essen,verschüttete,"Philipp beschämte Katharina, weil sie an dem Tag tollpatschig war und das Essen verschüttete.",ok_prefix_keep_particle_or_punctuation,Philipp,Monika,Alexander,Katharina,neutral,,,shamed,AgP,6.0,1.0,-2.0,12,neutral,beschämte,beschämte,0.06,9.0,,"Der Leiter beschämte die Jugendliche, weil sie von Anfang an tugendhaft war und das Fehlverhalten spürte.",tugendhaft,0.82,10.0,100.0,100.0,optimal,nonamb,False,,True,verletzlich war -> tollpatschig war,False,,True,Aufmerksamkeit fürchtete -> das Essen verschüttete
139,both_male,6,58,beschämte,NP2-Causality,Philipp,beschämte,"Alexander,",weil,er,an dem Tag,tollpatschig war,und,das Essen,verschüttete,"Philipp beschämte Alexander, weil er an dem Tag tollpatschig war und das Essen verschüttete.",ok_prefix_keep_particle_or_punctuation,Philipp,Monika,Alexander,Katharina,neutral,,,shamed,AgP,6.0,1.0,-2.0,12,neutral,beschämte,beschämte,0.06,9.0,,"Der Leiter beschämte die Jugendliche, weil sie von Anfang an tugendhaft war und das Fehlverhalten spürte.",tugendhaft,0.82,10.0,100.0,100.0,optimal,nonamb,False,,True,verletzlich war -> tollpatschig war,False,,True,Aufmerksamkeit fürchtete -> das Essen verschüttete
139,both_female,7,58,beschämte,NP2-Causality,Monika,beschämte,"Katharina,",weil,sie,an dem Tag,tollpatschig war,und,das Essen,verschüttete,"Monika beschämte Katharina, weil sie an dem Tag tollpatschig war und das Essen verschüttete.",ok_prefix_keep_particle_or_punctuation,Philipp,Monika,Alexander,Katharina,neutral,,,shamed,AgP,6.0,1.0,-2.0,12,neutral,beschämte,beschämte,0.06,9.0,,"Der Leiter beschämte die Jugendliche, weil sie von Anfang an tugendhaft war und das Fehlverhalten spürte.",tugendhaft,0.82,10.0,100.0,100.0,optimal,nonamb,False,,True,verletzlich war -> tollpatschig war,False,,True,Aufmerksamkeit fürchtete -> das Essen verschüttete
139,swapped,8,58,beschämte,NP2-Causality,Monika,beschämte,"Alexander,",weil,er,an dem Tag,tollpatschig war,und,das Essen,verschüttete,"Monika beschämte Alexander, weil er an dem Tag tollpatschig war und das Essen verschüttete.",ok_prefix_keep_particle_or_punctuation,Philipp,Monika,Alexander,Katharina,neutral,,,shamed,AgP,6.0,1.0,-2.0,12,neutral,beschämte,beschämte,0.06,9.0,,"Der Leiter beschämte die Jugendliche, weil sie von Anfang an tugendhaft war und das Fehlverhalten spürte.",tugendhaft,0.82,10.0,100.0,100.0,optimal,nonamb,False,,True,verletzlich war -> tollpatschig war,False,,True,Aufmerksamkeit fürchtete -> das Essen verschüttete
116,original,1,59,belebte,NP1-Causality,Uwe,belebte,"Petra,",weil,er,in der Session,energisch war,und,die Menge,mitriss,"Uwe belebte Petra, weil er in der Session energisch war und die Menge mitriss.",ok_prefix_keep_particle_or_punctuation,Uwe,Johanna,Florian,Petra,neutral,,,revitalized,StimExp,11.0,3.0,2.27,3,neutral,belebte,wiederbelebte,0.14,13.0,,"Der Sanitäter belebte die Polizistin wieder, weil er bis zum Ende beauftragt war und die Pfllicht erfüllte.",beauftragt,19.9,10.0,56.25,56.25,suboptimal,nonamb,False,,True,gesprächig war -> energisch war,False,,True,Ironie nutzte -> die Menge mitriss
116,both_male,2,59,belebte,NP1-Causality,Uwe,belebte,"Florian,",weil,er,in der Session,energisch war,und,die Menge,mitriss,"Uwe belebte Florian, weil er in der Session energisch war und die Menge mitriss.",ok_prefix_keep_particle_or_punctuation,Uwe,Johanna,Florian,Petra,neutral,,,revitalized,StimExp,11.0,3.0,2.27,3,neutral,belebte,wiederbelebte,0.14,13.0,,"Der Sanitäter belebte die Polizistin wieder, weil er bis zum Ende beauftragt war und die Pfllicht erfüllte.",beauftragt,19.9,10.0,56.25,56.25,suboptimal,nonamb,False,,True,gesprächig war -> energisch war,False,,True,Ironie nutzte -> die Menge mitriss
116,both_female,3,59,belebte,NP1-Causality,Johanna,belebte,"Petra,",weil,sie,in der Session,energisch war,und,die Menge,mitriss,"Johanna belebte Petra, weil sie in der Session energisch war und die Menge mitriss.",ok_prefix_keep_particle_or_punctuation,Uwe,Johanna,Florian,Petra,neutral,,,revitalized,StimExp,11.0,3.0,2.27,3,neutral,belebte,wiederbelebte,0.14,13.0,,"Der Sanitäter belebte die Polizistin wieder, weil er bis zum Ende beauftragt war und die Pfllicht erfüllte.",beauftragt,19.9,10.0,56.25,56.25,suboptimal,nonamb,False,,True,gesprächig war -> energisch war,False,,True,Ironie nutzte -> die Menge mitriss
116,swapped,4,59,belebte,NP1-Causality,Johanna,belebte,"Florian,",weil,sie,in der Session,energisch war,und,die Menge,mitriss,"Johanna belebte Florian, weil sie in der Session energisch war und die Menge mitriss.",ok_prefix_keep_particle_or_punctuation,Uwe,Johanna,Florian,Petra,neutral,,,revitalized,StimExp,11.0,3.0,2.27,3,neutral,belebte,wiederbelebte,0.14,13.0,,"Der Sanitäter belebte die Polizistin wieder, weil er bis zum Ende beauftragt war und die Pfllicht erfüllte.",beauftragt,19.9,10.0,56.25,56.25,suboptimal,nonamb,False,,True,gesprächig war -> energisch war,False,,True,Ironie nutzte -> die Menge mitriss
117,original,5,59,belebte,NP2-Causality,Uwe,belebte,"Petra,",weil,sie,in der Session,müde war,und,die Konzentration,verlor,"Uwe belebte Petra, weil sie in der Session müde war und die Konzentration verlor.",ok_prefix_keep_particle_or_punctuation,Uwe,Johanna,Florian,Petra,neutral,,,revitalized,StimExp,11.0,3.0,2.27,3,neutral,belebte,wiederbelebte,0.14,13.0,,"Der Sanitäter belebte die Polizistin wieder, weil sie bis zum Ende bedeutungsvoll war und die Mission trug.",bedeutungsvoll,1.61,14.0,56.25,56.25,suboptimal,nonamb,False,,True,lustlos war -> müde war,False,,True,Aufmunterung benötigte -> die Konzentration verlor
117,both_male,6,59,belebte,NP2-Causality,Uwe,belebte,"Florian,",weil,er,in der Session,müde war,und,die Konzentration,verlor,"Uwe belebte Florian, weil er in der Session müde war und die Konzentration verlor.",ok_prefix_keep_particle_or_punctuation,Uwe,Johanna,Florian,Petra,neutral,,,revitalized,StimExp,11.0,3.0,2.27,3,neutral,belebte,wiederbelebte,0.14,13.0,,"Der Sanitäter belebte die Polizistin wieder, weil sie bis zum Ende bedeutungsvoll war und die Mission trug.",bedeutungsvoll,1.61,14.0,56.25,56.25,suboptimal,nonamb,False,,True,lustlos war -> müde war,False,,True,Aufmunterung benötigte -> die Konzentration verlor
117,both_female,7,59,belebte,NP2-Causality,Johanna,belebte,"Petra,",weil,sie,in der Session,müde war,und,die Konzentration,verlor,"Johanna belebte Petra, weil sie in der Session müde war und die Konzentration verlor.",ok_prefix_keep_particle_or_punctuation,Uwe,Johanna,Florian,Petra,neutral,,,revitalized,StimExp,11.0,3.0,2.27,3,neutral,belebte,wiederbelebte,0.14,13.0,,"Der Sanitäter belebte die Polizistin wieder, weil sie bis zum Ende bedeutungsvoll war und die Mission trug.",bedeutungsvoll,1.61,14.0,56.25,56.25,suboptimal,nonamb,False,,True,lustlos war -> müde war,False,,True,Aufmunterung benötigte -> die Konzentration verlor
117,swapped,8,59,belebte,NP2-Causality,Johanna,belebte,"Florian,",weil,er,in der Session,müde war,und,die Konzentration,verlor,"Johanna belebte Florian, weil er in der Session müde war und die Konzentration verlor.",ok_prefix_keep_particle_or_punctuation,Uwe,Johanna,Florian,Petra,neutral,,,revitalized,StimExp,11.0,3.0,2.27,3,neutral,belebte,wiederbelebte,0.14,13.0,,"Der Sanitäter belebte die Polizistin wieder, weil sie bis zum Ende bedeutungsvoll war und die Mission trug.",bedeutungsvoll,1.61,14.0,56.25,56.25,suboptimal,nonamb,False,,True,lustlos war -> müde war,False,,True,Aufmunterung benötigte -> die Konzentration verlor
134,original,1,60,verleumdete,NP1-Causality,Klaus,verleumdete,"Jana,",weil,er,an dem Abend,neidisch war,und,die Leistung,anzweifelte,"Klaus verleumdete Jana, weil er an dem Abend neidisch war und die Leistung anzweifelte.",ok_prefix_keep_particle_or_punctuation,Klaus,Renate,Michael,Jana,neutral,,,slandered,AgEvo,9.0,62.0,-2.55,11,neutral,verleumdete,verleumdete,0.13,11.0,,"Der Nachrichtensprecher verleumdete die Naturschützerin, weil er am späten Abend bösartig war und den Angriff suchte.",bösartig,6.48,8.0,87.5,87.5,optimal,nonamb,False,,True,angriffslustig war -> neidisch war,False,,True,Abneigung empfand -> die Leistung anzweifelte
134,both_male,2,60,verleumdete,NP1-Causality,Klaus,verleumdete,"Michael,",weil,er,an dem Abend,neidisch war,und,die Leistung,anzweifelte,"Klaus verleumdete Michael, weil er an dem Abend neidisch war und die Leistung anzweifelte.",ok_prefix_keep_particle_or_punctuation,Klaus,Renate,Michael,Jana,neutral,,,slandered,AgEvo,9.0,62.0,-2.55,11,neutral,verleumdete,verleumdete,0.13,11.0,,"Der Nachrichtensprecher verleumdete die Naturschützerin, weil er am späten Abend bösartig war und den Angriff suchte.",bösartig,6.48,8.0,87.5,87.5,optimal,nonamb,False,,True,angriffslustig war -> neidisch war,False,,True,Abneigung empfand -> die Leistung anzweifelte
134,both_female,3,60,verleumdete,NP1-Causality,Renate,verleumdete,"Jana,",weil,sie,an dem Abend,neidisch war,und,die Leistung,anzweifelte,"Renate verleumdete Jana, weil sie an dem Abend neidisch war und die Leistung anzweifelte.",ok_prefix_keep_particle_or_punctuation,Klaus,Renate,Michael,Jana,neutral,,,slandered,AgEvo,9.0,62.0,-2.55,11,neutral,verleumdete,verleumdete,0.13,11.0,,"Der Nachrichtensprecher verleumdete die Naturschützerin, weil er am späten Abend bösartig war und den Angriff suchte.",bösartig,6.48,8.0,87.5,87.5,optimal,nonamb,False,,True,angriffslustig war -> neidisch war,False,,True,Abneigung empfand -> die Leistung anzweifelte
134,swapped,4,60,verleumdete,NP1-Causality,Renate,verleumdete,"Michael,",weil,sie,an dem Abend,neidisch war,und,die Leistung,anzweifelte,"Renate verleumdete Michael, weil sie an dem Abend neidisch war und die Leistung anzweifelte.",ok_prefix_keep_particle_or_punctuation,Klaus,Renate,Michael,Jana,neutral,,,slandered,AgEvo,9.0,62.0,-2.55,11,neutral,verleumdete,verleumdete,0.13,11.0,,"Der Nachrichtensprecher verleumdete die Naturschützerin, weil er am späten Abend bösartig war und den Angriff suchte.",bösartig,6.48,8.0,87.5,87.5,optimal,nonamb,False,,True,angriffslustig war -> neidisch war,False,,True,Abneigung empfand -> die Leistung anzweifelte
135,original,5,60,verleumdete,NP2-Causality,Klaus,verleumdete,"Jana,",weil,sie,an dem Abend,begehrt war,und,die Aufmerksamkeit,stahl,"Klaus verleumdete Jana, weil sie an dem Abend begehrt war und die Aufmerksamkeit stahl.",ok_prefix_keep_particle_or_punctuation,Klaus,Renate,Michael,Jana,neutral,,,slandered,AgEvo,9.0,62.0,-2.55,11,neutral,verleumdete,verleumdete,0.13,11.0,,"Der Nachrichtensprecher verleumdete die Naturschützerin, weil sie am späten Abend ehrlich war und die Wahrheit sagte.",ehrlich,33.7,7.0,87.5,87.5,optimal,nonamb,False,,True,ehrlich war -> begehrt war,False,,True,die Wahrheit sagte -> die Aufmerksamkeit stahl
135,both_male,6,60,verleumdete,NP2-Causality,Klaus,verleumdete,"Michael,",weil,er,an dem Abend,begehrt war,und,die Aufmerksamkeit,stahl,"Klaus verleumdete Michael, weil er an dem Abend begehrt war und die Aufmerksamkeit stahl.",ok_prefix_keep_particle_or_punctuation,Klaus,Renate,Michael,Jana,neutral,,,slandered,AgEvo,9.0,62.0,-2.55,11,neutral,verleumdete,verleumdete,0.13,11.0,,"Der Nachrichtensprecher verleumdete die Naturschützerin, weil sie am späten Abend ehrlich war und die Wahrheit sagte.",ehrlich,33.7,7.0,87.5,87.5,optimal,nonamb,False,,True,ehrlich war -> begehrt war,False,,True,die Wahrheit sagte -> die Aufmerksamkeit stahl
135,both_female,7,60,verleumdete,NP2-Causality,Renate,verleumdete,"Jana,",weil,sie,an dem Abend,begehrt war,und,die Aufmerksamkeit,stahl,"Renate verleumdete Jana, weil sie an dem Abend begehrt war und die Aufmerksamkeit stahl.",ok_prefix_keep_particle_or_punctuation,Klaus,Renate,Michael,Jana,neutral,,,slandered,AgEvo,9.0,62.0,-2.55,11,neutral,verleumdete,verleumdete,0.13,11.0,,"Der Nachrichtensprecher verleumdete die Naturschützerin, weil sie am späten Abend ehrlich war und die Wahrheit sagte.",ehrlich,33.7,7.0,87.5,87.5,optimal,nonamb,False,,True,ehrlich war -> begehrt war,False,,True,die Wahrheit sagte -> die Aufmerksamkeit stahl
135,swapped,8,60,verleumdete,NP2-Causality,Renate,verleumdete,"Michael,",weil,er,an dem Abend,begehrt war,und,die Aufmerksamkeit,stahl,"Renate verleumdete Michael, weil er an dem Abend begehrt war und die Aufmerksamkeit stahl.",ok_prefix_keep_particle_or_punctuation,Klaus,Renate,Michael,Jana,neutral,,,slandered,AgEvo,9.0,62.0,-2.55,11,neutral,verleumdete,verleumdete,0.13,11.0,,"Der Nachrichtensprecher verleumdete die Naturschützerin, weil sie am späten Abend ehrlich war und die Wahrheit sagte.",ehrlich,33.7,7.0,87.5,87.5,optimal,nonamb,False,,True,ehrlich war -> begehrt war,False,,True,die Wahrheit sagte -> die Aufmerksamkeit stahl
182,original,1,61,verriet,NP1-Causality,Frank,verriet,"Nina,",weil,er,zu dieser Zeit,verbittert war,und,einen Vorteil,suchte,"Frank verriet Nina, weil er zu dieser Zeit verbittert war und einen Vorteil suchte.",ok_prefix_keep_particle_or_punctuation,Frank,Eva,Johannes,Nina,NP1,,,betrayed,AgP,8.0,7.0,-2.45,74,NP1,verriet,verriet,2.09,7.0,,"Der Bruder verriet die Kollegin, weil er am späten Nanchmittag rachsüchtig war und den Plan schmiedete.",rachsüchtig,0.43,11.0,50.0,50.0,suboptimal,nonamb,False,,True,rachsüchtig war -> verbittert war,False,,True,Genugtuung wünschte -> einen Vorteil suchte
182,both_male,2,61,verriet,NP1-Causality,Frank,verriet,"Johannes,",weil,er,zu dieser Zeit,verbittert war,und,einen Vorteil,suchte,"Frank verriet Johannes, weil er zu dieser Zeit verbittert war und einen Vorteil suchte.",ok_prefix_keep_particle_or_punctuation,Frank,Eva,Johannes,Nina,NP1,,,betrayed,AgP,8.0,7.0,-2.45,74,NP1,verriet,verriet,2.09,7.0,,"Der Bruder verriet die Kollegin, weil er am späten Nanchmittag rachsüchtig war und den Plan schmiedete.",rachsüchtig,0.43,11.0,50.0,50.0,suboptimal,nonamb,False,,True,rachsüchtig war -> verbittert war,False,,True,Genugtuung wünschte -> einen Vorteil suchte
182,both_female,3,61,verriet,NP1-Causality,Eva,verriet,"Nina,",weil,sie,zu dieser Zeit,verbittert war,und,einen Vorteil,suchte,"Eva verriet Nina, weil sie zu dieser Zeit verbittert war und einen Vorteil suchte.",ok_prefix_keep_particle_or_punctuation,Frank,Eva,Johannes,Nina,NP1,,,betrayed,AgP,8.0,7.0,-2.45,74,NP1,verriet,verriet,2.09,7.0,,"Der Bruder verriet die Kollegin, weil er am späten Nanchmittag rachsüchtig war und den Plan schmiedete.",rachsüchtig,0.43,11.0,50.0,50.0,suboptimal,nonamb,False,,True,rachsüchtig war -> verbittert war,False,,True,Genugtuung wünschte -> einen Vorteil suchte
182,swapped,4,61,verriet,NP1-Causality,Eva,verriet,"Johannes,",weil,sie,zu dieser Zeit,verbittert war,und,einen Vorteil,suchte,"Eva verriet Johannes, weil sie zu dieser Zeit verbittert war und einen Vorteil suchte.",ok_prefix_keep_particle_or_punctuation,Frank,Eva,Johannes,Nina,NP1,,,betrayed,AgP,8.0,7.0,-2.45,74,NP1,verriet,verriet,2.09,7.0,,"Der Bruder verriet die Kollegin, weil er am späten Nanchmittag rachsüchtig war und den Plan schmiedete.",rachsüchtig,0.43,11.0,50.0,50.0,suboptimal,nonamb,False,,True,rachsüchtig war -> verbittert war,False,,True,Genugtuung wünschte -> einen Vorteil suchte
183,original,5,61,verriet,NP2-Causality,Frank,verriet,"Nina,",weil,sie,zu dieser Zeit,untreu war,und,ein Geheimnis,verbarg,"Frank verriet Nina, weil sie zu dieser Zeit untreu war und ein Geheimnis verbarg.",ok_prefix_keep_particle_or_punctuation,Frank,Eva,Johannes,Nina,NP1,,,betrayed,AgP,8.0,7.0,-2.45,74,NP1,verriet,verriet,2.09,7.0,,"Der Bruder verriet die Kollegin, weil sie am späten Nachmittag schuldig war und das Schweigen bewahrte.",schuldig,15.04,8.0,50.0,50.0,suboptimal,nonamb,False,,False,,False,,True,Vereinbarungen misachtete -> ein Geheimnis verbarg
183,both_male,6,61,verriet,NP2-Causality,Frank,verriet,"Johannes,",weil,er,zu dieser Zeit,untreu war,und,ein Geheimnis,verbarg,"Frank verriet Johannes, weil er zu dieser Zeit untreu war und ein Geheimnis verbarg.",ok_prefix_keep_particle_or_punctuation,Frank,Eva,Johannes,Nina,NP1,,,betrayed,AgP,8.0,7.0,-2.45,74,NP1,verriet,verriet,2.09,7.0,,"Der Bruder verriet die Kollegin, weil sie am späten Nachmittag schuldig war und das Schweigen bewahrte.",schuldig,15.04,8.0,50.0,50.0,suboptimal,nonamb,False,,False,,False,,True,Vereinbarungen misachtete -> ein Geheimnis verbarg
183,both_female,7,61,verriet,NP2-Causality,Eva,verriet,"Nina,",weil,sie,zu dieser Zeit,untreu war,und,ein Geheimnis,verbarg,"Eva verriet Nina, weil sie zu dieser Zeit untreu war und ein Geheimnis verbarg.",ok_prefix_keep_particle_or_punctuation,Frank,Eva,Johannes,Nina,NP1,,,betrayed,AgP,8.0,7.0,-2.45,74,NP1,verriet,verriet,2.09,7.0,,"Der Bruder verriet die Kollegin, weil sie am späten Nachmittag schuldig war und das Schweigen bewahrte.",schuldig,15.04,8.0,50.0,50.0,suboptimal,nonamb,False,,False,,False,,True,Vereinbarungen misachtete -> ein Geheimnis verbarg
183,swapped,8,61,verriet,NP2-Causality,Eva,verriet,"Johannes,",weil,er,zu dieser Zeit,untreu war,und,ein Geheimnis,verbarg,"Eva verriet Johannes, weil er zu dieser Zeit untreu war und ein Geheimnis verbarg.",ok_prefix_keep_particle_or_punctuation,Frank,Eva,Johannes,Nina,NP1,,,betrayed,AgP,8.0,7.0,-2.45,74,NP1,verriet,verriet,2.09,7.0,,"Der Bruder verriet die Kollegin, weil sie am späten Nachmittag schuldig war und das Schweigen bewahrte.",schuldig,15.04,8.0,50.0,50.0,suboptimal,nonamb,False,,False,,False,,True,Vereinbarungen misachtete -> ein Geheimnis verbarg
4,original,1,62,gratulierte,NP1-Causality,Wolfgang,gratulierte,"Sarah,",weil,er,schon von jeher,großzügig war,und,die Anerkennung,zeigte,"Wolfgang gratulierte Sarah, weil er schon von jeher großzügig war und die Anerkennung zeigte.",ok_prefix_keep_particle_or_punctuation,Wolfgang,Anna,Sebastian,Sarah,NP2,,,congratulated,AgEvo,13.0,17.0,1.82,-94,NP2,gratulierte,gratulierte,1.03,11.0,,"Der Neffe gratulierte der Tante, weil er von Anfang an berechnend war und den Vorteil suchte.",berechnend,0.9,10.0,68.75,68.75,optimal,nonamb,False,,True,schmeichelhaft war -> großzügig war,True,schon immer -> schon von jeher,True,Vorteile erhoffte -> die Anerkennung zeigte
4,both_male,2,62,gratulierte,NP1-Causality,Wolfgang,gratulierte,"Sebastian,",weil,er,schon von jeher,großzügig war,und,die Anerkennung,zeigte,"Wolfgang gratulierte Sebastian, weil er schon von jeher großzügig war und die Anerkennung zeigte.",ok_prefix_keep_particle_or_punctuation,Wolfgang,Anna,Sebastian,Sarah,NP2,,,congratulated,AgEvo,13.0,17.0,1.82,-94,NP2,gratulierte,gratulierte,1.03,11.0,,"Der Neffe gratulierte der Tante, weil er von Anfang an berechnend war und den Vorteil suchte.",berechnend,0.9,10.0,68.75,68.75,optimal,nonamb,False,,True,schmeichelhaft war -> großzügig war,True,schon immer -> schon von jeher,True,Vorteile erhoffte -> die Anerkennung zeigte
4,both_female,3,62,gratulierte,NP1-Causality,Anna,gratulierte,"Sarah,",weil,sie,schon von jeher,großzügig war,und,die Anerkennung,zeigte,"Anna gratulierte Sarah, weil sie schon von jeher großzügig war und die Anerkennung zeigte.",ok_prefix_keep_particle_or_punctuation,Wolfgang,Anna,Sebastian,Sarah,NP2,,,congratulated,AgEvo,13.0,17.0,1.82,-94,NP2,gratulierte,gratulierte,1.03,11.0,,"Der Neffe gratulierte der Tante, weil er von Anfang an berechnend war und den Vorteil suchte.",berechnend,0.9,10.0,68.75,68.75,optimal,nonamb,False,,True,schmeichelhaft war -> großzügig war,True,schon immer -> schon von jeher,True,Vorteile erhoffte -> die Anerkennung zeigte
4,swapped,4,62,gratulierte,NP1-Causality,Anna,gratulierte,"Sebastian,",weil,sie,schon von jeher,großzügig war,und,die Anerkennung,zeigte,"Anna gratulierte Sebastian, weil sie schon von jeher großzügig war und die Anerkennung zeigte.",ok_prefix_keep_particle_or_punctuation,Wolfgang,Anna,Sebastian,Sarah,NP2,,,congratulated,AgEvo,13.0,17.0,1.82,-94,NP2,gratulierte,gratulierte,1.03,11.0,,"Der Neffe gratulierte der Tante, weil er von Anfang an berechnend war und den Vorteil suchte.",berechnend,0.9,10.0,68.75,68.75,optimal,nonamb,False,,True,schmeichelhaft war -> großzügig war,True,schon immer -> schon von jeher,True,Vorteile erhoffte -> die Anerkennung zeigte
5,original,5,62,gratulierte,NP2-Causality,Wolfgang,gratulierte,"Sarah,",weil,sie,schon von jeher,beeindruckend war,und,die Bestleistung,erbrachte,"Wolfgang gratulierte Sarah, weil sie schon von jeher beeindruckend war und die Bestleistung erbrachte.",ok_prefix_keep_particle_or_punctuation,Wolfgang,Anna,Sebastian,Sarah,NP2,,,congratulated,AgEvo,13.0,17.0,1.82,-94,NP2,gratulierte,gratulierte,1.03,11.0,,"Der Neffe gratulierte der Tante, weil sie von Anfang an einflussreich war und die Unterstützung gewährte.",einflussreich,0.33,13.0,68.75,68.75,optimal,nonamb,False,,False,,True,schon immer -> schon von jeher,True,Ideen generierte -> die Bestleistung erbrachte
5,both_male,6,62,gratulierte,NP2-Causality,Wolfgang,gratulierte,"Sebastian,",weil,er,schon von jeher,beeindruckend war,und,die Bestleistung,erbrachte,"Wolfgang gratulierte Sebastian, weil er schon von jeher beeindruckend war und die Bestleistung erbrachte.",ok_prefix_keep_particle_or_punctuation,Wolfgang,Anna,Sebastian,Sarah,NP2,,,congratulated,AgEvo,13.0,17.0,1.82,-94,NP2,gratulierte,gratulierte,1.03,11.0,,"Der Neffe gratulierte der Tante, weil sie von Anfang an einflussreich war und die Unterstützung gewährte.",einflussreich,0.33,13.0,68.75,68.75,optimal,nonamb,False,,False,,True,schon immer -> schon von jeher,True,Ideen generierte -> die Bestleistung erbrachte
5,both_female,7,62,gratulierte,NP2-Causality,Anna,gratulierte,"Sarah,",weil,sie,schon von jeher,beeindruckend war,und,die Bestleistung,erbrachte,"Anna gratulierte Sarah, weil sie schon von jeher beeindruckend war und die Bestleistung erbrachte.",ok_prefix_keep_particle_or_punctuation,Wolfgang,Anna,Sebastian,Sarah,NP2,,,congratulated,AgEvo,13.0,17.0,1.82,-94,NP2,gratulierte,gratulierte,1.03,11.0,,"Der Neffe gratulierte der Tante, weil sie von Anfang an einflussreich war und die Unterstützung gewährte.",einflussreich,0.33,13.0,68.75,68.75,optimal,nonamb,False,,False,,True,schon immer -> schon von jeher,True,Ideen generierte -> die Bestleistung erbrachte
5,swapped,8,62,gratulierte,NP2-Causality,Anna,gratulierte,"Sebastian,",weil,er,schon von jeher,beeindruckend war,und,die Bestleistung,erbrachte,"Anna gratulierte Sebastian, weil er schon von jeher beeindruckend war und die Bestleistung erbrachte.",ok_prefix_keep_particle_or_punctuation,Wolfgang,Anna,Sebastian,Sarah,NP2,,,congratulated,AgEvo,13.0,17.0,1.82,-94,NP2,gratulierte,gratulierte,1.03,11.0,,"Der Neffe gratulierte der Tante, weil sie von Anfang an einflussreich war und die Unterstützung gewährte.",einflussreich,0.33,13.0,68.75,68.75,optimal,nonamb,False,,False,,True,schon immer -> schon von jeher,True,Ideen generierte -> die Bestleistung erbrachte
142,original,1,63,verunglimpfte,NP1-Causality,Matthias,verunglimpfte,"Sarah,",weil,er,schon von jeher,hinterhältig war,und,den Betrug,plante,"Matthias verunglimpfte Sarah, weil er schon von jeher hinterhältig war und den Betrug plante.",ok_prefix_keep_particle_or_punctuation,Matthias,Claudia,Jürgen,Sarah,neutral,,,denigrated,AgEvo,10.0,0.0,-1.09,12,neutral,verunglimpfte,verunglimpfte,0.05,13.0,,"Der Mieter verunglimpfte die Vermieterin, weil er von Anfang an neidisch war und die Missgunst hegte.",neidisch,2.65,8.0,93.75,93.75,optimal,nonamb,False,,True,neidisch war -> hinterhältig war,True,schon immer -> schon von jeher,True,Missgunst verspührte -> den Betrug plante
142,both_male,2,63,verunglimpfte,NP1-Causality,Matthias,verunglimpfte,"Jürgen,",weil,er,schon von jeher,hinterhältig war,und,den Betrug,plante,"Matthias verunglimpfte Jürgen, weil er schon von jeher hinterhältig war und den Betrug plante.",ok_prefix_keep_particle_or_punctuation,Matthias,Claudia,Jürgen,Sarah,neutral,,,denigrated,AgEvo,10.0,0.0,-1.09,12,neutral,verunglimpfte,verunglimpfte,0.05,13.0,,"Der Mieter verunglimpfte die Vermieterin, weil er von Anfang an neidisch war und die Missgunst hegte.",neidisch,2.65,8.0,93.75,93.75,optimal,nonamb,False,,True,neidisch war -> hinterhältig war,True,schon immer -> schon von jeher,True,Missgunst verspührte -> den Betrug plante
142,both_female,3,63,verunglimpfte,NP1-Causality,Claudia,verunglimpfte,"Sarah,",weil,sie,schon von jeher,hinterhältig war,und,den Betrug,plante,"Claudia verunglimpfte Sarah, weil sie schon von jeher hinterhältig war und den Betrug plante.",ok_prefix_keep_particle_or_punctuation,Matthias,Claudia,Jürgen,Sarah,neutral,,,denigrated,AgEvo,10.0,0.0,-1.09,12,neutral,verunglimpfte,verunglimpfte,0.05,13.0,,"Der Mieter verunglimpfte die Vermieterin, weil er von Anfang an neidisch war und die Missgunst hegte.",neidisch,2.65,8.0,93.75,93.75,optimal,nonamb,False,,True,neidisch war -> hinterhältig war,True,schon immer -> schon von jeher,True,Missgunst verspührte -> den Betrug plante
142,swapped,4,63,verunglimpfte,NP1-Causality,Claudia,verunglimpfte,"Jürgen,",weil,sie,schon von jeher,hinterhältig war,und,den Betrug,plante,"Claudia verunglimpfte Jürgen, weil sie schon von jeher hinterhältig war und den Betrug plante.",ok_prefix_keep_particle_or_punctuation,Matthias,Claudia,Jürgen,Sarah,neutral,,,denigrated,AgEvo,10.0,0.0,-1.09,12,neutral,verunglimpfte,verunglimpfte,0.05,13.0,,"Der Mieter verunglimpfte die Vermieterin, weil er von Anfang an neidisch war und die Missgunst hegte.",neidisch,2.65,8.0,93.75,93.75,optimal,nonamb,False,,True,neidisch war -> hinterhältig war,True,schon immer -> schon von jeher,True,Missgunst verspührte -> den Betrug plante
143,original,5,63,verunglimpfte,NP2-Causality,Matthias,verunglimpfte,"Sarah,",weil,sie,schon von jeher,geldgierig war,und,die Notlage,ausnutzte,"Matthias verunglimpfte Sarah, weil sie schon von jeher geldgierig war und die Notlage ausnutzte.",ok_prefix_keep_particle_or_punctuation,Matthias,Claudia,Jürgen,Sarah,neutral,,,denigrated,AgEvo,10.0,0.0,-1.09,12,neutral,verunglimpfte,verunglimpfte,0.05,13.0,,"Der Mieter verunglimpfte die Vermieterin, weil sie von Anfang an überteuert war und die Klage provozierte.",überteuert,1.63,10.0,93.75,93.75,optimal,nonamb,False,,True,überteuert war -> geldgierig war,True,schon immer -> schon von jeher,True,Klagen provozierte -> die Notlage ausnutzte
143,both_male,6,63,verunglimpfte,NP2-Causality,Matthias,verunglimpfte,"Jürgen,",weil,er,schon von jeher,geldgierig war,und,die Notlage,ausnutzte,"Matthias verunglimpfte Jürgen, weil er schon von jeher geldgierig war und die Notlage ausnutzte.",ok_prefix_keep_particle_or_punctuation,Matthias,Claudia,Jürgen,Sarah,neutral,,,denigrated,AgEvo,10.0,0.0,-1.09,12,neutral,verunglimpfte,verunglimpfte,0.05,13.0,,"Der Mieter verunglimpfte die Vermieterin, weil sie von Anfang an überteuert war und die Klage provozierte.",überteuert,1.63,10.0,93.75,93.75,optimal,nonamb,False,,True,überteuert war -> geldgierig war,True,schon immer -> schon von jeher,True,Klagen provozierte -> die Notlage ausnutzte
143,both_female,7,63,verunglimpfte,NP2-Causality,Claudia,verunglimpfte,"Sarah,",weil,sie,schon von jeher,geldgierig war,und,die Notlage,ausnutzte,"Claudia verunglimpfte Sarah, weil sie schon von jeher geldgierig war und die Notlage ausnutzte.",ok_prefix_keep_particle_or_punctuation,Matthias,Claudia,Jürgen,Sarah,neutral,,,denigrated,AgEvo,10.0,0.0,-1.09,12,neutral,verunglimpfte,verunglimpfte,0.05,13.0,,"Der Mieter verunglimpfte die Vermieterin, weil sie von Anfang an überteuert war und die Klage provozierte.",überteuert,1.63,10.0,93.75,93.75,optimal,nonamb,False,,True,überteuert war -> geldgierig war,True,schon immer -> schon von jeher,True,Klagen provozierte -> die Notlage ausnutzte
143,swapped,8,63,verunglimpfte,NP2-Causality,Claudia,verunglimpfte,"Jürgen,",weil,er,schon von jeher,geldgierig war,und,die Notlage,ausnutzte,"Claudia verunglimpfte Jürgen, weil er schon von jeher geldgierig war und die Notlage ausnutzte.",ok_prefix_keep_particle_or_punctuation,Matthias,Claudia,Jürgen,Sarah,neutral,,,denigrated,AgEvo,10.0,0.0,-1.09,12,neutral,verunglimpfte,verunglimpfte,0.05,13.0,,"Der Mieter verunglimpfte die Vermieterin, weil sie von Anfang an überteuert war und die Klage provozierte.",überteuert,1.63,10.0,93.75,93.75,optimal,nonamb,False,,True,überteuert war -> geldgierig war,True,schon immer -> schon von jeher,True,Klagen provozierte -> die Notlage ausnutzte
224,original,1,64,entzückte,NP1-Causality,Daniel,entzückte,"Barbara,",weil,er,in dem Spiel,talentiert war,und,die Runde,gewann,"Daniel entzückte Barbara, weil er in dem Spiel talentiert war und die Runde gewann.",ok_prefix_keep_particle_or_punctuation,Daniel,Linda,Peter,Barbara,NP1,,,delighted,StimExp,9.0,57.0,2.45,85,NP1,erfreute,erfreute,1.45,8.0,,"Der Spieler erfreute die Trainerin, weil er nach dem Spiel siegreich war und das Lob erhielt. ",siegreich,4.15,9.0,56.25,56.25,suboptimal,nonamb,True,erfreute -> entzückte (Eng: delighted),True,erfolgreich war -> talentiert war,False,,True,die Atmosphäre genoss -> die Runde gewann
224,both_male,2,64,entzückte,NP1-Causality,Daniel,entzückte,"Peter,",weil,er,in dem Spiel,talentiert war,und,die Runde,gewann,"Daniel entzückte Peter, weil er in dem Spiel talentiert war und die Runde gewann.",ok_prefix_keep_particle_or_punctuation,Daniel,Linda,Peter,Barbara,NP1,,,delighted,StimExp,9.0,57.0,2.45,85,NP1,erfreute,erfreute,1.45,8.0,,"Der Spieler erfreute die Trainerin, weil er nach dem Spiel siegreich war und das Lob erhielt. ",siegreich,4.15,9.0,56.25,56.25,suboptimal,nonamb,True,erfreute -> entzückte (Eng: delighted),True,erfolgreich war -> talentiert war,False,,True,die Atmosphäre genoss -> die Runde gewann
224,both_female,3,64,entzückte,NP1-Causality,Linda,entzückte,"Barbara,",weil,sie,in dem Spiel,talentiert war,und,die Runde,gewann,"Linda entzückte Barbara, weil sie in dem Spiel talentiert war und die Runde gewann.",ok_prefix_keep_particle_or_punctuation,Daniel,Linda,Peter,Barbara,NP1,,,delighted,StimExp,9.0,57.0,2.45,85,NP1,erfreute,erfreute,1.45,8.0,,"Der Spieler erfreute die Trainerin, weil er nach dem Spiel siegreich war und das Lob erhielt. ",siegreich,4.15,9.0,56.25,56.25,suboptimal,nonamb,True,erfreute -> entzückte (Eng: delighted),True,erfolgreich war -> talentiert war,False,,True,die Atmosphäre genoss -> die Runde gewann
224,swapped,4,64,entzückte,NP1-Causality,Linda,entzückte,"Peter,",weil,sie,in dem Spiel,talentiert war,und,die Runde,gewann,"Linda entzückte Peter, weil sie in dem Spiel talentiert war und die Runde gewann.",ok_prefix_keep_particle_or_punctuation,Daniel,Linda,Peter,Barbara,NP1,,,delighted,StimExp,9.0,57.0,2.45,85,NP1,erfreute,erfreute,1.45,8.0,,"Der Spieler erfreute die Trainerin, weil er nach dem Spiel siegreich war und das Lob erhielt. ",siegreich,4.15,9.0,56.25,56.25,suboptimal,nonamb,True,erfreute -> entzückte (Eng: delighted),True,erfolgreich war -> talentiert war,False,,True,die Atmosphäre genoss -> die Runde gewann
225,original,5,64,entzückte,NP2-Causality,Daniel,entzückte,"Barbara,",weil,sie,in dem Spiel,begeistert war,und,jeden Zug,bewunderte,"Daniel entzückte Barbara, weil sie in dem Spiel begeistert war und jeden Zug bewunderte.",ok_prefix_keep_particle_or_punctuation,Daniel,Linda,Peter,Barbara,NP1,,,delighted,StimExp,9.0,57.0,2.45,85,NP1,erfreute,erfreute,1.45,8.0,,"Der Spieler erfreute die Trainerin, weil sie nach dem Spiel erwartungslos war und die Überraschung erlebte. ",weniger erwartet,0.03,15.0,56.25,56.25,suboptimal,nonamb,True,erfreute -> entzückte (Eng: delighted),True,förderlich war -> begeistert war,False,,True,zum Sieg beitrug -> jeden Zug bewunderte
225,both_male,6,64,entzückte,NP2-Causality,Daniel,entzückte,"Peter,",weil,er,in dem Spiel,begeistert war,und,jeden Zug,bewunderte,"Daniel entzückte Peter, weil er in dem Spiel begeistert war und jeden Zug bewunderte.",ok_prefix_keep_particle_or_punctuation,Daniel,Linda,Peter,Barbara,NP1,,,delighted,StimExp,9.0,57.0,2.45,85,NP1,erfreute,erfreute,1.45,8.0,,"Der Spieler erfreute die Trainerin, weil sie nach dem Spiel erwartungslos war und die Überraschung erlebte. ",weniger erwartet,0.03,15.0,56.25,56.25,suboptimal,nonamb,True,erfreute -> entzückte (Eng: delighted),True,förderlich war -> begeistert war,False,,True,zum Sieg beitrug -> jeden Zug bewunderte
225,both_female,7,64,entzückte,NP2-Causality,Linda,entzückte,"Barbara,",weil,sie,in dem Spiel,begeistert war,und,jeden Zug,bewunderte,"Linda entzückte Barbara, weil sie in dem Spiel begeistert war und jeden Zug bewunderte.",ok_prefix_keep_particle_or_punctuation,Daniel,Linda,Peter,Barbara,NP1,,,delighted,StimExp,9.0,57.0,2.45,85,NP1,erfreute,erfreute,1.45,8.0,,"Der Spieler erfreute die Trainerin, weil sie nach dem Spiel erwartungslos war und die Überraschung erlebte. ",weniger erwartet,0.03,15.0,56.25,56.25,suboptimal,nonamb,True,erfreute -> entzückte (Eng: delighted),True,förderlich war -> begeistert war,False,,True,zum Sieg beitrug -> jeden Zug bewunderte
225,swapped,8,64,entzückte,NP2-Causality,Linda,entzückte,"Peter,",weil,er,in dem Spiel,begeistert war,und,jeden Zug,bewunderte,"Linda entzückte Peter, weil er in dem Spiel begeistert war und jeden Zug bewunderte.",ok_prefix_keep_particle_or_punctuation,Daniel,Linda,Peter,Barbara,NP1,,,delighted,StimExp,9.0,57.0,2.45,85,NP1,erfreute,erfreute,1.45,8.0,,"Der Spieler erfreute die Trainerin, weil sie nach dem Spiel erwartungslos war und die Überraschung erlebte. ",weniger erwartet,0.03,15.0,56.25,56.25,suboptimal,nonamb,True,erfreute -> entzückte (Eng: delighted),True,förderlich war -> begeistert war,False,,True,zum Sieg beitrug -> jeden Zug bewunderte
46,original,1,65,beschäftigte,NP1-Causality,Andreas,beschäftigte,"Birgit,",weil,er,schon von jeher,überlastet war,und,die Verstärkung,brauchte,"Andreas beschäftigte Birgit, weil er schon von jeher überlastet war und die Verstärkung brauchte.",ok_prefix_keep_particle_or_punctuation,Andreas,Maria,Sebastian,Birgit,NP2,,,employed,AgP,8.0,27.0,1.0,-76,NP2,beschäftigte,beschäftigte,61.28,12.0,,"Der Onkel beschäftigte die Nichte, weil er schon seit Langem unternehmerisch war und die Chance nutzte.",unternehmerisch,11.44,15.0,50.0,50.0,suboptimal,nonamb,False,,True,unternehmerisch war -> überlastet war,True,schon immer -> schon von jeher,True,Stellen vergab -> die Verstärkung brauchte
46,both_male,2,65,beschäftigte,NP1-Causality,Andreas,beschäftigte,"Sebastian,",weil,er,schon von jeher,überlastet war,und,die Verstärkung,brauchte,"Andreas beschäftigte Sebastian, weil er schon von jeher überlastet war und die Verstärkung brauchte.",ok_prefix_keep_particle_or_punctuation,Andreas,Maria,Sebastian,Birgit,NP2,,,employed,AgP,8.0,27.0,1.0,-76,NP2,beschäftigte,beschäftigte,61.28,12.0,,"Der Onkel beschäftigte die Nichte, weil er schon seit Langem unternehmerisch war und die Chance nutzte.",unternehmerisch,11.44,15.0,50.0,50.0,suboptimal,nonamb,False,,True,unternehmerisch war -> überlastet war,True,schon immer -> schon von jeher,True,Stellen vergab -> die Verstärkung brauchte
46,both_female,3,65,beschäftigte,NP1-Causality,Maria,beschäftigte,"Birgit,",weil,sie,schon von jeher,überlastet war,und,die Verstärkung,brauchte,"Maria beschäftigte Birgit, weil sie schon von jeher überlastet war und die Verstärkung brauchte.",ok_prefix_keep_particle_or_punctuation,Andreas,Maria,Sebastian,Birgit,NP2,,,employed,AgP,8.0,27.0,1.0,-76,NP2,beschäftigte,beschäftigte,61.28,12.0,,"Der Onkel beschäftigte die Nichte, weil er schon seit Langem unternehmerisch war und die Chance nutzte.",unternehmerisch,11.44,15.0,50.0,50.0,suboptimal,nonamb,False,,True,unternehmerisch war -> überlastet war,True,schon immer -> schon von jeher,True,Stellen vergab -> die Verstärkung brauchte
46,swapped,4,65,beschäftigte,NP1-Causality,Maria,beschäftigte,"Sebastian,",weil,sie,schon von jeher,überlastet war,und,die Verstärkung,brauchte,"Maria beschäftigte Sebastian, weil sie schon von jeher überlastet war und die Verstärkung brauchte.",ok_prefix_keep_particle_or_punctuation,Andreas,Maria,Sebastian,Birgit,NP2,,,employed,AgP,8.0,27.0,1.0,-76,NP2,beschäftigte,beschäftigte,61.28,12.0,,"Der Onkel beschäftigte die Nichte, weil er schon seit Langem unternehmerisch war und die Chance nutzte.",unternehmerisch,11.44,15.0,50.0,50.0,suboptimal,nonamb,False,,True,unternehmerisch war -> überlastet war,True,schon immer -> schon von jeher,True,Stellen vergab -> die Verstärkung brauchte
47,original,5,65,beschäftigte,NP2-Causality,Andreas,beschäftigte,"Birgit,",weil,sie,schon von jeher,kompetent war,und,die Anweisungen,befolgte,"Andreas beschäftigte Birgit, weil sie schon von jeher kompetent war und die Anweisungen befolgte.",ok_prefix_keep_particle_or_punctuation,Andreas,Maria,Sebastian,Birgit,NP2,,,employed,AgP,8.0,27.0,1.0,-76,NP2,beschäftigte,beschäftigte,61.28,12.0,,"Der Onkel beschäftigte die Nichte, weil sie schon seit Langem zuverlässig war und die Aufgaben erledigte.",zuverlässig,17.21,11.0,50.0,50.0,suboptimal,nonamb,False,,True,zuverlässig war -> kompetent war,True,schon immer -> schon von jeher,True,Aufgaben erledigte -> die Anweisungen befolgte
47,both_male,6,65,beschäftigte,NP2-Causality,Andreas,beschäftigte,"Sebastian,",weil,er,schon von jeher,kompetent war,und,die Anweisungen,befolgte,"Andreas beschäftigte Sebastian, weil er schon von jeher kompetent war und die Anweisungen befolgte.",ok_prefix_keep_particle_or_punctuation,Andreas,Maria,Sebastian,Birgit,NP2,,,employed,AgP,8.0,27.0,1.0,-76,NP2,beschäftigte,beschäftigte,61.28,12.0,,"Der Onkel beschäftigte die Nichte, weil sie schon seit Langem zuverlässig war und die Aufgaben erledigte.",zuverlässig,17.21,11.0,50.0,50.0,suboptimal,nonamb,False,,True,zuverlässig war -> kompetent war,True,schon immer -> schon von jeher,True,Aufgaben erledigte -> die Anweisungen befolgte
47,both_female,7,65,beschäftigte,NP2-Causality,Maria,beschäftigte,"Birgit,",weil,sie,schon von jeher,kompetent war,und,die Anweisungen,befolgte,"Maria beschäftigte Birgit, weil sie schon von jeher kompetent war und die Anweisungen befolgte.",ok_prefix_keep_particle_or_punctuation,Andreas,Maria,Sebastian,Birgit,NP2,,,employed,AgP,8.0,27.0,1.0,-76,NP2,beschäftigte,beschäftigte,61.28,12.0,,"Der Onkel beschäftigte die Nichte, weil sie schon seit Langem zuverlässig war und die Aufgaben erledigte.",zuverlässig,17.21,11.0,50.0,50.0,suboptimal,nonamb,False,,True,zuverlässig war -> kompetent war,True,schon immer -> schon von jeher,True,Aufgaben erledigte -> die Anweisungen befolgte
47,swapped,8,65,beschäftigte,NP2-Causality,Maria,beschäftigte,"Sebastian,",weil,er,schon von jeher,kompetent war,und,die Anweisungen,befolgte,"Maria beschäftigte Sebastian, weil er schon von jeher kompetent war und die Anweisungen befolgte.",ok_prefix_keep_particle_or_punctuation,Andreas,Maria,Sebastian,Birgit,NP2,,,employed,AgP,8.0,27.0,1.0,-76,NP2,beschäftigte,beschäftigte,61.28,12.0,,"Der Onkel beschäftigte die Nichte, weil sie schon seit Langem zuverlässig war und die Aufgaben erledigte.",zuverlässig,17.21,11.0,50.0,50.0,suboptimal,nonamb,False,,True,zuverlässig war -> kompetent war,True,schon immer -> schon von jeher,True,Aufgaben erledigte -> die Anweisungen befolgte
130,original,1,66,täuschte,NP1-Causality,Martin,täuschte,"Monika,",weil,er,in dem Moment,hinterlistig war,und,eine Lüge,erfand,"Martin täuschte Monika, weil er in dem Moment hinterlistig war und eine Lüge erfand.",ok_prefix_keep_particle_or_punctuation,Martin,Laura,Uwe,Monika,neutral,,,fooled,AgP,6.0,17.0,0.45,10,neutral,täuschte,täuschte,0.44,8.0,,"Der Verkäufer täuschte die Kundin, weil er am frühen Morgen gewinnorientiert war und den Vorteil suchte.",gewinnorientiert,0.7,16.0,50.0,50.0,suboptimal,nonamb,False,,True,genervt war -> hinterlistig war,False,,True,Vertrauen missbrauchte -> eine Lüge erfand
130,both_male,2,66,täuschte,NP1-Causality,Martin,täuschte,"Uwe,",weil,er,in dem Moment,hinterlistig war,und,eine Lüge,erfand,"Martin täuschte Uwe, weil er in dem Moment hinterlistig war und eine Lüge erfand.",ok_prefix_keep_particle_or_punctuation,Martin,Laura,Uwe,Monika,neutral,,,fooled,AgP,6.0,17.0,0.45,10,neutral,täuschte,täuschte,0.44,8.0,,"Der Verkäufer täuschte die Kundin, weil er am frühen Morgen gewinnorientiert war und den Vorteil suchte.",gewinnorientiert,0.7,16.0,50.0,50.0,suboptimal,nonamb,False,,True,genervt war -> hinterlistig war,False,,True,Vertrauen missbrauchte -> eine Lüge erfand
130,both_female,3,66,täuschte,NP1-Causality,Laura,täuschte,"Monika,",weil,sie,in dem Moment,hinterlistig war,und,eine Lüge,erfand,"Laura täuschte Monika, weil sie in dem Moment hinterlistig war und eine Lüge erfand.",ok_prefix_keep_particle_or_punctuation,Martin,Laura,Uwe,Monika,neutral,,,fooled,AgP,6.0,17.0,0.45,10,neutral,täuschte,täuschte,0.44,8.0,,"Der Verkäufer täuschte die Kundin, weil er am frühen Morgen gewinnorientiert war und den Vorteil suchte.",gewinnorientiert,0.7,16.0,50.0,50.0,suboptimal,nonamb,False,,True,genervt war -> hinterlistig war,False,,True,Vertrauen missbrauchte -> eine Lüge erfand
130,swapped,4,66,täuschte,NP1-Causality,Laura,täuschte,"Uwe,",weil,sie,in dem Moment,hinterlistig war,und,eine Lüge,erfand,"Laura täuschte Uwe, weil sie in dem Moment hinterlistig war und eine Lüge erfand.",ok_prefix_keep_particle_or_punctuation,Martin,Laura,Uwe,Monika,neutral,,,fooled,AgP,6.0,17.0,0.45,10,neutral,täuschte,täuschte,0.44,8.0,,"Der Verkäufer täuschte die Kundin, weil er am frühen Morgen gewinnorientiert war und den Vorteil suchte.",gewinnorientiert,0.7,16.0,50.0,50.0,suboptimal,nonamb,False,,True,genervt war -> hinterlistig war,False,,True,Vertrauen missbrauchte -> eine Lüge erfand
131,original,5,66,täuschte,NP2-Causality,Martin,täuschte,"Monika,",weil,sie,in dem Moment,unaufmerksam war,und,die Zeichen,übersah,"Martin täuschte Monika, weil sie in dem Moment unaufmerksam war und die Zeichen übersah.",ok_prefix_keep_particle_or_punctuation,Martin,Laura,Uwe,Monika,neutral,,,fooled,AgP,6.0,17.0,0.45,10,neutral,täuschte,täuschte,0.44,8.0,,"Der Verkäufer täuschte die Kundin, weil sie am frühen Morgen unerfahren war und die Unsicherheit zeigte.",unerfahren,2.77,10.0,50.0,50.0,suboptimal,nonamb,False,,False,,False,,True,Störungen verursachte -> die Zeichen übersah
131,both_male,6,66,täuschte,NP2-Causality,Martin,täuschte,"Uwe,",weil,er,in dem Moment,unaufmerksam war,und,die Zeichen,übersah,"Martin täuschte Uwe, weil er in dem Moment unaufmerksam war und die Zeichen übersah.",ok_prefix_keep_particle_or_punctuation,Martin,Laura,Uwe,Monika,neutral,,,fooled,AgP,6.0,17.0,0.45,10,neutral,täuschte,täuschte,0.44,8.0,,"Der Verkäufer täuschte die Kundin, weil sie am frühen Morgen unerfahren war und die Unsicherheit zeigte.",unerfahren,2.77,10.0,50.0,50.0,suboptimal,nonamb,False,,False,,False,,True,Störungen verursachte -> die Zeichen übersah
131,both_female,7,66,täuschte,NP2-Causality,Laura,täuschte,"Monika,",weil,sie,in dem Moment,unaufmerksam war,und,die Zeichen,übersah,"Laura täuschte Monika, weil sie in dem Moment unaufmerksam war und die Zeichen übersah.",ok_prefix_keep_particle_or_punctuation,Martin,Laura,Uwe,Monika,neutral,,,fooled,AgP,6.0,17.0,0.45,10,neutral,täuschte,täuschte,0.44,8.0,,"Der Verkäufer täuschte die Kundin, weil sie am frühen Morgen unerfahren war und die Unsicherheit zeigte.",unerfahren,2.77,10.0,50.0,50.0,suboptimal,nonamb,False,,False,,False,,True,Störungen verursachte -> die Zeichen übersah
131,swapped,8,66,täuschte,NP2-Causality,Laura,täuschte,"Uwe,",weil,er,in dem Moment,unaufmerksam war,und,die Zeichen,übersah,"Laura täuschte Uwe, weil er in dem Moment unaufmerksam war und die Zeichen übersah.",ok_prefix_keep_particle_or_punctuation,Martin,Laura,Uwe,Monika,neutral,,,fooled,AgP,6.0,17.0,0.45,10,neutral,täuschte,täuschte,0.44,8.0,,"Der Verkäufer täuschte die Kundin, weil sie am frühen Morgen unerfahren war und die Unsicherheit zeigte.",unerfahren,2.77,10.0,50.0,50.0,suboptimal,nonamb,False,,False,,False,,True,Störungen verursachte -> die Zeichen übersah
226,original,1,67,faszinierte,NP1-Causality,Frank,faszinierte,"Martina,",weil,er,in der Aufführung,außergewöhnlich war,und,die Aufmerksamkeit,fesselte,"Frank faszinierte Martina, weil er in der Aufführung außergewöhnlich war und die Aufmerksamkeit fesselte.",ok_prefix_keep_particle_or_punctuation,Frank,Lena,Stefan,Martina,NP1,,,fascinated,StimExp,10.0,0.0,1.64,85,NP1,faszinierte,faszinierte,1.13,11.0,,"Der Darsteller faszinierte die Zuschauerin, weil er bis zum Ende ausdrucksstark war und die Wirkung erzielte.",ausdrucksstark,1.49,14.0,62.5,62.5,suboptimal,nonamb,False,,True,ausdrucksstark war -> außergewöhnlich war,False,,True,eine Botschaft kommunizierte -> die Aufmerksamkeit fesselte
226,both_male,2,67,faszinierte,NP1-Causality,Frank,faszinierte,"Stefan,",weil,er,in der Aufführung,außergewöhnlich war,und,die Aufmerksamkeit,fesselte,"Frank faszinierte Stefan, weil er in der Aufführung außergewöhnlich war und die Aufmerksamkeit fesselte.",ok_prefix_keep_particle_or_punctuation,Frank,Lena,Stefan,Martina,NP1,,,fascinated,StimExp,10.0,0.0,1.64,85,NP1,faszinierte,faszinierte,1.13,11.0,,"Der Darsteller faszinierte die Zuschauerin, weil er bis zum Ende ausdrucksstark war und die Wirkung erzielte.",ausdrucksstark,1.49,14.0,62.5,62.5,suboptimal,nonamb,False,,True,ausdrucksstark war -> außergewöhnlich war,False,,True,eine Botschaft kommunizierte -> die Aufmerksamkeit fesselte
226,both_female,3,67,faszinierte,NP1-Causality,Lena,faszinierte,"Martina,",weil,sie,in der Aufführung,außergewöhnlich war,und,die Aufmerksamkeit,fesselte,"Lena faszinierte Martina, weil sie in der Aufführung außergewöhnlich war und die Aufmerksamkeit fesselte.",ok_prefix_keep_particle_or_punctuation,Frank,Lena,Stefan,Martina,NP1,,,fascinated,StimExp,10.0,0.0,1.64,85,NP1,faszinierte,faszinierte,1.13,11.0,,"Der Darsteller faszinierte die Zuschauerin, weil er bis zum Ende ausdrucksstark war und die Wirkung erzielte.",ausdrucksstark,1.49,14.0,62.5,62.5,suboptimal,nonamb,False,,True,ausdrucksstark war -> außergewöhnlich war,False,,True,eine Botschaft kommunizierte -> die Aufmerksamkeit fesselte
226,swapped,4,67,faszinierte,NP1-Causality,Lena,faszinierte,"Stefan,",weil,sie,in der Aufführung,außergewöhnlich war,und,die Aufmerksamkeit,fesselte,"Lena faszinierte Stefan, weil sie in der Aufführung außergewöhnlich war und die Aufmerksamkeit fesselte.",ok_prefix_keep_particle_or_punctuation,Frank,Lena,Stefan,Martina,NP1,,,fascinated,StimExp,10.0,0.0,1.64,85,NP1,faszinierte,faszinierte,1.13,11.0,,"Der Darsteller faszinierte die Zuschauerin, weil er bis zum Ende ausdrucksstark war und die Wirkung erzielte.",ausdrucksstark,1.49,14.0,62.5,62.5,suboptimal,nonamb,False,,True,ausdrucksstark war -> außergewöhnlich war,False,,True,eine Botschaft kommunizierte -> die Aufmerksamkeit fesselte
227,original,5,67,faszinierte,NP2-Causality,Frank,faszinierte,"Martina,",weil,sie,in der Aufführung,ergriffen war,und,jede Bewegung,verfolgte,"Frank faszinierte Martina, weil sie in der Aufführung ergriffen war und jede Bewegung verfolgte.",ok_prefix_keep_particle_or_punctuation,Frank,Lena,Stefan,Martina,NP1,,,fascinated,StimExp,10.0,0.0,1.64,85,NP1,faszinierte,faszinierte,1.13,11.0,,"Der Darsteller faszinierte die Zuschauerin, weil sie bis zum Ende verblüfft war und die Augen weitete.",verblüfft,2.69,9.0,62.5,62.5,suboptimal,nonamb,False,,True,verblüfft war -> ergriffen war,False,,True,die Botschaft verstand -> jede Bewegung verfolgte
227,both_male,6,67,faszinierte,NP2-Causality,Frank,faszinierte,"Stefan,",weil,er,in der Aufführung,ergriffen war,und,jede Bewegung,verfolgte,"Frank faszinierte Stefan, weil er in der Aufführung ergriffen war und jede Bewegung verfolgte.",ok_prefix_keep_particle_or_punctuation,Frank,Lena,Stefan,Martina,NP1,,,fascinated,StimExp,10.0,0.0,1.64,85,NP1,faszinierte,faszinierte,1.13,11.0,,"Der Darsteller faszinierte die Zuschauerin, weil sie bis zum Ende verblüfft war und die Augen weitete.",verblüfft,2.69,9.0,62.5,62.5,suboptimal,nonamb,False,,True,verblüfft war -> ergriffen war,False,,True,die Botschaft verstand -> jede Bewegung verfolgte
227,both_female,7,67,faszinierte,NP2-Causality,Lena,faszinierte,"Martina,",weil,sie,in der Aufführung,ergriffen war,und,jede Bewegung,verfolgte,"Lena faszinierte Martina, weil sie in der Aufführung ergriffen war und jede Bewegung verfolgte.",ok_prefix_keep_particle_or_punctuation,Frank,Lena,Stefan,Martina,NP1,,,fascinated,StimExp,10.0,0.0,1.64,85,NP1,faszinierte,faszinierte,1.13,11.0,,"Der Darsteller faszinierte die Zuschauerin, weil sie bis zum Ende verblüfft war und die Augen weitete.",verblüfft,2.69,9.0,62.5,62.5,suboptimal,nonamb,False,,True,verblüfft war -> ergriffen war,False,,True,die Botschaft verstand -> jede Bewegung verfolgte
227,swapped,8,67,faszinierte,NP2-Causality,Lena,faszinierte,"Stefan,",weil,er,in der Aufführung,ergriffen war,und,jede Bewegung,verfolgte,"Lena faszinierte Stefan, weil er in der Aufführung ergriffen war und jede Bewegung verfolgte.",ok_prefix_keep_particle_or_punctuation,Frank,Lena,Stefan,Martina,NP1,,,fascinated,StimExp,10.0,0.0,1.64,85,NP1,faszinierte,faszinierte,1.13,11.0,,"Der Darsteller faszinierte die Zuschauerin, weil sie bis zum Ende verblüfft war und die Augen weitete.",verblüfft,2.69,9.0,62.5,62.5,suboptimal,nonamb,False,,True,verblüfft war -> ergriffen war,False,,True,die Botschaft verstand -> jede Bewegung verfolgte
0,original,1,68,verspottete,NP1-Causality,Karl,verspottete,"Renate,",weil,er,am späten Abend,fies war,und,den Spott,genoss,"Karl verspottete Renate, weil er am späten Abend fies war und den Spott genoss.",ok_prefix_keep_particle_or_punctuation,Karl,Anna,David,Renate,NP2,,,laughed at,AgP,7.0,0.0,-0.82,-96,NP2,lachte … aus,auslachte,0.03,9.0,,"Der Heimleiter lachte die Seniorin aus, weil er am späten Abend gehässig war und den Streit schürte.",gehässig,0.73,8.0,93.5,93.5,optimal,nonamb,True,lachte -> verspottete (Eng: laughed at),True,gehässig war -> fies war,False,,True,Streit suchte -> den Spott genoss
0,both_male,2,68,verspottete,NP1-Causality,Karl,verspottete,"David,",weil,er,am späten Abend,fies war,und,den Spott,genoss,"Karl verspottete David, weil er am späten Abend fies war und den Spott genoss.",ok_prefix_keep_particle_or_punctuation,Karl,Anna,David,Renate,NP2,,,laughed at,AgP,7.0,0.0,-0.82,-96,NP2,lachte … aus,auslachte,0.03,9.0,,"Der Heimleiter lachte die Seniorin aus, weil er am späten Abend gehässig war und den Streit schürte.",gehässig,0.73,8.0,93.5,93.5,optimal,nonamb,True,lachte -> verspottete (Eng: laughed at),True,gehässig war -> fies war,False,,True,Streit suchte -> den Spott genoss
0,both_female,3,68,verspottete,NP1-Causality,Anna,verspottete,"Renate,",weil,sie,am späten Abend,fies war,und,den Spott,genoss,"Anna verspottete Renate, weil sie am späten Abend fies war und den Spott genoss.",ok_prefix_keep_particle_or_punctuation,Karl,Anna,David,Renate,NP2,,,laughed at,AgP,7.0,0.0,-0.82,-96,NP2,lachte … aus,auslachte,0.03,9.0,,"Der Heimleiter lachte die Seniorin aus, weil er am späten Abend gehässig war und den Streit schürte.",gehässig,0.73,8.0,93.5,93.5,optimal,nonamb,True,lachte -> verspottete (Eng: laughed at),True,gehässig war -> fies war,False,,True,Streit suchte -> den Spott genoss
0,swapped,4,68,verspottete,NP1-Causality,Anna,verspottete,"David,",weil,sie,am späten Abend,fies war,und,den Spott,genoss,"Anna verspottete David, weil sie am späten Abend fies war und den Spott genoss.",ok_prefix_keep_particle_or_punctuation,Karl,Anna,David,Renate,NP2,,,laughed at,AgP,7.0,0.0,-0.82,-96,NP2,lachte … aus,auslachte,0.03,9.0,,"Der Heimleiter lachte die Seniorin aus, weil er am späten Abend gehässig war und den Streit schürte.",gehässig,0.73,8.0,93.5,93.5,optimal,nonamb,True,lachte -> verspottete (Eng: laughed at),True,gehässig war -> fies war,False,,True,Streit suchte -> den Spott genoss
1,original,5,68,verspottete,NP2-Causality,Karl,verspottete,"Renate,",weil,sie,am späten Abend,ungeschickt war,und,einen Teller,zerbrach,"Karl verspottete Renate, weil sie am späten Abend ungeschickt war und einen Teller zerbrach.",ok_prefix_keep_particle_or_punctuation,Karl,Anna,David,Renate,NP2,,,laughed at,AgP,7.0,0.0,-0.82,-96,NP2,lachte … aus,auslachte,0.03,9.0,,"Der Heimleiter lachte die Seniorin aus, weil sie am späten Abend vergesslich war und die Situation verschärfte.",vergesslich,0.3,11.0,93.5,93.5,optimal,nonamb,True,lachte -> verspottete (Eng: laughed at),True,vergesslich war -> ungeschickt war,False,,True,die Reaktion provozierte -> einen Teller zerbrach
1,both_male,6,68,verspottete,NP2-Causality,Karl,verspottete,"David,",weil,er,am späten Abend,ungeschickt war,und,einen Teller,zerbrach,"Karl verspottete David, weil er am späten Abend ungeschickt war und einen Teller zerbrach.",ok_prefix_keep_particle_or_punctuation,Karl,Anna,David,Renate,NP2,,,laughed at,AgP,7.0,0.0,-0.82,-96,NP2,lachte … aus,auslachte,0.03,9.0,,"Der Heimleiter lachte die Seniorin aus, weil sie am späten Abend vergesslich war und die Situation verschärfte.",vergesslich,0.3,11.0,93.5,93.5,optimal,nonamb,True,lachte -> verspottete (Eng: laughed at),True,vergesslich war -> ungeschickt war,False,,True,die Reaktion provozierte -> einen Teller zerbrach
1,both_female,7,68,verspottete,NP2-Causality,Anna,verspottete,"Renate,",weil,sie,am späten Abend,ungeschickt war,und,einen Teller,zerbrach,"Anna verspottete Renate, weil sie am späten Abend ungeschickt war und einen Teller zerbrach.",ok_prefix_keep_particle_or_punctuation,Karl,Anna,David,Renate,NP2,,,laughed at,AgP,7.0,0.0,-0.82,-96,NP2,lachte … aus,auslachte,0.03,9.0,,"Der Heimleiter lachte die Seniorin aus, weil sie am späten Abend vergesslich war und die Situation verschärfte.",vergesslich,0.3,11.0,93.5,93.5,optimal,nonamb,True,lachte -> verspottete (Eng: laughed at),True,vergesslich war -> ungeschickt war,False,,True,die Reaktion provozierte -> einen Teller zerbrach
1,swapped,8,68,verspottete,NP2-Causality,Anna,verspottete,"David,",weil,er,am späten Abend,ungeschickt war,und,einen Teller,zerbrach,"Anna verspottete David, weil er am späten Abend ungeschickt war und einen Teller zerbrach.",ok_prefix_keep_particle_or_punctuation,Karl,Anna,David,Renate,NP2,,,laughed at,AgP,7.0,0.0,-0.82,-96,NP2,lachte … aus,auslachte,0.03,9.0,,"Der Heimleiter lachte die Seniorin aus, weil sie am späten Abend vergesslich war und die Situation verschärfte.",vergesslich,0.3,11.0,93.5,93.5,optimal,nonamb,True,lachte -> verspottete (Eng: laughed at),True,vergesslich war -> ungeschickt war,False,,True,die Reaktion provozierte -> einen Teller zerbrach
104,original,1,69,amüsierte,NP1-Causality,Wolfgang,amüsierte,"Petra,",weil,er,an dem Nachmittag,witzig war,und,die Situation,aufheiterte,"Wolfgang amüsierte Petra, weil er an dem Nachmittag witzig war und die Situation aufheiterte.",ok_prefix_keep_particle_or_punctuation,Wolfgang,Sabine,Alexander,Petra,neutral,,,jollified,StimExp,9.0,0.0,1.09,-2,neutral,amüsierte,amüsierte,0.34,9.0,,"Der Tänzer amüsierte die Zuschauerin, weil er von Anfang an hervorragend war und die Begeisterung weckte.",hervorragend,40.61,12.0,93.75,93.75,optimal,nonamb,False,,True,drollig war -> witzig war,False,,True,Kunsstücke vollführte -> die Situation aufheiterte
104,both_male,2,69,amüsierte,NP1-Causality,Wolfgang,amüsierte,"Alexander,",weil,er,an dem Nachmittag,witzig war,und,die Situation,aufheiterte,"Wolfgang amüsierte Alexander, weil er an dem Nachmittag witzig war und die Situation aufheiterte.",ok_prefix_keep_particle_or_punctuation,Wolfgang,Sabine,Alexander,Petra,neutral,,,jollified,StimExp,9.0,0.0,1.09,-2,neutral,amüsierte,amüsierte,0.34,9.0,,"Der Tänzer amüsierte die Zuschauerin, weil er von Anfang an hervorragend war und die Begeisterung weckte.",hervorragend,40.61,12.0,93.75,93.75,optimal,nonamb,False,,True,drollig war -> witzig war,False,,True,Kunsstücke vollführte -> die Situation aufheiterte
104,both_female,3,69,amüsierte,NP1-Causality,Sabine,amüsierte,"Petra,",weil,sie,an dem Nachmittag,witzig war,und,die Situation,aufheiterte,"Sabine amüsierte Petra, weil sie an dem Nachmittag witzig war und die Situation aufheiterte.",ok_prefix_keep_particle_or_punctuation,Wolfgang,Sabine,Alexander,Petra,neutral,,,jollified,StimExp,9.0,0.0,1.09,-2,neutral,amüsierte,amüsierte,0.34,9.0,,"Der Tänzer amüsierte die Zuschauerin, weil er von Anfang an hervorragend war und die Begeisterung weckte.",hervorragend,40.61,12.0,93.75,93.75,optimal,nonamb,False,,True,drollig war -> witzig war,False,,True,Kunsstücke vollführte -> die Situation aufheiterte
104,swapped,4,69,amüsierte,NP1-Causality,Sabine,amüsierte,"Alexander,",weil,sie,an dem Nachmittag,witzig war,und,die Situation,aufheiterte,"Sabine amüsierte Alexander, weil sie an dem Nachmittag witzig war und die Situation aufheiterte.",ok_prefix_keep_particle_or_punctuation,Wolfgang,Sabine,Alexander,Petra,neutral,,,jollified,StimExp,9.0,0.0,1.09,-2,neutral,amüsierte,amüsierte,0.34,9.0,,"Der Tänzer amüsierte die Zuschauerin, weil er von Anfang an hervorragend war und die Begeisterung weckte.",hervorragend,40.61,12.0,93.75,93.75,optimal,nonamb,False,,True,drollig war -> witzig war,False,,True,Kunsstücke vollführte -> die Situation aufheiterte
105,original,5,69,amüsierte,NP2-Causality,Wolfgang,amüsierte,"Petra,",weil,sie,an dem Nachmittag,gelangweilt war,und,jede Ablenkung,begrüßte,"Wolfgang amüsierte Petra, weil sie an dem Nachmittag gelangweilt war und jede Ablenkung begrüßte.",ok_prefix_keep_particle_or_punctuation,Wolfgang,Sabine,Alexander,Petra,neutral,,,jollified,StimExp,9.0,0.0,1.09,-2,neutral,amüsierte,amüsierte,0.34,9.0,,"Der Tänzer amüsierte die Zuschauerin, weil sie von Anfang an kulturbeflissen war und den Ausdruck schätzte.",kulturbeflissen,0.03,15.0,93.75,93.75,optimal,nonamb,False,,True,kulturbeflissen war -> gelangweilt war,False,,True,die Witze schätzte -> jede Ablenkung begrüßte
105,both_male,6,69,amüsierte,NP2-Causality,Wolfgang,amüsierte,"Alexander,",weil,er,an dem Nachmittag,gelangweilt war,und,jede Ablenkung,begrüßte,"Wolfgang amüsierte Alexander, weil er an dem Nachmittag gelangweilt war und jede Ablenkung begrüßte.",ok_prefix_keep_particle_or_punctuation,Wolfgang,Sabine,Alexander,Petra,neutral,,,jollified,StimExp,9.0,0.0,1.09,-2,neutral,amüsierte,amüsierte,0.34,9.0,,"Der Tänzer amüsierte die Zuschauerin, weil sie von Anfang an kulturbeflissen war und den Ausdruck schätzte.",kulturbeflissen,0.03,15.0,93.75,93.75,optimal,nonamb,False,,True,kulturbeflissen war -> gelangweilt war,False,,True,die Witze schätzte -> jede Ablenkung begrüßte
105,both_female,7,69,amüsierte,NP2-Causality,Sabine,amüsierte,"Petra,",weil,sie,an dem Nachmittag,gelangweilt war,und,jede Ablenkung,begrüßte,"Sabine amüsierte Petra, weil sie an dem Nachmittag gelangweilt war und jede Ablenkung begrüßte.",ok_prefix_keep_particle_or_punctuation,Wolfgang,Sabine,Alexander,Petra,neutral,,,jollified,StimExp,9.0,0.0,1.09,-2,neutral,amüsierte,amüsierte,0.34,9.0,,"Der Tänzer amüsierte die Zuschauerin, weil sie von Anfang an kulturbeflissen war und den Ausdruck schätzte.",kulturbeflissen,0.03,15.0,93.75,93.75,optimal,nonamb,False,,True,kulturbeflissen war -> gelangweilt war,False,,True,die Witze schätzte -> jede Ablenkung begrüßte
105,swapped,8,69,amüsierte,NP2-Causality,Sabine,amüsierte,"Alexander,",weil,er,an dem Nachmittag,gelangweilt war,und,jede Ablenkung,begrüßte,"Sabine amüsierte Alexander, weil er an dem Nachmittag gelangweilt war und jede Ablenkung begrüßte.",ok_prefix_keep_particle_or_punctuation,Wolfgang,Sabine,Alexander,Petra,neutral,,,jollified,StimExp,9.0,0.0,1.09,-2,neutral,amüsierte,amüsierte,0.34,9.0,,"Der Tänzer amüsierte die Zuschauerin, weil sie von Anfang an kulturbeflissen war und den Ausdruck schätzte.",kulturbeflissen,0.03,15.0,93.75,93.75,optimal,nonamb,False,,True,kulturbeflissen war -> gelangweilt war,False,,True,die Witze schätzte -> jede Ablenkung begrüßte
194,original,1,70,reizte,NP1-Causality,Tobias,reizte,"Katharina,",weil,er,am späten Nachmittag,hektisch war,und,die Anderen,verunsicherte,"Tobias reizte Katharina, weil er am späten Nachmittag hektisch war und die Anderen verunsicherte.",ok_prefix_keep_particle_or_punctuation,Tobias,Julia,Michael,Katharina,NP1,,,peeved,StimExp,6.0,931.0,-1.27,77,NP1,reizte,reizte,0.68,6.0,,"Der Chef reizte die Mitarbeiterin, weil er am späten Vormittag arrogant war und die Reaktion herausforderte.",arrogant,4.45,8.0,87.5,87.5,optimal,nonamb,False,,True,penetrant war -> hektisch war,False,,False,
194,both_male,2,70,reizte,NP1-Causality,Tobias,reizte,"Michael,",weil,er,am späten Nachmittag,hektisch war,und,die Anderen,verunsicherte,"Tobias reizte Michael, weil er am späten Nachmittag hektisch war und die Anderen verunsicherte.",ok_prefix_keep_particle_or_punctuation,Tobias,Julia,Michael,Katharina,NP1,,,peeved,StimExp,6.0,931.0,-1.27,77,NP1,reizte,reizte,0.68,6.0,,"Der Chef reizte die Mitarbeiterin, weil er am späten Vormittag arrogant war und die Reaktion herausforderte.",arrogant,4.45,8.0,87.5,87.5,optimal,nonamb,False,,True,penetrant war -> hektisch war,False,,False,
194,both_female,3,70,reizte,NP1-Causality,Julia,reizte,"Katharina,",weil,sie,am späten Nachmittag,hektisch war,und,die Anderen,verunsicherte,"Julia reizte Katharina, weil sie am späten Nachmittag hektisch war und die Anderen verunsicherte.",ok_prefix_keep_particle_or_punctuation,Tobias,Julia,Michael,Katharina,NP1,,,peeved,StimExp,6.0,931.0,-1.27,77,NP1,reizte,reizte,0.68,6.0,,"Der Chef reizte die Mitarbeiterin, weil er am späten Vormittag arrogant war und die Reaktion herausforderte.",arrogant,4.45,8.0,87.5,87.5,optimal,nonamb,False,,True,penetrant war -> hektisch war,False,,False,
194,swapped,4,70,reizte,NP1-Causality,Julia,reizte,"Michael,",weil,sie,am späten Nachmittag,hektisch war,und,die Anderen,verunsicherte,"Julia reizte Michael, weil sie am späten Nachmittag hektisch war und die Anderen verunsicherte.",ok_prefix_keep_particle_or_punctuation,Tobias,Julia,Michael,Katharina,NP1,,,peeved,StimExp,6.0,931.0,-1.27,77,NP1,reizte,reizte,0.68,6.0,,"Der Chef reizte die Mitarbeiterin, weil er am späten Vormittag arrogant war und die Reaktion herausforderte.",arrogant,4.45,8.0,87.5,87.5,optimal,nonamb,False,,True,penetrant war -> hektisch war,False,,False,
195,original,5,70,reizte,NP2-Causality,Tobias,reizte,"Katharina,",weil,sie,am späten Nachmittag,gestresst war,und,die Fristen,verpasste,"Tobias reizte Katharina, weil sie am späten Nachmittag gestresst war und die Fristen verpasste.",ok_prefix_keep_particle_or_punctuation,Tobias,Julia,Michael,Katharina,NP1,,,peeved,StimExp,6.0,931.0,-1.27,77,NP1,reizte,reizte,0.68,6.0,,"Der Chef reizte die Mitarbeiterin, weil sie am späten Vormittag sensibel war und die Gefühle spürte.",sensibel,13.76,10.0,87.5,87.5,optimal,nonamb,False,,True,sensibel war -> gestresst war,False,,True,Müdigkeit einsetzte -> die Fristen verpasste
195,both_male,6,70,reizte,NP2-Causality,Tobias,reizte,"Michael,",weil,er,am späten Nachmittag,gestresst war,und,die Fristen,verpasste,"Tobias reizte Michael, weil er am späten Nachmittag gestresst war und die Fristen verpasste.",ok_prefix_keep_particle_or_punctuation,Tobias,Julia,Michael,Katharina,NP1,,,peeved,StimExp,6.0,931.0,-1.27,77,NP1,reizte,reizte,0.68,6.0,,"Der Chef reizte die Mitarbeiterin, weil sie am späten Vormittag sensibel war und die Gefühle spürte.",sensibel,13.76,10.0,87.5,87.5,optimal,nonamb,False,,True,sensibel war -> gestresst war,False,,True,Müdigkeit einsetzte -> die Fristen verpasste
195,both_female,7,70,reizte,NP2-Causality,Julia,reizte,"Katharina,",weil,sie,am späten Nachmittag,gestresst war,und,die Fristen,verpasste,"Julia reizte Katharina, weil sie am späten Nachmittag gestresst war und die Fristen verpasste.",ok_prefix_keep_particle_or_punctuation,Tobias,Julia,Michael,Katharina,NP1,,,peeved,StimExp,6.0,931.0,-1.27,77,NP1,reizte,reizte,0.68,6.0,,"Der Chef reizte die Mitarbeiterin, weil sie am späten Vormittag sensibel war und die Gefühle spürte.",sensibel,13.76,10.0,87.5,87.5,optimal,nonamb,False,,True,sensibel war -> gestresst war,False,,True,Müdigkeit einsetzte -> die Fristen verpasste
195,swapped,8,70,reizte,NP2-Causality,Julia,reizte,"Michael,",weil,er,am späten Nachmittag,gestresst war,und,die Fristen,verpasste,"Julia reizte Michael, weil er am späten Nachmittag gestresst war und die Fristen verpasste.",ok_prefix_keep_particle_or_punctuation,Tobias,Julia,Michael,Katharina,NP1,,,peeved,StimExp,6.0,931.0,-1.27,77,NP1,reizte,reizte,0.68,6.0,,"Der Chef reizte die Mitarbeiterin, weil sie am späten Vormittag sensibel war und die Gefühle spürte.",sensibel,13.76,10.0,87.5,87.5,optimal,nonamb,False,,True,sensibel war -> gestresst war,False,,True,Müdigkeit einsetzte -> die Fristen verpasste
34,original,1,71,bedauerte,NP1-Causality,Paul,bedauerte,"Lisa,",weil,er,an dem Tag,besorgt war,und,die Verzweiflung,sah,"Paul bedauerte Lisa, weil er an dem Tag besorgt war und die Verzweiflung sah.",ok_prefix_keep_particle_or_punctuation,Paul,Susanne,Hans,Lisa,NP2,,,pitied,ExpStim,6.0,512.0,-1.55,-83,NP2,bedauerte,bedauerte,1.89,9.0,,"Der Arzt bedauerte die Patientin, weil er schon seit Langem machtlos war und die Situation akzeptierte.",machtlos,2.68,8.0,68.75,68.75,optimal,nonamb,False,,True,machtlos war -> besorgt war,False,,True,die Situation auswegslos -> die Verzweiflung sah
34,both_male,2,71,bedauerte,NP1-Causality,Paul,bedauerte,"Hans,",weil,er,an dem Tag,besorgt war,und,die Verzweiflung,sah,"Paul bedauerte Hans, weil er an dem Tag besorgt war und die Verzweiflung sah.",ok_prefix_keep_particle_or_punctuation,Paul,Susanne,Hans,Lisa,NP2,,,pitied,ExpStim,6.0,512.0,-1.55,-83,NP2,bedauerte,bedauerte,1.89,9.0,,"Der Arzt bedauerte die Patientin, weil er schon seit Langem machtlos war und die Situation akzeptierte.",machtlos,2.68,8.0,68.75,68.75,optimal,nonamb,False,,True,machtlos war -> besorgt war,False,,True,die Situation auswegslos -> die Verzweiflung sah
34,both_female,3,71,bedauerte,NP1-Causality,Susanne,bedauerte,"Lisa,",weil,sie,an dem Tag,besorgt war,und,die Verzweiflung,sah,"Susanne bedauerte Lisa, weil sie an dem Tag besorgt war und die Verzweiflung sah.",ok_prefix_keep_particle_or_punctuation,Paul,Susanne,Hans,Lisa,NP2,,,pitied,ExpStim,6.0,512.0,-1.55,-83,NP2,bedauerte,bedauerte,1.89,9.0,,"Der Arzt bedauerte die Patientin, weil er schon seit Langem machtlos war und die Situation akzeptierte.",machtlos,2.68,8.0,68.75,68.75,optimal,nonamb,False,,True,machtlos war -> besorgt war,False,,True,die Situation auswegslos -> die Verzweiflung sah
34,swapped,4,71,bedauerte,NP1-Causality,Susanne,bedauerte,"Hans,",weil,sie,an dem Tag,besorgt war,und,die Verzweiflung,sah,"Susanne bedauerte Hans, weil sie an dem Tag besorgt war und die Verzweiflung sah.",ok_prefix_keep_particle_or_punctuation,Paul,Susanne,Hans,Lisa,NP2,,,pitied,ExpStim,6.0,512.0,-1.55,-83,NP2,bedauerte,bedauerte,1.89,9.0,,"Der Arzt bedauerte die Patientin, weil er schon seit Langem machtlos war und die Situation akzeptierte.",machtlos,2.68,8.0,68.75,68.75,optimal,nonamb,False,,True,machtlos war -> besorgt war,False,,True,die Situation auswegslos -> die Verzweiflung sah
35,original,5,71,bedauerte,NP2-Causality,Paul,bedauerte,"Lisa,",weil,sie,an dem Tag,allein war,und,jeden Tag,weinte,"Paul bedauerte Lisa, weil sie an dem Tag allein war und jeden Tag weinte.",ok_prefix_keep_particle_or_punctuation,Paul,Susanne,Hans,Lisa,NP2,,,pitied,ExpStim,6.0,512.0,-1.55,-83,NP2,bedauerte,bedauerte,1.89,9.0,,"Der Arzt bedauerte die Patientin, weil sie schon seit Langem unheilbar war und die Hoffnung verlor.",unheilbar,2.86,9.0,68.75,68.75,optimal,nonamb,False,,True,kraftlos war -> allein war,False,,True,die Heilung stagnierte -> jeden Tag weinte
35,both_male,6,71,bedauerte,NP2-Causality,Paul,bedauerte,"Hans,",weil,er,an dem Tag,allein war,und,jeden Tag,weinte,"Paul bedauerte Hans, weil er an dem Tag allein war und jeden Tag weinte.",ok_prefix_keep_particle_or_punctuation,Paul,Susanne,Hans,Lisa,NP2,,,pitied,ExpStim,6.0,512.0,-1.55,-83,NP2,bedauerte,bedauerte,1.89,9.0,,"Der Arzt bedauerte die Patientin, weil sie schon seit Langem unheilbar war und die Hoffnung verlor.",unheilbar,2.86,9.0,68.75,68.75,optimal,nonamb,False,,True,kraftlos war -> allein war,False,,True,die Heilung stagnierte -> jeden Tag weinte
35,both_female,7,71,bedauerte,NP2-Causality,Susanne,bedauerte,"Lisa,",weil,sie,an dem Tag,allein war,und,jeden Tag,weinte,"Susanne bedauerte Lisa, weil sie an dem Tag allein war und jeden Tag weinte.",ok_prefix_keep_particle_or_punctuation,Paul,Susanne,Hans,Lisa,NP2,,,pitied,ExpStim,6.0,512.0,-1.55,-83,NP2,bedauerte,bedauerte,1.89,9.0,,"Der Arzt bedauerte die Patientin, weil sie schon seit Langem unheilbar war und die Hoffnung verlor.",unheilbar,2.86,9.0,68.75,68.75,optimal,nonamb,False,,True,kraftlos war -> allein war,False,,True,die Heilung stagnierte -> jeden Tag weinte
35,swapped,8,71,bedauerte,NP2-Causality,Susanne,bedauerte,"Hans,",weil,er,an dem Tag,allein war,und,jeden Tag,weinte,"Susanne bedauerte Hans, weil er an dem Tag allein war und jeden Tag weinte.",ok_prefix_keep_particle_or_punctuation,Paul,Susanne,Hans,Lisa,NP2,,,pitied,ExpStim,6.0,512.0,-1.55,-83,NP2,bedauerte,bedauerte,1.89,9.0,,"Der Arzt bedauerte die Patientin, weil sie schon seit Langem unheilbar war und die Hoffnung verlor.",unheilbar,2.86,9.0,68.75,68.75,optimal,nonamb,False,,True,kraftlos war -> allein war,False,,True,die Heilung stagnierte -> jeden Tag weinte
78,original,1,72,tadelte,NP1-Causality,Christian,tadelte,"Eva,",weil,er,an dem Nachmittag,penibel war,und,jede Kleinigkeit,bemerkte,"Christian tadelte Eva, weil er an dem Nachmittag penibel war und jede Kleinigkeit bemerkte.",ok_prefix_keep_particle_or_punctuation,Christian,Jana,Klaus,Eva,neutral,,,reproved,AgEvo,8.0,61.0,-0.36,-14,neutral,tadelte,tadelte,0.23,7.0,,"Der Herr tadelte die Zofe, weil er am frühen Morgen genervt war und die Kontrolle verlor.",genervt,3.82,7.0,43.75,43.75,suboptimal,nonamb,False,,True,verärgert war -> penibel war,True,am dem Nachmittag -> an dem Nachmittag,True,Kleinigkeitein bemerkte -> jede Kleinigkeit bemerkte
78,both_male,2,72,tadelte,NP1-Causality,Christian,tadelte,"Klaus,",weil,er,an dem Nachmittag,penibel war,und,jede Kleinigkeit,bemerkte,"Christian tadelte Klaus, weil er an dem Nachmittag penibel war und jede Kleinigkeit bemerkte.",ok_prefix_keep_particle_or_punctuation,Christian,Jana,Klaus,Eva,neutral,,,reproved,AgEvo,8.0,61.0,-0.36,-14,neutral,tadelte,tadelte,0.23,7.0,,"Der Herr tadelte die Zofe, weil er am frühen Morgen genervt war und die Kontrolle verlor.",genervt,3.82,7.0,43.75,43.75,suboptimal,nonamb,False,,True,verärgert war -> penibel war,True,am dem Nachmittag -> an dem Nachmittag,True,Kleinigkeitein bemerkte -> jede Kleinigkeit bemerkte
78,both_female,3,72,tadelte,NP1-Causality,Jana,tadelte,"Eva,",weil,sie,an dem Nachmittag,penibel war,und,jede Kleinigkeit,bemerkte,"Jana tadelte Eva, weil sie an dem Nachmittag penibel war und jede Kleinigkeit bemerkte.",ok_prefix_keep_particle_or_punctuation,Christian,Jana,Klaus,Eva,neutral,,,reproved,AgEvo,8.0,61.0,-0.36,-14,neutral,tadelte,tadelte,0.23,7.0,,"Der Herr tadelte die Zofe, weil er am frühen Morgen genervt war und die Kontrolle verlor.",genervt,3.82,7.0,43.75,43.75,suboptimal,nonamb,False,,True,verärgert war -> penibel war,True,am dem Nachmittag -> an dem Nachmittag,True,Kleinigkeitein bemerkte -> jede Kleinigkeit bemerkte
78,swapped,4,72,tadelte,NP1-Causality,Jana,tadelte,"Klaus,",weil,sie,an dem Nachmittag,penibel war,und,jede Kleinigkeit,bemerkte,"Jana tadelte Klaus, weil sie an dem Nachmittag penibel war und jede Kleinigkeit bemerkte.",ok_prefix_keep_particle_or_punctuation,Christian,Jana,Klaus,Eva,neutral,,,reproved,AgEvo,8.0,61.0,-0.36,-14,neutral,tadelte,tadelte,0.23,7.0,,"Der Herr tadelte die Zofe, weil er am frühen Morgen genervt war und die Kontrolle verlor.",genervt,3.82,7.0,43.75,43.75,suboptimal,nonamb,False,,True,verärgert war -> penibel war,True,am dem Nachmittag -> an dem Nachmittag,True,Kleinigkeitein bemerkte -> jede Kleinigkeit bemerkte
79,original,5,72,tadelte,NP2-Causality,Christian,tadelte,"Eva,",weil,sie,an dem Nachmittag,unpünktlich war,und,den Termin,verpasste,"Christian tadelte Eva, weil sie an dem Nachmittag unpünktlich war und den Termin verpasste.",ok_prefix_keep_particle_or_punctuation,Christian,Jana,Klaus,Eva,neutral,,,reproved,AgEvo,8.0,61.0,-0.36,-14,neutral,tadelte,tadelte,0.23,7.0,,"Der Herr tadelte die Zofe, weil sie am frühen Morgen unpünktlich war und den Ablauf störte.",unpünktlich,0.28,11.0,43.75,43.75,suboptimal,nonamb,False,,False,,True,am dem Nachmittag -> an dem Nachmittag,True,Fehler machte -> den Termin verpasste
79,both_male,6,72,tadelte,NP2-Causality,Christian,tadelte,"Klaus,",weil,er,an dem Nachmittag,unpünktlich war,und,den Termin,verpasste,"Christian tadelte Klaus, weil er an dem Nachmittag unpünktlich war und den Termin verpasste.",ok_prefix_keep_particle_or_punctuation,Christian,Jana,Klaus,Eva,neutral,,,reproved,AgEvo,8.0,61.0,-0.36,-14,neutral,tadelte,tadelte,0.23,7.0,,"Der Herr tadelte die Zofe, weil sie am frühen Morgen unpünktlich war und den Ablauf störte.",unpünktlich,0.28,11.0,43.75,43.75,suboptimal,nonamb,False,,False,,True,am dem Nachmittag -> an dem Nachmittag,True,Fehler machte -> den Termin verpasste
79,both_female,7,72,tadelte,NP2-Causality,Jana,tadelte,"Eva,",weil,sie,an dem Nachmittag,unpünktlich war,und,den Termin,verpasste,"Jana tadelte Eva, weil sie an dem Nachmittag unpünktlich war und den Termin verpasste.",ok_prefix_keep_particle_or_punctuation,Christian,Jana,Klaus,Eva,neutral,,,reproved,AgEvo,8.0,61.0,-0.36,-14,neutral,tadelte,tadelte,0.23,7.0,,"Der Herr tadelte die Zofe, weil sie am frühen Morgen unpünktlich war und den Ablauf störte.",unpünktlich,0.28,11.0,43.75,43.75,suboptimal,nonamb,False,,False,,True,am dem Nachmittag -> an dem Nachmittag,True,Fehler machte -> den Termin verpasste
79,swapped,8,72,tadelte,NP2-Causality,Jana,tadelte,"Klaus,",weil,er,an dem Nachmittag,unpünktlich war,und,den Termin,verpasste,"Jana tadelte Klaus, weil er an dem Nachmittag unpünktlich war und den Termin verpasste.",ok_prefix_keep_particle_or_punctuation,Christian,Jana,Klaus,Eva,neutral,,,reproved,AgEvo,8.0,61.0,-0.36,-14,neutral,tadelte,tadelte,0.23,7.0,,"Der Herr tadelte die Zofe, weil sie am frühen Morgen unpünktlich war und den Ablauf störte.",unpünktlich,0.28,11.0,43.75,43.75,suboptimal,nonamb,False,,False,,True,am dem Nachmittag -> an dem Nachmittag,True,Fehler machte -> den Termin verpasste
174,original,1,73,begeisterte,NP1-Causality,Philipp,begeisterte,"Nicole,",weil,er,auf der Tournee,inspirierend war,und,das Publikum,mitriss,"Philipp begeisterte Nicole, weil er auf der Tournee inspirierend war und das Publikum mitriss.",ok_prefix_keep_particle_or_punctuation,Philipp,Daniela,Thomas,Nicole,NP1,,,wowed,StimExp,5.0,24.0,1.82,74,NP1,begeisterte,begeisterte,4.7,11.0,,"Der Musiker begeisterte die Zuhörerin, weil er seit einiger Zeit auf Tournee war und die Aufmerksamkeit gewann.",auf Tournee,0.69,10.0,81.25,81.25,optimal,nonamb,False,,True,extravagant war -> inspirierend war,False,,True,Solos spielte -> das Publikum mitriss
174,both_male,2,73,begeisterte,NP1-Causality,Philipp,begeisterte,"Thomas,",weil,er,auf der Tournee,inspirierend war,und,das Publikum,mitriss,"Philipp begeisterte Thomas, weil er auf der Tournee inspirierend war und das Publikum mitriss.",ok_prefix_keep_particle_or_punctuation,Philipp,Daniela,Thomas,Nicole,NP1,,,wowed,StimExp,5.0,24.0,1.82,74,NP1,begeisterte,begeisterte,4.7,11.0,,"Der Musiker begeisterte die Zuhörerin, weil er seit einiger Zeit auf Tournee war und die Aufmerksamkeit gewann.",auf Tournee,0.69,10.0,81.25,81.25,optimal,nonamb,False,,True,extravagant war -> inspirierend war,False,,True,Solos spielte -> das Publikum mitriss
174,both_female,3,73,begeisterte,NP1-Causality,Daniela,begeisterte,"Nicole,",weil,sie,auf der Tournee,inspirierend war,und,das Publikum,mitriss,"Daniela begeisterte Nicole, weil sie auf der Tournee inspirierend war und das Publikum mitriss.",ok_prefix_keep_particle_or_punctuation,Philipp,Daniela,Thomas,Nicole,NP1,,,wowed,StimExp,5.0,24.0,1.82,74,NP1,begeisterte,begeisterte,4.7,11.0,,"Der Musiker begeisterte die Zuhörerin, weil er seit einiger Zeit auf Tournee war und die Aufmerksamkeit gewann.",auf Tournee,0.69,10.0,81.25,81.25,optimal,nonamb,False,,True,extravagant war -> inspirierend war,False,,True,Solos spielte -> das Publikum mitriss
174,swapped,4,73,begeisterte,NP1-Causality,Daniela,begeisterte,"Thomas,",weil,sie,auf der Tournee,inspirierend war,und,das Publikum,mitriss,"Daniela begeisterte Thomas, weil sie auf der Tournee inspirierend war und das Publikum mitriss.",ok_prefix_keep_particle_or_punctuation,Philipp,Daniela,Thomas,Nicole,NP1,,,wowed,StimExp,5.0,24.0,1.82,74,NP1,begeisterte,begeisterte,4.7,11.0,,"Der Musiker begeisterte die Zuhörerin, weil er seit einiger Zeit auf Tournee war und die Aufmerksamkeit gewann.",auf Tournee,0.69,10.0,81.25,81.25,optimal,nonamb,False,,True,extravagant war -> inspirierend war,False,,True,Solos spielte -> das Publikum mitriss
175,original,5,73,begeisterte,NP2-Causality,Philipp,begeisterte,"Nicole,",weil,sie,auf der Tournee,hingerissen war,und,jedes Konzert,besuchte,"Philipp begeisterte Nicole, weil sie auf der Tournee hingerissen war und jedes Konzert besuchte.",ok_prefix_keep_particle_or_punctuation,Philipp,Daniela,Thomas,Nicole,NP1,,,wowed,StimExp,5.0,24.0,1.82,74,NP1,begeisterte,begeisterte,4.7,11.0,,"Der Musiker begeisterte die Zuhörerin, weil sie seit einiger Zeit angeheitert war und die Musik genoss.",angeheitert,0.15,10.0,81.25,81.25,optimal,nonamb,False,,True,angeheitert war -> hingerissen war,False,,True,in der Musik schwelkte -> jedes Konzert besuchte
175,both_male,6,73,begeisterte,NP2-Causality,Philipp,begeisterte,"Thomas,",weil,er,auf der Tournee,hingerissen war,und,jedes Konzert,besuchte,"Philipp begeisterte Thomas, weil er auf der Tournee hingerissen war und jedes Konzert besuchte.",ok_prefix_keep_particle_or_punctuation,Philipp,Daniela,Thomas,Nicole,NP1,,,wowed,StimExp,5.0,24.0,1.82,74,NP1,begeisterte,begeisterte,4.7,11.0,,"Der Musiker begeisterte die Zuhörerin, weil sie seit einiger Zeit angeheitert war und die Musik genoss.",angeheitert,0.15,10.0,81.25,81.25,optimal,nonamb,False,,True,angeheitert war -> hingerissen war,False,,True,in der Musik schwelkte -> jedes Konzert besuchte
175,both_female,7,73,begeisterte,NP2-Causality,Daniela,begeisterte,"Nicole,",weil,sie,auf der Tournee,hingerissen war,und,jedes Konzert,besuchte,"Daniela begeisterte Nicole, weil sie auf der Tournee hingerissen war und jedes Konzert besuchte.",ok_prefix_keep_particle_or_punctuation,Philipp,Daniela,Thomas,Nicole,NP1,,,wowed,StimExp,5.0,24.0,1.82,74,NP1,begeisterte,begeisterte,4.7,11.0,,"Der Musiker begeisterte die Zuhörerin, weil sie seit einiger Zeit angeheitert war und die Musik genoss.",angeheitert,0.15,10.0,81.25,81.25,optimal,nonamb,False,,True,angeheitert war -> hingerissen war,False,,True,in der Musik schwelkte -> jedes Konzert besuchte
175,swapped,8,73,begeisterte,NP2-Causality,Daniela,begeisterte,"Thomas,",weil,er,auf der Tournee,hingerissen war,und,jedes Konzert,besuchte,"Daniela begeisterte Thomas, weil er auf der Tournee hingerissen war und jedes Konzert besuchte.",ok_prefix_keep_particle_or_punctuation,Philipp,Daniela,Thomas,Nicole,NP1,,,wowed,StimExp,5.0,24.0,1.82,74,NP1,begeisterte,begeisterte,4.7,11.0,,"Der Musiker begeisterte die Zuhörerin, weil sie seit einiger Zeit angeheitert war und die Musik genoss.",angeheitert,0.15,10.0,81.25,81.25,optimal,nonamb,False,,True,angeheitert war -> hingerissen war,False,,True,in der Musik schwelkte -> jedes Konzert besuchte
72,original,1,74,versorgte,NP1-Causality,Johannes,versorgte,"Nina,",weil,er,seit kurzer Zeit,verantwortungsvoll war,und,die Routine,kannte,"Johannes versorgte Nina, weil er seit kurzer Zeit verantwortungsvoll war und die Routine kannte.",ok_prefix_keep_particle_or_punctuation,Johannes,Johanna,Florian,Nina,NP2,,,worried about,ExpStim,7.0,51.0,-1.91,-71,NP2,war besorgt um,war besorgt,0.09,10.0,,"Der Vater war besorgt um die Tochter, weil er seit kurzer Zeit lebenserfahren war und die Risiken sah. ",lebenserfahren,0.13,14.0,68.75,68.75,optimal,nonamb,True,war besorgt um -> versorgte (Eng: worried about),True,ängstlich war -> verantwortungsvoll war,False,,True,Gefahren sah -> die Routine kannte
72,both_male,2,74,versorgte,NP1-Causality,Johannes,versorgte,"Florian,",weil,er,seit kurzer Zeit,verantwortungsvoll war,und,die Routine,kannte,"Johannes versorgte Florian, weil er seit kurzer Zeit verantwortungsvoll war und die Routine kannte.",ok_prefix_keep_particle_or_punctuation,Johannes,Johanna,Florian,Nina,NP2,,,worried about,ExpStim,7.0,51.0,-1.91,-71,NP2,war besorgt um,war besorgt,0.09,10.0,,"Der Vater war besorgt um die Tochter, weil er seit kurzer Zeit lebenserfahren war und die Risiken sah. ",lebenserfahren,0.13,14.0,68.75,68.75,optimal,nonamb,True,war besorgt um -> versorgte (Eng: worried about),True,ängstlich war -> verantwortungsvoll war,False,,True,Gefahren sah -> die Routine kannte
72,both_female,3,74,versorgte,NP1-Causality,Johanna,versorgte,"Nina,",weil,sie,seit kurzer Zeit,verantwortungsvoll war,und,die Routine,kannte,"Johanna versorgte Nina, weil sie seit kurzer Zeit verantwortungsvoll war und die Routine kannte.",ok_prefix_keep_particle_or_punctuation,Johannes,Johanna,Florian,Nina,NP2,,,worried about,ExpStim,7.0,51.0,-1.91,-71,NP2,war besorgt um,war besorgt,0.09,10.0,,"Der Vater war besorgt um die Tochter, weil er seit kurzer Zeit lebenserfahren war und die Risiken sah. ",lebenserfahren,0.13,14.0,68.75,68.75,optimal,nonamb,True,war besorgt um -> versorgte (Eng: worried about),True,ängstlich war -> verantwortungsvoll war,False,,True,Gefahren sah -> die Routine kannte
72,swapped,4,74,versorgte,NP1-Causality,Johanna,versorgte,"Florian,",weil,sie,seit kurzer Zeit,verantwortungsvoll war,und,die Routine,kannte,"Johanna versorgte Florian, weil sie seit kurzer Zeit verantwortungsvoll war und die Routine kannte.",ok_prefix_keep_particle_or_punctuation,Johannes,Johanna,Florian,Nina,NP2,,,worried about,ExpStim,7.0,51.0,-1.91,-71,NP2,war besorgt um,war besorgt,0.09,10.0,,"Der Vater war besorgt um die Tochter, weil er seit kurzer Zeit lebenserfahren war und die Risiken sah. ",lebenserfahren,0.13,14.0,68.75,68.75,optimal,nonamb,True,war besorgt um -> versorgte (Eng: worried about),True,ängstlich war -> verantwortungsvoll war,False,,True,Gefahren sah -> die Routine kannte
73,original,5,74,versorgte,NP2-Causality,Johannes,versorgte,"Nina,",weil,sie,seit kurzer Zeit,bedürftig war,und,die Hilfe,brauchte,"Johannes versorgte Nina, weil sie seit kurzer Zeit bedürftig war und die Hilfe brauchte.",ok_prefix_keep_particle_or_punctuation,Johannes,Johanna,Florian,Nina,NP2,,,worried about,ExpStim,7.0,51.0,-1.91,-71,NP2,war besorgt um,war besorgt,0.09,10.0,,"Der Vater war besorgt um die Tochter, weil sie seit kurzer Zeit achtzehn war und die Freiheit genoss. ",erst achtzehn,0.03,8.0,68.75,68.75,optimal,nonamb,True,war besorgt um -> versorgte (Eng: worried about),True,achtzehn war -> bedürftig war,False,,True,die Freiheit genoss -> die Hilfe brauchte
73,both_male,6,74,versorgte,NP2-Causality,Johannes,versorgte,"Florian,",weil,er,seit kurzer Zeit,bedürftig war,und,die Hilfe,brauchte,"Johannes versorgte Florian, weil er seit kurzer Zeit bedürftig war und die Hilfe brauchte.",ok_prefix_keep_particle_or_punctuation,Johannes,Johanna,Florian,Nina,NP2,,,worried about,ExpStim,7.0,51.0,-1.91,-71,NP2,war besorgt um,war besorgt,0.09,10.0,,"Der Vater war besorgt um die Tochter, weil sie seit kurzer Zeit achtzehn war und die Freiheit genoss. ",erst achtzehn,0.03,8.0,68.75,68.75,optimal,nonamb,True,war besorgt um -> versorgte (Eng: worried about),True,achtzehn war -> bedürftig war,False,,True,die Freiheit genoss -> die Hilfe brauchte
73,both_female,7,74,versorgte,NP2-Causality,Johanna,versorgte,"Nina,",weil,sie,seit kurzer Zeit,bedürftig war,und,die Hilfe,brauchte,"Johanna versorgte Nina, weil sie seit kurzer Zeit bedürftig war und die Hilfe brauchte.",ok_prefix_keep_particle_or_punctuation,Johannes,Johanna,Florian,Nina,NP2,,,worried about,ExpStim,7.0,51.0,-1.91,-71,NP2,war besorgt um,war besorgt,0.09,10.0,,"Der Vater war besorgt um die Tochter, weil sie seit kurzer Zeit achtzehn war und die Freiheit genoss. ",erst achtzehn,0.03,8.0,68.75,68.75,optimal,nonamb,True,war besorgt um -> versorgte (Eng: worried about),True,achtzehn war -> bedürftig war,False,,True,die Freiheit genoss -> die Hilfe brauchte
73,swapped,8,74,versorgte,NP2-Causality,Johanna,versorgte,"Florian,",weil,er,seit kurzer Zeit,bedürftig war,und,die Hilfe,brauchte,"Johanna versorgte Florian, weil er seit kurzer Zeit bedürftig war und die Hilfe brauchte.",ok_prefix_keep_particle_or_punctuation,Johannes,Johanna,Florian,Nina,NP2,,,worried about,ExpStim,7.0,51.0,-1.91,-71,NP2,war besorgt um,war besorgt,0.09,10.0,,"Der Vater war besorgt um die Tochter, weil sie seit kurzer Zeit achtzehn war und die Freiheit genoss. ",erst achtzehn,0.03,8.0,68.75,68.75,optimal,nonamb,True,war besorgt um -> versorgte (Eng: worried about),True,achtzehn war -> bedürftig war,False,,True,die Freiheit genoss -> die Hilfe brauchte
152,original,1,75,schikanierte,NP1-Causality,Thomas,schikanierte,"Johanna,",weil,er,in der Schule,gehässig war,und,das Mäppchen,versteckte,"Thomas schikanierte Johanna, weil er in der Schule gehässig war und das Mäppchen versteckte.",ok_prefix_keep_particle_or_punctuation,Thomas,Susanne,Andreas,Johanna,neutral,,,victimized,AgEvo,10.0,55.0,-2.64,15,neutral,schikanierte,schikanierte,0.04,12.0,,"Der Schüler schikanierte die Lehrerin, weil er bis zum Ende niederträchtig war und die Demütigung steigerte.",niederträchtig,0.67,14.0,81.25,81.25,optimal,nonamb,False,,True,niederträchtig war -> gehässig war,False,,True,Demütigungen aussprach -> das Mäppchen versteckte
152,both_male,2,75,schikanierte,NP1-Causality,Thomas,schikanierte,"Andreas,",weil,er,in der Schule,gehässig war,und,das Mäppchen,versteckte,"Thomas schikanierte Andreas, weil er in der Schule gehässig war und das Mäppchen versteckte.",ok_prefix_keep_particle_or_punctuation,Thomas,Susanne,Andreas,Johanna,neutral,,,victimized,AgEvo,10.0,55.0,-2.64,15,neutral,schikanierte,schikanierte,0.04,12.0,,"Der Schüler schikanierte die Lehrerin, weil er bis zum Ende niederträchtig war und die Demütigung steigerte.",niederträchtig,0.67,14.0,81.25,81.25,optimal,nonamb,False,,True,niederträchtig war -> gehässig war,False,,True,Demütigungen aussprach -> das Mäppchen versteckte
152,both_female,3,75,schikanierte,NP1-Causality,Susanne,schikanierte,"Johanna,",weil,sie,in der Schule,gehässig war,und,das Mäppchen,versteckte,"Susanne schikanierte Johanna, weil sie in der Schule gehässig war und das Mäppchen versteckte.",ok_prefix_keep_particle_or_punctuation,Thomas,Susanne,Andreas,Johanna,neutral,,,victimized,AgEvo,10.0,55.0,-2.64,15,neutral,schikanierte,schikanierte,0.04,12.0,,"Der Schüler schikanierte die Lehrerin, weil er bis zum Ende niederträchtig war und die Demütigung steigerte.",niederträchtig,0.67,14.0,81.25,81.25,optimal,nonamb,False,,True,niederträchtig war -> gehässig war,False,,True,Demütigungen aussprach -> das Mäppchen versteckte
152,swapped,4,75,schikanierte,NP1-Causality,Susanne,schikanierte,"Andreas,",weil,sie,in der Schule,gehässig war,und,das Mäppchen,versteckte,"Susanne schikanierte Andreas, weil sie in der Schule gehässig war und das Mäppchen versteckte.",ok_prefix_keep_particle_or_punctuation,Thomas,Susanne,Andreas,Johanna,neutral,,,victimized,AgEvo,10.0,55.0,-2.64,15,neutral,schikanierte,schikanierte,0.04,12.0,,"Der Schüler schikanierte die Lehrerin, weil er bis zum Ende niederträchtig war und die Demütigung steigerte.",niederträchtig,0.67,14.0,81.25,81.25,optimal,nonamb,False,,True,niederträchtig war -> gehässig war,False,,True,Demütigungen aussprach -> das Mäppchen versteckte
153,original,5,75,schikanierte,NP2-Causality,Thomas,schikanierte,"Johanna,",weil,sie,in der Schule,anders war,und,die Pausen,mied,"Thomas schikanierte Johanna, weil sie in der Schule anders war und die Pausen mied.",ok_prefix_keep_particle_or_punctuation,Thomas,Susanne,Andreas,Johanna,neutral,,,victimized,AgEvo,10.0,55.0,-2.64,15,neutral,schikanierte,schikanierte,0.04,12.0,,"Der Schüler schikanierte die Lehrerin, weil sie bis zum Ende hilflos war und die Hoffnung sank.",hilflos,9.77,7.0,81.25,81.25,optimal,nonamb,False,,True,hilflos war -> anders war,False,,True,Autorität fehlte -> die Pausen mied
153,both_male,6,75,schikanierte,NP2-Causality,Thomas,schikanierte,"Andreas,",weil,er,in der Schule,anders war,und,die Pausen,mied,"Thomas schikanierte Andreas, weil er in der Schule anders war und die Pausen mied.",ok_prefix_keep_particle_or_punctuation,Thomas,Susanne,Andreas,Johanna,neutral,,,victimized,AgEvo,10.0,55.0,-2.64,15,neutral,schikanierte,schikanierte,0.04,12.0,,"Der Schüler schikanierte die Lehrerin, weil sie bis zum Ende hilflos war und die Hoffnung sank.",hilflos,9.77,7.0,81.25,81.25,optimal,nonamb,False,,True,hilflos war -> anders war,False,,True,Autorität fehlte -> die Pausen mied
153,both_female,7,75,schikanierte,NP2-Causality,Susanne,schikanierte,"Johanna,",weil,sie,in der Schule,anders war,und,die Pausen,mied,"Susanne schikanierte Johanna, weil sie in der Schule anders war und die Pausen mied.",ok_prefix_keep_particle_or_punctuation,Thomas,Susanne,Andreas,Johanna,neutral,,,victimized,AgEvo,10.0,55.0,-2.64,15,neutral,schikanierte,schikanierte,0.04,12.0,,"Der Schüler schikanierte die Lehrerin, weil sie bis zum Ende hilflos war und die Hoffnung sank.",hilflos,9.77,7.0,81.25,81.25,optimal,nonamb,False,,True,hilflos war -> anders war,False,,True,Autorität fehlte -> die Pausen mied
153,swapped,8,75,schikanierte,NP2-Causality,Susanne,schikanierte,"Andreas,",weil,er,in der Schule,anders war,und,die Pausen,mied,"Susanne schikanierte Andreas, weil er in der Schule anders war und die Pausen mied.",ok_prefix_keep_particle_or_punctuation,Thomas,Susanne,Andreas,Johanna,neutral,,,victimized,AgEvo,10.0,55.0,-2.64,15,neutral,schikanierte,schikanierte,0.04,12.0,,"Der Schüler schikanierte die Lehrerin, weil sie bis zum Ende hilflos war und die Hoffnung sank.",hilflos,9.77,7.0,81.25,81.25,optimal,nonamb,False,,True,hilflos war -> anders war,False,,True,Autorität fehlte -> die Pausen mied
230,original,1,76,betörte,NP1-Causality,Tobias,betörte,"Claudia,",weil,er,schon seit Langem,athletisch war,und,die Herausforderung,meisterte,"Tobias betörte Claudia, weil er schon seit Langem athletisch war und die Herausforderung meisterte.",ok_prefix_keep_particle_or_punctuation,Tobias,Sabine,Stefan,Claudia,NP1,,,attracted,StimExp,9.0,1.0,1.82,87,NP1,zog an,anzogen,0.17,5.0,,"Der Akrobat zog die Frau an, weil er schon seit Langem aktiv war und das Gleichgewicht hielt.",in Bewegung,9.3,10.0,37.5,37.5,suboptimal,nonamb,True,zog -> betörte (Eng: attracted),False,,False,,True,das Gleichgewicht hielt -> die Herausforderung meisterte
230,both_male,2,76,betörte,NP1-Causality,Tobias,betörte,"Stefan,",weil,er,schon seit Langem,athletisch war,und,die Herausforderung,meisterte,"Tobias betörte Stefan, weil er schon seit Langem athletisch war und die Herausforderung meisterte.",ok_prefix_keep_particle_or_punctuation,Tobias,Sabine,Stefan,Claudia,NP1,,,attracted,StimExp,9.0,1.0,1.82,87,NP1,zog an,anzogen,0.17,5.0,,"Der Akrobat zog die Frau an, weil er schon seit Langem aktiv war und das Gleichgewicht hielt.",in Bewegung,9.3,10.0,37.5,37.5,suboptimal,nonamb,True,zog -> betörte (Eng: attracted),False,,False,,True,das Gleichgewicht hielt -> die Herausforderung meisterte
230,both_female,3,76,betörte,NP1-Causality,Sabine,betörte,"Claudia,",weil,sie,schon seit Langem,athletisch war,und,die Herausforderung,meisterte,"Sabine betörte Claudia, weil sie schon seit Langem athletisch war und die Herausforderung meisterte.",ok_prefix_keep_particle_or_punctuation,Tobias,Sabine,Stefan,Claudia,NP1,,,attracted,StimExp,9.0,1.0,1.82,87,NP1,zog an,anzogen,0.17,5.0,,"Der Akrobat zog die Frau an, weil er schon seit Langem aktiv war und das Gleichgewicht hielt.",in Bewegung,9.3,10.0,37.5,37.5,suboptimal,nonamb,True,zog -> betörte (Eng: attracted),False,,False,,True,das Gleichgewicht hielt -> die Herausforderung meisterte
230,swapped,4,76,betörte,NP1-Causality,Sabine,betörte,"Stefan,",weil,sie,schon seit Langem,athletisch war,und,die Herausforderung,meisterte,"Sabine betörte Stefan, weil sie schon seit Langem athletisch war und die Herausforderung meisterte.",ok_prefix_keep_particle_or_punctuation,Tobias,Sabine,Stefan,Claudia,NP1,,,attracted,StimExp,9.0,1.0,1.82,87,NP1,zog an,anzogen,0.17,5.0,,"Der Akrobat zog die Frau an, weil er schon seit Langem aktiv war und das Gleichgewicht hielt.",in Bewegung,9.3,10.0,37.5,37.5,suboptimal,nonamb,True,zog -> betörte (Eng: attracted),False,,False,,True,das Gleichgewicht hielt -> die Herausforderung meisterte
231,original,5,76,betörte,NP2-Causality,Tobias,betörte,"Claudia,",weil,sie,schon seit Langem,gelangweilt war,und,jede Abwechslung,genoss,"Tobias betörte Claudia, weil sie schon seit Langem gelangweilt war und jede Abwechslung genoss.",ok_prefix_keep_particle_or_punctuation,Tobias,Sabine,Stefan,Claudia,NP1,,,attracted,StimExp,9.0,1.0,1.82,87,NP1,zog an,anzog,0.57,5.0,,"Der Akrobat zog die Frau an, weil sie schon seit Langem gelangweilt war und das Fußwippen begann.",gelangweilt,2.65,11.0,37.5,37.5,suboptimal,nonamb,True,zog -> betörte (Eng: attracted),False,,False,,True,die Balancekunst faszinierte -> jede Abwechslung genoss
231,both_male,6,76,betörte,NP2-Causality,Tobias,betörte,"Stefan,",weil,er,schon seit Langem,gelangweilt war,und,jede Abwechslung,genoss,"Tobias betörte Stefan, weil er schon seit Langem gelangweilt war und jede Abwechslung genoss.",ok_prefix_keep_particle_or_punctuation,Tobias,Sabine,Stefan,Claudia,NP1,,,attracted,StimExp,9.0,1.0,1.82,87,NP1,zog an,anzog,0.57,5.0,,"Der Akrobat zog die Frau an, weil sie schon seit Langem gelangweilt war und das Fußwippen begann.",gelangweilt,2.65,11.0,37.5,37.5,suboptimal,nonamb,True,zog -> betörte (Eng: attracted),False,,False,,True,die Balancekunst faszinierte -> jede Abwechslung genoss
231,both_female,7,76,betörte,NP2-Causality,Sabine,betörte,"Claudia,",weil,sie,schon seit Langem,gelangweilt war,und,jede Abwechslung,genoss,"Sabine betörte Claudia, weil sie schon seit Langem gelangweilt war und jede Abwechslung genoss.",ok_prefix_keep_particle_or_punctuation,Tobias,Sabine,Stefan,Claudia,NP1,,,attracted,StimExp,9.0,1.0,1.82,87,NP1,zog an,anzog,0.57,5.0,,"Der Akrobat zog die Frau an, weil sie schon seit Langem gelangweilt war und das Fußwippen begann.",gelangweilt,2.65,11.0,37.5,37.5,suboptimal,nonamb,True,zog -> betörte (Eng: attracted),False,,False,,True,die Balancekunst faszinierte -> jede Abwechslung genoss
231,swapped,8,76,betörte,NP2-Causality,Sabine,betörte,"Stefan,",weil,er,schon seit Langem,gelangweilt war,und,jede Abwechslung,genoss,"Sabine betörte Stefan, weil er schon seit Langem gelangweilt war und jede Abwechslung genoss.",ok_prefix_keep_particle_or_punctuation,Tobias,Sabine,Stefan,Claudia,NP1,,,attracted,StimExp,9.0,1.0,1.82,87,NP1,zog an,anzog,0.57,5.0,,"Der Akrobat zog die Frau an, weil sie schon seit Langem gelangweilt war und das Fußwippen begann.",gelangweilt,2.65,11.0,37.5,37.5,suboptimal,nonamb,True,zog -> betörte (Eng: attracted),False,,False,,True,die Balancekunst faszinierte -> jede Abwechslung genoss
44,original,1,77,ermunterte,NP1-Causality,Karl,ermunterte,"Birgit,",weil,er,im frühen Morgengrauen,hilfsbereit war,und,den Haushalt,übernahm,"Karl ermunterte Birgit, weil er im frühen Morgengrauen hilfsbereit war und den Haushalt übernahm.",ok_prefix_keep_particle_or_punctuation,Karl,Barbara,Philipp,Birgit,NP2,,,comforted,StimExp,9.0,612.0,2.36,-77,NP2,munterte auf,aufmunterte,0.02,11.0,,"Der Anwohner munterte die Obdachlose auf, weil er in der Dämmerung hilfsbereit war und das Getränk reichte.",hilfsbereit,4.33,11.0,31.25,31.25,suboptimal,nonamb,True,munterte -> ermunterte (Eng: comforted),False,,True,im Morgengrauen -> im frühen Morgengrauen,True,Zuversicht ausstrahlte -> den Haushalt übernahm
44,both_male,2,77,ermunterte,NP1-Causality,Karl,ermunterte,"Philipp,",weil,er,im frühen Morgengrauen,hilfsbereit war,und,den Haushalt,übernahm,"Karl ermunterte Philipp, weil er im frühen Morgengrauen hilfsbereit war und den Haushalt übernahm.",ok_prefix_keep_particle_or_punctuation,Karl,Barbara,Philipp,Birgit,NP2,,,comforted,StimExp,9.0,612.0,2.36,-77,NP2,munterte auf,aufmunterte,0.02,11.0,,"Der Anwohner munterte die Obdachlose auf, weil er in der Dämmerung hilfsbereit war und das Getränk reichte.",hilfsbereit,4.33,11.0,31.25,31.25,suboptimal,nonamb,True,munterte -> ermunterte (Eng: comforted),False,,True,im Morgengrauen -> im frühen Morgengrauen,True,Zuversicht ausstrahlte -> den Haushalt übernahm
44,both_female,3,77,ermunterte,NP1-Causality,Barbara,ermunterte,"Birgit,",weil,sie,im frühen Morgengrauen,hilfsbereit war,und,den Haushalt,übernahm,"Barbara ermunterte Birgit, weil sie im frühen Morgengrauen hilfsbereit war und den Haushalt übernahm.",ok_prefix_keep_particle_or_punctuation,Karl,Barbara,Philipp,Birgit,NP2,,,comforted,StimExp,9.0,612.0,2.36,-77,NP2,munterte auf,aufmunterte,0.02,11.0,,"Der Anwohner munterte die Obdachlose auf, weil er in der Dämmerung hilfsbereit war und das Getränk reichte.",hilfsbereit,4.33,11.0,31.25,31.25,suboptimal,nonamb,True,munterte -> ermunterte (Eng: comforted),False,,True,im Morgengrauen -> im frühen Morgengrauen,True,Zuversicht ausstrahlte -> den Haushalt übernahm
44,swapped,4,77,ermunterte,NP1-Causality,Barbara,ermunterte,"Philipp,",weil,sie,im frühen Morgengrauen,hilfsbereit war,und,den Haushalt,übernahm,"Barbara ermunterte Philipp, weil sie im frühen Morgengrauen hilfsbereit war und den Haushalt übernahm.",ok_prefix_keep_particle_or_punctuation,Karl,Barbara,Philipp,Birgit,NP2,,,comforted,StimExp,9.0,612.0,2.36,-77,NP2,munterte auf,aufmunterte,0.02,11.0,,"Der Anwohner munterte die Obdachlose auf, weil er in der Dämmerung hilfsbereit war und das Getränk reichte.",hilfsbereit,4.33,11.0,31.25,31.25,suboptimal,nonamb,True,munterte -> ermunterte (Eng: comforted),False,,True,im Morgengrauen -> im frühen Morgengrauen,True,Zuversicht ausstrahlte -> den Haushalt übernahm
45,original,5,77,ermunterte,NP2-Causality,Karl,ermunterte,"Birgit,",weil,sie,im frühen Morgengrauen,verzweifelt war,und,die Motivation,verlor,"Karl ermunterte Birgit, weil sie im frühen Morgengrauen verzweifelt war und die Motivation verlor.",ok_prefix_keep_particle_or_punctuation,Karl,Barbara,Philipp,Birgit,NP2,,,comforted,StimExp,9.0,612.0,2.36,-77,NP2,munterte auf,aufmunterte,0.02,11.0,,"Der Anwohner munterte die Obdachlose auf, weil sie in der Dämmerung hilfsbedüftig war und das Anliegen vorbrachte.",hilfsbedürftig,0.9,14.0,31.25,31.25,suboptimal,nonamb,True,munterte -> ermunterte (Eng: comforted),False,,True,im Morgengrauen -> im frühen Morgengrauen,True,Zukunftsängste hatte -> die Motivation verlor
45,both_male,6,77,ermunterte,NP2-Causality,Karl,ermunterte,"Philipp,",weil,er,im frühen Morgengrauen,verzweifelt war,und,die Motivation,verlor,"Karl ermunterte Philipp, weil er im frühen Morgengrauen verzweifelt war und die Motivation verlor.",ok_prefix_keep_particle_or_punctuation,Karl,Barbara,Philipp,Birgit,NP2,,,comforted,StimExp,9.0,612.0,2.36,-77,NP2,munterte auf,aufmunterte,0.02,11.0,,"Der Anwohner munterte die Obdachlose auf, weil sie in der Dämmerung hilfsbedüftig war und das Anliegen vorbrachte.",hilfsbedürftig,0.9,14.0,31.25,31.25,suboptimal,nonamb,True,munterte -> ermunterte (Eng: comforted),False,,True,im Morgengrauen -> im frühen Morgengrauen,True,Zukunftsängste hatte -> die Motivation verlor
45,both_female,7,77,ermunterte,NP2-Causality,Barbara,ermunterte,"Birgit,",weil,sie,im frühen Morgengrauen,verzweifelt war,und,die Motivation,verlor,"Barbara ermunterte Birgit, weil sie im frühen Morgengrauen verzweifelt war und die Motivation verlor.",ok_prefix_keep_particle_or_punctuation,Karl,Barbara,Philipp,Birgit,NP2,,,comforted,StimExp,9.0,612.0,2.36,-77,NP2,munterte auf,aufmunterte,0.02,11.0,,"Der Anwohner munterte die Obdachlose auf, weil sie in der Dämmerung hilfsbedüftig war und das Anliegen vorbrachte.",hilfsbedürftig,0.9,14.0,31.25,31.25,suboptimal,nonamb,True,munterte -> ermunterte (Eng: comforted),False,,True,im Morgengrauen -> im frühen Morgengrauen,True,Zukunftsängste hatte -> die Motivation verlor
45,swapped,8,77,ermunterte,NP2-Causality,Barbara,ermunterte,"Philipp,",weil,er,im frühen Morgengrauen,verzweifelt war,und,die Motivation,verlor,"Barbara ermunterte Philipp, weil er im frühen Morgengrauen verzweifelt war und die Motivation verlor.",ok_prefix_keep_particle_or_punctuation,Karl,Barbara,Philipp,Birgit,NP2,,,comforted,StimExp,9.0,612.0,2.36,-77,NP2,munterte auf,aufmunterte,0.02,11.0,,"Der Anwohner munterte die Obdachlose auf, weil sie in der Dämmerung hilfsbedüftig war und das Anliegen vorbrachte.",hilfsbedürftig,0.9,14.0,31.25,31.25,suboptimal,nonamb,True,munterte -> ermunterte (Eng: comforted),False,,True,im Morgengrauen -> im frühen Morgengrauen,True,Zukunftsängste hatte -> die Motivation verlor
86,original,1,78,beschimpfte,NP1-Causality,Johannes,beschimpfte,"Lisa,",weil,er,mit der Zeit,gereizt war,und,die Selbstkontrolle,verlor,"Johannes beschimpfte Lisa, weil er mit der Zeit gereizt war und die Selbstkontrolle verlor.",ok_prefix_keep_particle_or_punctuation,Johannes,Monika,Klaus,Lisa,neutral,,,decried,AgEvo,7.0,0.0,-0.55,-11,neutral,beschimpfte,beschimpfte,0.62,11.0,,"Der Onkel beschimpfte die Tochter, weil er von Anfang an dement war und die Orientierung verlor.",dement,0.09,6.0,75.0,75.0,optimal,nonamb,False,,True,dement war -> gereizt war,True,mittlerweile -> mit der Zeit,True,die Orientierung verlor -> die Selbstkontrolle verlor
86,both_male,2,78,beschimpfte,NP1-Causality,Johannes,beschimpfte,"Klaus,",weil,er,mit der Zeit,gereizt war,und,die Selbstkontrolle,verlor,"Johannes beschimpfte Klaus, weil er mit der Zeit gereizt war und die Selbstkontrolle verlor.",ok_prefix_keep_particle_or_punctuation,Johannes,Monika,Klaus,Lisa,neutral,,,decried,AgEvo,7.0,0.0,-0.55,-11,neutral,beschimpfte,beschimpfte,0.62,11.0,,"Der Onkel beschimpfte die Tochter, weil er von Anfang an dement war und die Orientierung verlor.",dement,0.09,6.0,75.0,75.0,optimal,nonamb,False,,True,dement war -> gereizt war,True,mittlerweile -> mit der Zeit,True,die Orientierung verlor -> die Selbstkontrolle verlor
86,both_female,3,78,beschimpfte,NP1-Causality,Monika,beschimpfte,"Lisa,",weil,sie,mit der Zeit,gereizt war,und,die Selbstkontrolle,verlor,"Monika beschimpfte Lisa, weil sie mit der Zeit gereizt war und die Selbstkontrolle verlor.",ok_prefix_keep_particle_or_punctuation,Johannes,Monika,Klaus,Lisa,neutral,,,decried,AgEvo,7.0,0.0,-0.55,-11,neutral,beschimpfte,beschimpfte,0.62,11.0,,"Der Onkel beschimpfte die Tochter, weil er von Anfang an dement war und die Orientierung verlor.",dement,0.09,6.0,75.0,75.0,optimal,nonamb,False,,True,dement war -> gereizt war,True,mittlerweile -> mit der Zeit,True,die Orientierung verlor -> die Selbstkontrolle verlor
86,swapped,4,78,beschimpfte,NP1-Causality,Monika,beschimpfte,"Klaus,",weil,sie,mit der Zeit,gereizt war,und,die Selbstkontrolle,verlor,"Monika beschimpfte Klaus, weil sie mit der Zeit gereizt war und die Selbstkontrolle verlor.",ok_prefix_keep_particle_or_punctuation,Johannes,Monika,Klaus,Lisa,neutral,,,decried,AgEvo,7.0,0.0,-0.55,-11,neutral,beschimpfte,beschimpfte,0.62,11.0,,"Der Onkel beschimpfte die Tochter, weil er von Anfang an dement war und die Orientierung verlor.",dement,0.09,6.0,75.0,75.0,optimal,nonamb,False,,True,dement war -> gereizt war,True,mittlerweile -> mit der Zeit,True,die Orientierung verlor -> die Selbstkontrolle verlor
87,original,5,78,beschimpfte,NP2-Causality,Johannes,beschimpfte,"Lisa,",weil,sie,mit der Zeit,frech war,und,die Leute,verspottete,"Johannes beschimpfte Lisa, weil sie mit der Zeit frech war und die Leute verspottete.",ok_prefix_keep_particle_or_punctuation,Johannes,Monika,Klaus,Lisa,neutral,,,decried,AgEvo,7.0,0.0,-0.55,-11,neutral,beschimpfte,beschimpfte,0.62,11.0,,"Der Onkel beschimpfte die Tochter, weil sie von Anfang an spät war und die Unruhe erzeugte.",zu spät,18.87,6.0,75.0,75.0,optimal,nonamb,False,,False,,True,mittlerweile -> mit der Zeit,True,Unbarmherzigkeit signalisierte -> die Leute verspottete
87,both_male,6,78,beschimpfte,NP2-Causality,Johannes,beschimpfte,"Klaus,",weil,er,mit der Zeit,frech war,und,die Leute,verspottete,"Johannes beschimpfte Klaus, weil er mit der Zeit frech war und die Leute verspottete.",ok_prefix_keep_particle_or_punctuation,Johannes,Monika,Klaus,Lisa,neutral,,,decried,AgEvo,7.0,0.0,-0.55,-11,neutral,beschimpfte,beschimpfte,0.62,11.0,,"Der Onkel beschimpfte die Tochter, weil sie von Anfang an spät war und die Unruhe erzeugte.",zu spät,18.87,6.0,75.0,75.0,optimal,nonamb,False,,False,,True,mittlerweile -> mit der Zeit,True,Unbarmherzigkeit signalisierte -> die Leute verspottete
87,both_female,7,78,beschimpfte,NP2-Causality,Monika,beschimpfte,"Lisa,",weil,sie,mit der Zeit,frech war,und,die Leute,verspottete,"Monika beschimpfte Lisa, weil sie mit der Zeit frech war und die Leute verspottete.",ok_prefix_keep_particle_or_punctuation,Johannes,Monika,Klaus,Lisa,neutral,,,decried,AgEvo,7.0,0.0,-0.55,-11,neutral,beschimpfte,beschimpfte,0.62,11.0,,"Der Onkel beschimpfte die Tochter, weil sie von Anfang an spät war und die Unruhe erzeugte.",zu spät,18.87,6.0,75.0,75.0,optimal,nonamb,False,,False,,True,mittlerweile -> mit der Zeit,True,Unbarmherzigkeit signalisierte -> die Leute verspottete
87,swapped,8,78,beschimpfte,NP2-Causality,Monika,beschimpfte,"Klaus,",weil,er,mit der Zeit,frech war,und,die Leute,verspottete,"Monika beschimpfte Klaus, weil er mit der Zeit frech war und die Leute verspottete.",ok_prefix_keep_particle_or_punctuation,Johannes,Monika,Klaus,Lisa,neutral,,,decried,AgEvo,7.0,0.0,-0.55,-11,neutral,beschimpfte,beschimpfte,0.62,11.0,,"Der Onkel beschimpfte die Tochter, weil sie von Anfang an spät war und die Unruhe erzeugte.",zu spät,18.87,6.0,75.0,75.0,optimal,nonamb,False,,False,,True,mittlerweile -> mit der Zeit,True,Unbarmherzigkeit signalisierte -> die Leute verspottete
168,original,1,79,entmutigte,NP1-Causality,Michael,entmutigte,"Maria,",weil,er,vor dem Gottesdienst,verärgert war,und,eine Beschwerde,äußerte,"Michael entmutigte Maria, weil er vor dem Gottesdienst verärgert war und eine Beschwerde äußerte.",ok_prefix_keep_particle_or_punctuation,Michael,Petra,Florian,Maria,NP1,,,daunted,StimExp,7.0,14.0,-1.18,72,NP1,schüchterte … ein,einschüchterte,0.02,14.0,,"Der Priester schüchterte die Ministrantin ein, weil er am frühen Morgen unheimlich war und die Stille hinterließ.",unheimlich,10.8,10.0,18.75,18.75,suboptimal,nonamb,True,schüchterte -> entmutigte (Eng: daunted),True,ungehalten war -> verärgert war,False,,True,die Stille fürchtete -> eine Beschwerde äußerte
168,both_male,2,79,entmutigte,NP1-Causality,Michael,entmutigte,"Florian,",weil,er,vor dem Gottesdienst,verärgert war,und,eine Beschwerde,äußerte,"Michael entmutigte Florian, weil er vor dem Gottesdienst verärgert war und eine Beschwerde äußerte.",ok_prefix_keep_particle_or_punctuation,Michael,Petra,Florian,Maria,NP1,,,daunted,StimExp,7.0,14.0,-1.18,72,NP1,schüchterte … ein,einschüchterte,0.02,14.0,,"Der Priester schüchterte die Ministrantin ein, weil er am frühen Morgen unheimlich war und die Stille hinterließ.",unheimlich,10.8,10.0,18.75,18.75,suboptimal,nonamb,True,schüchterte -> entmutigte (Eng: daunted),True,ungehalten war -> verärgert war,False,,True,die Stille fürchtete -> eine Beschwerde äußerte
168,both_female,3,79,entmutigte,NP1-Causality,Petra,entmutigte,"Maria,",weil,sie,vor dem Gottesdienst,verärgert war,und,eine Beschwerde,äußerte,"Petra entmutigte Maria, weil sie vor dem Gottesdienst verärgert war und eine Beschwerde äußerte.",ok_prefix_keep_particle_or_punctuation,Michael,Petra,Florian,Maria,NP1,,,daunted,StimExp,7.0,14.0,-1.18,72,NP1,schüchterte … ein,einschüchterte,0.02,14.0,,"Der Priester schüchterte die Ministrantin ein, weil er am frühen Morgen unheimlich war und die Stille hinterließ.",unheimlich,10.8,10.0,18.75,18.75,suboptimal,nonamb,True,schüchterte -> entmutigte (Eng: daunted),True,ungehalten war -> verärgert war,False,,True,die Stille fürchtete -> eine Beschwerde äußerte
168,swapped,4,79,entmutigte,NP1-Causality,Petra,entmutigte,"Florian,",weil,sie,vor dem Gottesdienst,verärgert war,und,eine Beschwerde,äußerte,"Petra entmutigte Florian, weil sie vor dem Gottesdienst verärgert war und eine Beschwerde äußerte.",ok_prefix_keep_particle_or_punctuation,Michael,Petra,Florian,Maria,NP1,,,daunted,StimExp,7.0,14.0,-1.18,72,NP1,schüchterte … ein,einschüchterte,0.02,14.0,,"Der Priester schüchterte die Ministrantin ein, weil er am frühen Morgen unheimlich war und die Stille hinterließ.",unheimlich,10.8,10.0,18.75,18.75,suboptimal,nonamb,True,schüchterte -> entmutigte (Eng: daunted),True,ungehalten war -> verärgert war,False,,True,die Stille fürchtete -> eine Beschwerde äußerte
169,original,5,79,entmutigte,NP2-Causality,Michael,entmutigte,"Maria,",weil,sie,vor dem Gottesdienst,unsicher war,und,den Ablauf,vergaß,"Michael entmutigte Maria, weil sie vor dem Gottesdienst unsicher war und den Ablauf vergaß.",ok_prefix_keep_particle_or_punctuation,Michael,Petra,Florian,Maria,NP1,,,daunted,StimExp,7.0,14.0,-1.18,72,NP1,schüchterte … ein,einschüchterte,0.02,14.0,,"Der Priester schüchterte die Ministrantin ein, weil sie am frühen Morgen ängstlich war und die Scheu spürte.",ängstlich,7.09,9.0,18.75,18.75,suboptimal,nonamb,True,schüchterte -> entmutigte (Eng: daunted),True,fehlerhaft agierte -> unsicher war,False,,True,Kerzen löschte -> den Ablauf vergaß
169,both_male,6,79,entmutigte,NP2-Causality,Michael,entmutigte,"Florian,",weil,er,vor dem Gottesdienst,unsicher war,und,den Ablauf,vergaß,"Michael entmutigte Florian, weil er vor dem Gottesdienst unsicher war und den Ablauf vergaß.",ok_prefix_keep_particle_or_punctuation,Michael,Petra,Florian,Maria,NP1,,,daunted,StimExp,7.0,14.0,-1.18,72,NP1,schüchterte … ein,einschüchterte,0.02,14.0,,"Der Priester schüchterte die Ministrantin ein, weil sie am frühen Morgen ängstlich war und die Scheu spürte.",ängstlich,7.09,9.0,18.75,18.75,suboptimal,nonamb,True,schüchterte -> entmutigte (Eng: daunted),True,fehlerhaft agierte -> unsicher war,False,,True,Kerzen löschte -> den Ablauf vergaß
169,both_female,7,79,entmutigte,NP2-Causality,Petra,entmutigte,"Maria,",weil,sie,vor dem Gottesdienst,unsicher war,und,den Ablauf,vergaß,"Petra entmutigte Maria, weil sie vor dem Gottesdienst unsicher war und den Ablauf vergaß.",ok_prefix_keep_particle_or_punctuation,Michael,Petra,Florian,Maria,NP1,,,daunted,StimExp,7.0,14.0,-1.18,72,NP1,schüchterte … ein,einschüchterte,0.02,14.0,,"Der Priester schüchterte die Ministrantin ein, weil sie am frühen Morgen ängstlich war und die Scheu spürte.",ängstlich,7.09,9.0,18.75,18.75,suboptimal,nonamb,True,schüchterte -> entmutigte (Eng: daunted),True,fehlerhaft agierte -> unsicher war,False,,True,Kerzen löschte -> den Ablauf vergaß
169,swapped,8,79,entmutigte,NP2-Causality,Petra,entmutigte,"Florian,",weil,er,vor dem Gottesdienst,unsicher war,und,den Ablauf,vergaß,"Petra entmutigte Florian, weil er vor dem Gottesdienst unsicher war und den Ablauf vergaß.",ok_prefix_keep_particle_or_punctuation,Michael,Petra,Florian,Maria,NP1,,,daunted,StimExp,7.0,14.0,-1.18,72,NP1,schüchterte … ein,einschüchterte,0.02,14.0,,"Der Priester schüchterte die Ministrantin ein, weil sie am frühen Morgen ängstlich war und die Scheu spürte.",ängstlich,7.09,9.0,18.75,18.75,suboptimal,nonamb,True,schüchterte -> entmutigte (Eng: daunted),True,fehlerhaft agierte -> unsicher war,False,,True,Kerzen löschte -> den Ablauf vergaß
60,original,1,80,scheute,NP1-Causality,Matthias,scheute,"Katharina,",weil,er,in letzter Zeit,schüchtern war,und,keine Worte,fand,"Matthias scheute Katharina, weil er in letzter Zeit schüchtern war und keine Worte fand.",ok_prefix_keep_particle_or_punctuation,Matthias,Eva,Frank,Katharina,NP2,,,dreaded,ExpStim,7.0,99.0,-2.73,-73,NP2,ängstigste sich vor,ängstigte,0.1,9.0,,"Der Enkel ängstigte sich vor der Großmutter, weil er schon seit Langem ängstlich war und die Distanz hielt.",ängstlich,7.09,9.0,43.75,43.75,suboptimal,nonamb,True,ängstigte sich vor -> scheute (Eng: dreaded),True,eingeschüchtert wurde -> schüchtern war,False,,True,Tadel erhielt -> keine Worte fand
60,both_male,2,80,scheute,NP1-Causality,Matthias,scheute,"Frank,",weil,er,in letzter Zeit,schüchtern war,und,keine Worte,fand,"Matthias scheute Frank, weil er in letzter Zeit schüchtern war und keine Worte fand.",ok_prefix_keep_particle_or_punctuation,Matthias,Eva,Frank,Katharina,NP2,,,dreaded,ExpStim,7.0,99.0,-2.73,-73,NP2,ängstigste sich vor,ängstigte,0.1,9.0,,"Der Enkel ängstigte sich vor der Großmutter, weil er schon seit Langem ängstlich war und die Distanz hielt.",ängstlich,7.09,9.0,43.75,43.75,suboptimal,nonamb,True,ängstigte sich vor -> scheute (Eng: dreaded),True,eingeschüchtert wurde -> schüchtern war,False,,True,Tadel erhielt -> keine Worte fand
60,both_female,3,80,scheute,NP1-Causality,Eva,scheute,"Katharina,",weil,sie,in letzter Zeit,schüchtern war,und,keine Worte,fand,"Eva scheute Katharina, weil sie in letzter Zeit schüchtern war und keine Worte fand.",ok_prefix_keep_particle_or_punctuation,Matthias,Eva,Frank,Katharina,NP2,,,dreaded,ExpStim,7.0,99.0,-2.73,-73,NP2,ängstigste sich vor,ängstigte,0.1,9.0,,"Der Enkel ängstigte sich vor der Großmutter, weil er schon seit Langem ängstlich war und die Distanz hielt.",ängstlich,7.09,9.0,43.75,43.75,suboptimal,nonamb,True,ängstigte sich vor -> scheute (Eng: dreaded),True,eingeschüchtert wurde -> schüchtern war,False,,True,Tadel erhielt -> keine Worte fand
60,swapped,4,80,scheute,NP1-Causality,Eva,scheute,"Frank,",weil,sie,in letzter Zeit,schüchtern war,und,keine Worte,fand,"Eva scheute Frank, weil sie in letzter Zeit schüchtern war und keine Worte fand.",ok_prefix_keep_particle_or_punctuation,Matthias,Eva,Frank,Katharina,NP2,,,dreaded,ExpStim,7.0,99.0,-2.73,-73,NP2,ängstigste sich vor,ängstigte,0.1,9.0,,"Der Enkel ängstigte sich vor der Großmutter, weil er schon seit Langem ängstlich war und die Distanz hielt.",ängstlich,7.09,9.0,43.75,43.75,suboptimal,nonamb,True,ängstigte sich vor -> scheute (Eng: dreaded),True,eingeschüchtert wurde -> schüchtern war,False,,True,Tadel erhielt -> keine Worte fand
61,original,5,80,scheute,NP2-Causality,Matthias,scheute,"Katharina,",weil,sie,in letzter Zeit,streng war,und,die Fehler,bestrafte,"Matthias scheute Katharina, weil sie in letzter Zeit streng war und die Fehler bestrafte.",ok_prefix_keep_particle_or_punctuation,Matthias,Eva,Frank,Katharina,NP2,,,dreaded,ExpStim,7.0,99.0,-2.73,-73,NP2,ängstigste sich vor,ängstigte,0.1,9.0,,"Der Enkel ängstigte sich vor der Großmutter, weil sie schon seit Langem unberechenbar war und die Stimmung wechselte. ",unberechenbar,2.85,13.0,43.75,43.75,suboptimal,nonamb,True,ängstigte sich vor -> scheute (Eng: dreaded),False,,False,,True,Tadel austeilte -> die Fehler bestrafte
61,both_male,6,80,scheute,NP2-Causality,Matthias,scheute,"Frank,",weil,er,in letzter Zeit,streng war,und,die Fehler,bestrafte,"Matthias scheute Frank, weil er in letzter Zeit streng war und die Fehler bestrafte.",ok_prefix_keep_particle_or_punctuation,Matthias,Eva,Frank,Katharina,NP2,,,dreaded,ExpStim,7.0,99.0,-2.73,-73,NP2,ängstigste sich vor,ängstigte,0.1,9.0,,"Der Enkel ängstigte sich vor der Großmutter, weil sie schon seit Langem unberechenbar war und die Stimmung wechselte. ",unberechenbar,2.85,13.0,43.75,43.75,suboptimal,nonamb,True,ängstigte sich vor -> scheute (Eng: dreaded),False,,False,,True,Tadel austeilte -> die Fehler bestrafte
61,both_female,7,80,scheute,NP2-Causality,Eva,scheute,"Katharina,",weil,sie,in letzter Zeit,streng war,und,die Fehler,bestrafte,"Eva scheute Katharina, weil sie in letzter Zeit streng war und die Fehler bestrafte.",ok_prefix_keep_particle_or_punctuation,Matthias,Eva,Frank,Katharina,NP2,,,dreaded,ExpStim,7.0,99.0,-2.73,-73,NP2,ängstigste sich vor,ängstigte,0.1,9.0,,"Der Enkel ängstigte sich vor der Großmutter, weil sie schon seit Langem unberechenbar war und die Stimmung wechselte. ",unberechenbar,2.85,13.0,43.75,43.75,suboptimal,nonamb,True,ängstigte sich vor -> scheute (Eng: dreaded),False,,False,,True,Tadel austeilte -> die Fehler bestrafte
61,swapped,8,80,scheute,NP2-Causality,Eva,scheute,"Frank,",weil,er,in letzter Zeit,streng war,und,die Fehler,bestrafte,"Eva scheute Frank, weil er in letzter Zeit streng war und die Fehler bestrafte.",ok_prefix_keep_particle_or_punctuation,Matthias,Eva,Frank,Katharina,NP2,,,dreaded,ExpStim,7.0,99.0,-2.73,-73,NP2,ängstigste sich vor,ängstigte,0.1,9.0,,"Der Enkel ängstigte sich vor der Großmutter, weil sie schon seit Langem unberechenbar war und die Stimmung wechselte. ",unberechenbar,2.85,13.0,43.75,43.75,suboptimal,nonamb,True,ängstigte sich vor -> scheute (Eng: dreaded),False,,False,,True,Tadel austeilte -> die Fehler bestrafte
148,original,1,81,überwältigte,NP1-Causality,Sebastian,überwältigte,"Jana,",weil,er,in dem Wettkampf,schneller war,und,die Führung,übernahm,"Sebastian überwältigte Jana, weil er in dem Wettkampf schneller war und die Führung übernahm.",ok_prefix_keep_particle_or_punctuation,Sebastian,Sarah,Martin,Jana,neutral,,,floored,AgP,7.0,3.0,0.0,13,neutral,warf … nieder,niederwarf,0.04,10.0,,"Der Judokämpfer warf die Gegnerin nieder, weil er seit einiger Zeit ausgebildet war und die Technik beherrschte.",ausgebildet,23.44,11.0,81.25,81.25,optimal,nonamb,True,warf -> überwältigte (Eng: floored),False,,False,,True,die Technik beherrschte -> die Führung übernahm
148,both_male,2,81,überwältigte,NP1-Causality,Sebastian,überwältigte,"Martin,",weil,er,in dem Wettkampf,schneller war,und,die Führung,übernahm,"Sebastian überwältigte Martin, weil er in dem Wettkampf schneller war und die Führung übernahm.",ok_prefix_keep_particle_or_punctuation,Sebastian,Sarah,Martin,Jana,neutral,,,floored,AgP,7.0,3.0,0.0,13,neutral,warf … nieder,niederwarf,0.04,10.0,,"Der Judokämpfer warf die Gegnerin nieder, weil er seit einiger Zeit ausgebildet war und die Technik beherrschte.",ausgebildet,23.44,11.0,81.25,81.25,optimal,nonamb,True,warf -> überwältigte (Eng: floored),False,,False,,True,die Technik beherrschte -> die Führung übernahm
148,both_female,3,81,überwältigte,NP1-Causality,Sarah,überwältigte,"Jana,",weil,sie,in dem Wettkampf,schneller war,und,die Führung,übernahm,"Sarah überwältigte Jana, weil sie in dem Wettkampf schneller war und die Führung übernahm.",ok_prefix_keep_particle_or_punctuation,Sebastian,Sarah,Martin,Jana,neutral,,,floored,AgP,7.0,3.0,0.0,13,neutral,warf … nieder,niederwarf,0.04,10.0,,"Der Judokämpfer warf die Gegnerin nieder, weil er seit einiger Zeit ausgebildet war und die Technik beherrschte.",ausgebildet,23.44,11.0,81.25,81.25,optimal,nonamb,True,warf -> überwältigte (Eng: floored),False,,False,,True,die Technik beherrschte -> die Führung übernahm
148,swapped,4,81,überwältigte,NP1-Causality,Sarah,überwältigte,"Martin,",weil,sie,in dem Wettkampf,schneller war,und,die Führung,übernahm,"Sarah überwältigte Martin, weil sie in dem Wettkampf schneller war und die Führung übernahm.",ok_prefix_keep_particle_or_punctuation,Sebastian,Sarah,Martin,Jana,neutral,,,floored,AgP,7.0,3.0,0.0,13,neutral,warf … nieder,niederwarf,0.04,10.0,,"Der Judokämpfer warf die Gegnerin nieder, weil er seit einiger Zeit ausgebildet war und die Technik beherrschte.",ausgebildet,23.44,11.0,81.25,81.25,optimal,nonamb,True,warf -> überwältigte (Eng: floored),False,,False,,True,die Technik beherrschte -> die Führung übernahm
149,original,5,81,überwältigte,NP2-Causality,Sebastian,überwältigte,"Jana,",weil,sie,in dem Wettkampf,unterlegen war,und,jede Runde,verlor,"Sebastian überwältigte Jana, weil sie in dem Wettkampf unterlegen war und jede Runde verlor.",ok_prefix_keep_particle_or_punctuation,Sebastian,Sarah,Martin,Jana,neutral,,,floored,AgP,7.0,3.0,0.0,13,neutral,warf … nieder,niederwarf,0.04,10.0,,"Der Judokämpfer warf die Gegnerin nieder, weil sie seit einiger Zeit ungeschickt war und den Halt verlor.",ungeschickt,2.05,11.0,81.25,81.25,optimal,nonamb,True,warf -> überwältigte (Eng: floored),False,,False,,True,die Balance verlor -> jede Runde verlor
149,both_male,6,81,überwältigte,NP2-Causality,Sebastian,überwältigte,"Martin,",weil,er,in dem Wettkampf,unterlegen war,und,jede Runde,verlor,"Sebastian überwältigte Martin, weil er in dem Wettkampf unterlegen war und jede Runde verlor.",ok_prefix_keep_particle_or_punctuation,Sebastian,Sarah,Martin,Jana,neutral,,,floored,AgP,7.0,3.0,0.0,13,neutral,warf … nieder,niederwarf,0.04,10.0,,"Der Judokämpfer warf die Gegnerin nieder, weil sie seit einiger Zeit ungeschickt war und den Halt verlor.",ungeschickt,2.05,11.0,81.25,81.25,optimal,nonamb,True,warf -> überwältigte (Eng: floored),False,,False,,True,die Balance verlor -> jede Runde verlor
149,both_female,7,81,überwältigte,NP2-Causality,Sarah,überwältigte,"Jana,",weil,sie,in dem Wettkampf,unterlegen war,und,jede Runde,verlor,"Sarah überwältigte Jana, weil sie in dem Wettkampf unterlegen war und jede Runde verlor.",ok_prefix_keep_particle_or_punctuation,Sebastian,Sarah,Martin,Jana,neutral,,,floored,AgP,7.0,3.0,0.0,13,neutral,warf … nieder,niederwarf,0.04,10.0,,"Der Judokämpfer warf die Gegnerin nieder, weil sie seit einiger Zeit ungeschickt war und den Halt verlor.",ungeschickt,2.05,11.0,81.25,81.25,optimal,nonamb,True,warf -> überwältigte (Eng: floored),False,,False,,True,die Balance verlor -> jede Runde verlor
149,swapped,8,81,überwältigte,NP2-Causality,Sarah,überwältigte,"Martin,",weil,er,in dem Wettkampf,unterlegen war,und,jede Runde,verlor,"Sarah überwältigte Martin, weil er in dem Wettkampf unterlegen war und jede Runde verlor.",ok_prefix_keep_particle_or_punctuation,Sebastian,Sarah,Martin,Jana,neutral,,,floored,AgP,7.0,3.0,0.0,13,neutral,warf … nieder,niederwarf,0.04,10.0,,"Der Judokämpfer warf die Gegnerin nieder, weil sie seit einiger Zeit ungeschickt war und den Halt verlor.",ungeschickt,2.05,11.0,81.25,81.25,optimal,nonamb,True,warf -> überwältigte (Eng: floored),False,,False,,True,die Balance verlor -> jede Runde verlor
162,original,1,82,elektrisierte,NP1-Causality,Jürgen,elektrisierte,"Nina,",weil,er,in dem Gespräch,eifrig war,und,die Projekte,vorantrieb,"Jürgen elektrisierte Nina, weil er in dem Gespräch eifrig war und die Projekte vorantrieb.",ok_prefix_keep_particle_or_punctuation,Jürgen,Linda,Christian,Nina,NP1,,,excited,StimExp,7.0,1.0,1.73,72,NP1,erregte,anregte,0.37,7.0,,"Der Makler regte die Besitzerin an, weil er seit kurzer Zeit originell war und den Vorschlag machte.",originell,7.92,9.0,56.25,56.25,suboptimal,nonamb,True,erregte -> elektrisierte (Eng: excited),True,charmant war -> eifrig war,False,,True,die Vorteile herausstellte -> die Projekte vorantrieb
162,both_male,2,82,elektrisierte,NP1-Causality,Jürgen,elektrisierte,"Christian,",weil,er,in dem Gespräch,eifrig war,und,die Projekte,vorantrieb,"Jürgen elektrisierte Christian, weil er in dem Gespräch eifrig war und die Projekte vorantrieb.",ok_prefix_keep_particle_or_punctuation,Jürgen,Linda,Christian,Nina,NP1,,,excited,StimExp,7.0,1.0,1.73,72,NP1,erregte,anregte,0.37,7.0,,"Der Makler regte die Besitzerin an, weil er seit kurzer Zeit originell war und den Vorschlag machte.",originell,7.92,9.0,56.25,56.25,suboptimal,nonamb,True,erregte -> elektrisierte (Eng: excited),True,charmant war -> eifrig war,False,,True,die Vorteile herausstellte -> die Projekte vorantrieb
162,both_female,3,82,elektrisierte,NP1-Causality,Linda,elektrisierte,"Nina,",weil,sie,in dem Gespräch,eifrig war,und,die Projekte,vorantrieb,"Linda elektrisierte Nina, weil sie in dem Gespräch eifrig war und die Projekte vorantrieb.",ok_prefix_keep_particle_or_punctuation,Jürgen,Linda,Christian,Nina,NP1,,,excited,StimExp,7.0,1.0,1.73,72,NP1,erregte,anregte,0.37,7.0,,"Der Makler regte die Besitzerin an, weil er seit kurzer Zeit originell war und den Vorschlag machte.",originell,7.92,9.0,56.25,56.25,suboptimal,nonamb,True,erregte -> elektrisierte (Eng: excited),True,charmant war -> eifrig war,False,,True,die Vorteile herausstellte -> die Projekte vorantrieb
162,swapped,4,82,elektrisierte,NP1-Causality,Linda,elektrisierte,"Christian,",weil,sie,in dem Gespräch,eifrig war,und,die Projekte,vorantrieb,"Linda elektrisierte Christian, weil sie in dem Gespräch eifrig war und die Projekte vorantrieb.",ok_prefix_keep_particle_or_punctuation,Jürgen,Linda,Christian,Nina,NP1,,,excited,StimExp,7.0,1.0,1.73,72,NP1,erregte,anregte,0.37,7.0,,"Der Makler regte die Besitzerin an, weil er seit kurzer Zeit originell war und den Vorschlag machte.",originell,7.92,9.0,56.25,56.25,suboptimal,nonamb,True,erregte -> elektrisierte (Eng: excited),True,charmant war -> eifrig war,False,,True,die Vorteile herausstellte -> die Projekte vorantrieb
163,original,5,82,elektrisierte,NP2-Causality,Jürgen,elektrisierte,"Nina,",weil,sie,in dem Gespräch,desinteressiert war,und,die Aufmerksamkeit,verlor,"Jürgen elektrisierte Nina, weil sie in dem Gespräch desinteressiert war und die Aufmerksamkeit verlor.",ok_prefix_keep_particle_or_punctuation,Jürgen,Linda,Christian,Nina,NP1,,,excited,StimExp,7.0,1.0,1.73,72,NP1,erregte,anregte,0.37,7.0,,"Der Makler regte die Besitzerin an, weil sie seit kurzer Zeit ablehnend war und die Zurückweisung gab.",ablehnend,5.75,9.0,56.25,56.25,suboptimal,nonamb,True,erregte -> elektrisierte (Eng: excited),True,mesmerisiert wurde -> desinteressiert war,False,,True,Nachteile übersah -> die Aufmerksamkeit verlor
163,both_male,6,82,elektrisierte,NP2-Causality,Jürgen,elektrisierte,"Christian,",weil,er,in dem Gespräch,desinteressiert war,und,die Aufmerksamkeit,verlor,"Jürgen elektrisierte Christian, weil er in dem Gespräch desinteressiert war und die Aufmerksamkeit verlor.",ok_prefix_keep_particle_or_punctuation,Jürgen,Linda,Christian,Nina,NP1,,,excited,StimExp,7.0,1.0,1.73,72,NP1,erregte,anregte,0.37,7.0,,"Der Makler regte die Besitzerin an, weil sie seit kurzer Zeit ablehnend war und die Zurückweisung gab.",ablehnend,5.75,9.0,56.25,56.25,suboptimal,nonamb,True,erregte -> elektrisierte (Eng: excited),True,mesmerisiert wurde -> desinteressiert war,False,,True,Nachteile übersah -> die Aufmerksamkeit verlor
163,both_female,7,82,elektrisierte,NP2-Causality,Linda,elektrisierte,"Nina,",weil,sie,in dem Gespräch,desinteressiert war,und,die Aufmerksamkeit,verlor,"Linda elektrisierte Nina, weil sie in dem Gespräch desinteressiert war und die Aufmerksamkeit verlor.",ok_prefix_keep_particle_or_punctuation,Jürgen,Linda,Christian,Nina,NP1,,,excited,StimExp,7.0,1.0,1.73,72,NP1,erregte,anregte,0.37,7.0,,"Der Makler regte die Besitzerin an, weil sie seit kurzer Zeit ablehnend war und die Zurückweisung gab.",ablehnend,5.75,9.0,56.25,56.25,suboptimal,nonamb,True,erregte -> elektrisierte (Eng: excited),True,mesmerisiert wurde -> desinteressiert war,False,,True,Nachteile übersah -> die Aufmerksamkeit verlor
163,swapped,8,82,elektrisierte,NP2-Causality,Linda,elektrisierte,"Christian,",weil,er,in dem Gespräch,desinteressiert war,und,die Aufmerksamkeit,verlor,"Linda elektrisierte Christian, weil er in dem Gespräch desinteressiert war und die Aufmerksamkeit verlor.",ok_prefix_keep_particle_or_punctuation,Jürgen,Linda,Christian,Nina,NP1,,,excited,StimExp,7.0,1.0,1.73,72,NP1,erregte,anregte,0.37,7.0,,"Der Makler regte die Besitzerin an, weil sie seit kurzer Zeit ablehnend war und die Zurückweisung gab.",ablehnend,5.75,9.0,56.25,56.25,suboptimal,nonamb,True,erregte -> elektrisierte (Eng: excited),True,mesmerisiert wurde -> desinteressiert war,False,,True,Nachteile übersah -> die Aufmerksamkeit verlor
16,original,1,83,hasste,NP1-Causality,Wolfgang,hasste,"Daniela,",weil,er,das ganze Jahr,eifersüchtig war,und,die Freundschaft,beendete,"Wolfgang hasste Daniela, weil er das ganze Jahr eifersüchtig war und die Freundschaft beendete.",ok_prefix_keep_particle_or_punctuation,Wolfgang,Laura,Peter,Daniela,NP2,,,hated,ExpStim,5.0,263.0,-2.55,-91,NP2,hasste,hasste,0.91,6.0,,"Der Jugendliche hasste die Lehrerin, weil er seit langer Zeit verletzt war und die Kränkung spürte.",verletzt,50.64,8.0,100.0,100.0,optimal,nonamb,False,,True,aktiv war -> eifersüchtig war,False,,True,Demütigungen erlebte -> die Freundschaft beendete
16,both_male,2,83,hasste,NP1-Causality,Wolfgang,hasste,"Peter,",weil,er,das ganze Jahr,eifersüchtig war,und,die Freundschaft,beendete,"Wolfgang hasste Peter, weil er das ganze Jahr eifersüchtig war und die Freundschaft beendete.",ok_prefix_keep_particle_or_punctuation,Wolfgang,Laura,Peter,Daniela,NP2,,,hated,ExpStim,5.0,263.0,-2.55,-91,NP2,hasste,hasste,0.91,6.0,,"Der Jugendliche hasste die Lehrerin, weil er seit langer Zeit verletzt war und die Kränkung spürte.",verletzt,50.64,8.0,100.0,100.0,optimal,nonamb,False,,True,aktiv war -> eifersüchtig war,False,,True,Demütigungen erlebte -> die Freundschaft beendete
16,both_female,3,83,hasste,NP1-Causality,Laura,hasste,"Daniela,",weil,sie,das ganze Jahr,eifersüchtig war,und,die Freundschaft,beendete,"Laura hasste Daniela, weil sie das ganze Jahr eifersüchtig war und die Freundschaft beendete.",ok_prefix_keep_particle_or_punctuation,Wolfgang,Laura,Peter,Daniela,NP2,,,hated,ExpStim,5.0,263.0,-2.55,-91,NP2,hasste,hasste,0.91,6.0,,"Der Jugendliche hasste die Lehrerin, weil er seit langer Zeit verletzt war und die Kränkung spürte.",verletzt,50.64,8.0,100.0,100.0,optimal,nonamb,False,,True,aktiv war -> eifersüchtig war,False,,True,Demütigungen erlebte -> die Freundschaft beendete
16,swapped,4,83,hasste,NP1-Causality,Laura,hasste,"Peter,",weil,sie,das ganze Jahr,eifersüchtig war,und,die Freundschaft,beendete,"Laura hasste Peter, weil sie das ganze Jahr eifersüchtig war und die Freundschaft beendete.",ok_prefix_keep_particle_or_punctuation,Wolfgang,Laura,Peter,Daniela,NP2,,,hated,ExpStim,5.0,263.0,-2.55,-91,NP2,hasste,hasste,0.91,6.0,,"Der Jugendliche hasste die Lehrerin, weil er seit langer Zeit verletzt war und die Kränkung spürte.",verletzt,50.64,8.0,100.0,100.0,optimal,nonamb,False,,True,aktiv war -> eifersüchtig war,False,,True,Demütigungen erlebte -> die Freundschaft beendete
17,original,5,83,hasste,NP2-Causality,Wolfgang,hasste,"Daniela,",weil,sie,das ganze Jahr,gemein war,und,das Gerücht,verbreitete,"Wolfgang hasste Daniela, weil sie das ganze Jahr gemein war und das Gerücht verbreitete.",ok_prefix_keep_particle_or_punctuation,Wolfgang,Laura,Peter,Daniela,NP2,,,hated,ExpStim,5.0,263.0,-2.55,-91,NP2,hasste,hasste,0.91,6.0,,"Der Jugendliche hasste die Lehrerin, weil sie seit langer Zeit streng war und die Grenze setzte.",streng,39.98,6.0,100.0,100.0,optimal,nonamb,False,,True,streng war -> gemein war,False,,True,Geringschätzung zeigte -> das Gerücht verbreitete
17,both_male,6,83,hasste,NP2-Causality,Wolfgang,hasste,"Peter,",weil,er,das ganze Jahr,gemein war,und,das Gerücht,verbreitete,"Wolfgang hasste Peter, weil er das ganze Jahr gemein war und das Gerücht verbreitete.",ok_prefix_keep_particle_or_punctuation,Wolfgang,Laura,Peter,Daniela,NP2,,,hated,ExpStim,5.0,263.0,-2.55,-91,NP2,hasste,hasste,0.91,6.0,,"Der Jugendliche hasste die Lehrerin, weil sie seit langer Zeit streng war und die Grenze setzte.",streng,39.98,6.0,100.0,100.0,optimal,nonamb,False,,True,streng war -> gemein war,False,,True,Geringschätzung zeigte -> das Gerücht verbreitete
17,both_female,7,83,hasste,NP2-Causality,Laura,hasste,"Daniela,",weil,sie,das ganze Jahr,gemein war,und,das Gerücht,verbreitete,"Laura hasste Daniela, weil sie das ganze Jahr gemein war und das Gerücht verbreitete.",ok_prefix_keep_particle_or_punctuation,Wolfgang,Laura,Peter,Daniela,NP2,,,hated,ExpStim,5.0,263.0,-2.55,-91,NP2,hasste,hasste,0.91,6.0,,"Der Jugendliche hasste die Lehrerin, weil sie seit langer Zeit streng war und die Grenze setzte.",streng,39.98,6.0,100.0,100.0,optimal,nonamb,False,,True,streng war -> gemein war,False,,True,Geringschätzung zeigte -> das Gerücht verbreitete
17,swapped,8,83,hasste,NP2-Causality,Laura,hasste,"Peter,",weil,er,das ganze Jahr,gemein war,und,das Gerücht,verbreitete,"Laura hasste Peter, weil er das ganze Jahr gemein war und das Gerücht verbreitete.",ok_prefix_keep_particle_or_punctuation,Wolfgang,Laura,Peter,Daniela,NP2,,,hated,ExpStim,5.0,263.0,-2.55,-91,NP2,hasste,hasste,0.91,6.0,,"Der Jugendliche hasste die Lehrerin, weil sie seit langer Zeit streng war und die Grenze setzte.",streng,39.98,6.0,100.0,100.0,optimal,nonamb,False,,True,streng war -> gemein war,False,,True,Geringschätzung zeigte -> das Gerücht verbreitete
120,original,1,84,unterbrach,NP1-Causality,Hans,unterbrach,"Julia,",weil,er,während des Vortrags,ungeduldig war,und,den Fuß,tippte,"Hans unterbrach Julia, weil er während des Vortrags ungeduldig war und den Fuß tippte.",ok_prefix_keep_particle_or_punctuation,Hans,Renate,David,Julia,neutral,,,interrupted,AgP,11.0,38.0,-1.55,3,neutral,unterbrach,unterbrach,1.82,10.0,,"Der Zuhörer unterbrach die Referentin, weil er von Anfang an ungeduldig war und das Ende erwartete.",ungeduldig,3.67,10.0,75.0,75.0,optimal,nonamb,False,,False,,True,beim Vortrag -> während des Vortrags,True,ein Ende erhoffte -> den Fuß tippte
120,both_male,2,84,unterbrach,NP1-Causality,Hans,unterbrach,"David,",weil,er,während des Vortrags,ungeduldig war,und,den Fuß,tippte,"Hans unterbrach David, weil er während des Vortrags ungeduldig war und den Fuß tippte.",ok_prefix_keep_particle_or_punctuation,Hans,Renate,David,Julia,neutral,,,interrupted,AgP,11.0,38.0,-1.55,3,neutral,unterbrach,unterbrach,1.82,10.0,,"Der Zuhörer unterbrach die Referentin, weil er von Anfang an ungeduldig war und das Ende erwartete.",ungeduldig,3.67,10.0,75.0,75.0,optimal,nonamb,False,,False,,True,beim Vortrag -> während des Vortrags,True,ein Ende erhoffte -> den Fuß tippte
120,both_female,3,84,unterbrach,NP1-Causality,Renate,unterbrach,"Julia,",weil,sie,während des Vortrags,ungeduldig war,und,den Fuß,tippte,"Renate unterbrach Julia, weil sie während des Vortrags ungeduldig war und den Fuß tippte.",ok_prefix_keep_particle_or_punctuation,Hans,Renate,David,Julia,neutral,,,interrupted,AgP,11.0,38.0,-1.55,3,neutral,unterbrach,unterbrach,1.82,10.0,,"Der Zuhörer unterbrach die Referentin, weil er von Anfang an ungeduldig war und das Ende erwartete.",ungeduldig,3.67,10.0,75.0,75.0,optimal,nonamb,False,,False,,True,beim Vortrag -> während des Vortrags,True,ein Ende erhoffte -> den Fuß tippte
120,swapped,4,84,unterbrach,NP1-Causality,Renate,unterbrach,"David,",weil,sie,während des Vortrags,ungeduldig war,und,den Fuß,tippte,"Renate unterbrach David, weil sie während des Vortrags ungeduldig war und den Fuß tippte.",ok_prefix_keep_particle_or_punctuation,Hans,Renate,David,Julia,neutral,,,interrupted,AgP,11.0,38.0,-1.55,3,neutral,unterbrach,unterbrach,1.82,10.0,,"Der Zuhörer unterbrach die Referentin, weil er von Anfang an ungeduldig war und das Ende erwartete.",ungeduldig,3.67,10.0,75.0,75.0,optimal,nonamb,False,,False,,True,beim Vortrag -> während des Vortrags,True,ein Ende erhoffte -> den Fuß tippte
121,original,5,84,unterbrach,NP2-Causality,Hans,unterbrach,"Julia,",weil,sie,während des Vortrags,ungenau war,und,die Quellen,verwechselte,"Hans unterbrach Julia, weil sie während des Vortrags ungenau war und die Quellen verwechselte.",ok_prefix_keep_particle_or_punctuation,Hans,Renate,David,Julia,neutral,,,interrupted,AgP,11.0,38.0,-1.55,3,neutral,unterbrach,unterbrach,1.82,10.0,,"Der Zuhörer unterbrach die Referentin, weil sie von Anfang an langweilig war und die Geduld strapazierte.",langweilig,18.22,10.0,75.0,75.0,optimal,nonamb,False,,True,unausstehlich war -> ungenau war,True,beim Vortrag -> während des Vortrags,True,die Geduld strapazierte -> die Quellen verwechselte
121,both_male,6,84,unterbrach,NP2-Causality,Hans,unterbrach,"David,",weil,er,während des Vortrags,ungenau war,und,die Quellen,verwechselte,"Hans unterbrach David, weil er während des Vortrags ungenau war und die Quellen verwechselte.",ok_prefix_keep_particle_or_punctuation,Hans,Renate,David,Julia,neutral,,,interrupted,AgP,11.0,38.0,-1.55,3,neutral,unterbrach,unterbrach,1.82,10.0,,"Der Zuhörer unterbrach die Referentin, weil sie von Anfang an langweilig war und die Geduld strapazierte.",langweilig,18.22,10.0,75.0,75.0,optimal,nonamb,False,,True,unausstehlich war -> ungenau war,True,beim Vortrag -> während des Vortrags,True,die Geduld strapazierte -> die Quellen verwechselte
121,both_female,7,84,unterbrach,NP2-Causality,Renate,unterbrach,"Julia,",weil,sie,während des Vortrags,ungenau war,und,die Quellen,verwechselte,"Renate unterbrach Julia, weil sie während des Vortrags ungenau war und die Quellen verwechselte.",ok_prefix_keep_particle_or_punctuation,Hans,Renate,David,Julia,neutral,,,interrupted,AgP,11.0,38.0,-1.55,3,neutral,unterbrach,unterbrach,1.82,10.0,,"Der Zuhörer unterbrach die Referentin, weil sie von Anfang an langweilig war und die Geduld strapazierte.",langweilig,18.22,10.0,75.0,75.0,optimal,nonamb,False,,True,unausstehlich war -> ungenau war,True,beim Vortrag -> während des Vortrags,True,die Geduld strapazierte -> die Quellen verwechselte
121,swapped,8,84,unterbrach,NP2-Causality,Renate,unterbrach,"David,",weil,er,während des Vortrags,ungenau war,und,die Quellen,verwechselte,"Renate unterbrach David, weil er während des Vortrags ungenau war und die Quellen verwechselte.",ok_prefix_keep_particle_or_punctuation,Hans,Renate,David,Julia,neutral,,,interrupted,AgP,11.0,38.0,-1.55,3,neutral,unterbrach,unterbrach,1.82,10.0,,"Der Zuhörer unterbrach die Referentin, weil sie von Anfang an langweilig war und die Geduld strapazierte.",langweilig,18.22,10.0,75.0,75.0,optimal,nonamb,False,,True,unausstehlich war -> ungenau war,True,beim Vortrag -> während des Vortrags,True,die Geduld strapazierte -> die Quellen verwechselte
196,original,1,85,erboste,NP1-Causality,Daniel,erboste,"Martina,",weil,er,zu der Zeit,taktlos war,und,das Thema,ansprach,"Daniel erboste Martina, weil er zu der Zeit taktlos war und das Thema ansprach.",ok_prefix_keep_particle_or_punctuation,Daniel,Lena,Uwe,Martina,NP1,,,maddened,StimExp,8.0,2.0,-1.82,77,NP1,verwirrte,verwirrte,1.17,9.0,,"Der Lehrer verwirrte die Schülerin, weil er in dem Moment uneindeutig war und die Orientierung erschwerte.",uneindeutig,0.11,11.0,43.75,43.75,suboptimal,nonamb,True,verwirrte -> erboste (Eng: maddened),True,uneindeutig war -> taktlos war,False,,True,die Aufklärung erschwerte -> das Thema ansprach
196,both_male,2,85,erboste,NP1-Causality,Daniel,erboste,"Uwe,",weil,er,zu der Zeit,taktlos war,und,das Thema,ansprach,"Daniel erboste Uwe, weil er zu der Zeit taktlos war und das Thema ansprach.",ok_prefix_keep_particle_or_punctuation,Daniel,Lena,Uwe,Martina,NP1,,,maddened,StimExp,8.0,2.0,-1.82,77,NP1,verwirrte,verwirrte,1.17,9.0,,"Der Lehrer verwirrte die Schülerin, weil er in dem Moment uneindeutig war und die Orientierung erschwerte.",uneindeutig,0.11,11.0,43.75,43.75,suboptimal,nonamb,True,verwirrte -> erboste (Eng: maddened),True,uneindeutig war -> taktlos war,False,,True,die Aufklärung erschwerte -> das Thema ansprach
196,both_female,3,85,erboste,NP1-Causality,Lena,erboste,"Martina,",weil,sie,zu der Zeit,taktlos war,und,das Thema,ansprach,"Lena erboste Martina, weil sie zu der Zeit taktlos war und das Thema ansprach.",ok_prefix_keep_particle_or_punctuation,Daniel,Lena,Uwe,Martina,NP1,,,maddened,StimExp,8.0,2.0,-1.82,77,NP1,verwirrte,verwirrte,1.17,9.0,,"Der Lehrer verwirrte die Schülerin, weil er in dem Moment uneindeutig war und die Orientierung erschwerte.",uneindeutig,0.11,11.0,43.75,43.75,suboptimal,nonamb,True,verwirrte -> erboste (Eng: maddened),True,uneindeutig war -> taktlos war,False,,True,die Aufklärung erschwerte -> das Thema ansprach
196,swapped,4,85,erboste,NP1-Causality,Lena,erboste,"Uwe,",weil,sie,zu der Zeit,taktlos war,und,das Thema,ansprach,"Lena erboste Uwe, weil sie zu der Zeit taktlos war und das Thema ansprach.",ok_prefix_keep_particle_or_punctuation,Daniel,Lena,Uwe,Martina,NP1,,,maddened,StimExp,8.0,2.0,-1.82,77,NP1,verwirrte,verwirrte,1.17,9.0,,"Der Lehrer verwirrte die Schülerin, weil er in dem Moment uneindeutig war und die Orientierung erschwerte.",uneindeutig,0.11,11.0,43.75,43.75,suboptimal,nonamb,True,verwirrte -> erboste (Eng: maddened),True,uneindeutig war -> taktlos war,False,,True,die Aufklärung erschwerte -> das Thema ansprach
197,original,5,85,erboste,NP2-Causality,Daniel,erboste,"Martina,",weil,sie,zu der Zeit,aufgewühlt war,und,die Grenze,erreichte,"Daniel erboste Martina, weil sie zu der Zeit aufgewühlt war und die Grenze erreichte.",ok_prefix_keep_particle_or_punctuation,Daniel,Lena,Uwe,Martina,NP1,,,maddened,StimExp,8.0,2.0,-1.82,77,NP1,verwirrte,verwirrte,1.17,9.0,,"Der Lehrer verwirrte die Schülerin, weil sie in dem Moment lernschwach war und den Anschluss verlor.",lernschwach,0.26,11.0,43.75,43.75,suboptimal,nonamb,True,verwirrte -> erboste (Eng: maddened),True,lernschwach war -> aufgewühlt war,False,,True,das Hintergrundwissen fehlte -> die Grenze erreichte
197,both_male,6,85,erboste,NP2-Causality,Daniel,erboste,"Uwe,",weil,er,zu der Zeit,aufgewühlt war,und,die Grenze,erreichte,"Daniel erboste Uwe, weil er zu der Zeit aufgewühlt war und die Grenze erreichte.",ok_prefix_keep_particle_or_punctuation,Daniel,Lena,Uwe,Martina,NP1,,,maddened,StimExp,8.0,2.0,-1.82,77,NP1,verwirrte,verwirrte,1.17,9.0,,"Der Lehrer verwirrte die Schülerin, weil sie in dem Moment lernschwach war und den Anschluss verlor.",lernschwach,0.26,11.0,43.75,43.75,suboptimal,nonamb,True,verwirrte -> erboste (Eng: maddened),True,lernschwach war -> aufgewühlt war,False,,True,das Hintergrundwissen fehlte -> die Grenze erreichte
197,both_female,7,85,erboste,NP2-Causality,Lena,erboste,"Martina,",weil,sie,zu der Zeit,aufgewühlt war,und,die Grenze,erreichte,"Lena erboste Martina, weil sie zu der Zeit aufgewühlt war und die Grenze erreichte.",ok_prefix_keep_particle_or_punctuation,Daniel,Lena,Uwe,Martina,NP1,,,maddened,StimExp,8.0,2.0,-1.82,77,NP1,verwirrte,verwirrte,1.17,9.0,,"Der Lehrer verwirrte die Schülerin, weil sie in dem Moment lernschwach war und den Anschluss verlor.",lernschwach,0.26,11.0,43.75,43.75,suboptimal,nonamb,True,verwirrte -> erboste (Eng: maddened),True,lernschwach war -> aufgewühlt war,False,,True,das Hintergrundwissen fehlte -> die Grenze erreichte
197,swapped,8,85,erboste,NP2-Causality,Lena,erboste,"Uwe,",weil,er,zu der Zeit,aufgewühlt war,und,die Grenze,erreichte,"Lena erboste Uwe, weil er zu der Zeit aufgewühlt war und die Grenze erreichte.",ok_prefix_keep_particle_or_punctuation,Daniel,Lena,Uwe,Martina,NP1,,,maddened,StimExp,8.0,2.0,-1.82,77,NP1,verwirrte,verwirrte,1.17,9.0,,"Der Lehrer verwirrte die Schülerin, weil sie in dem Moment lernschwach war und den Anschluss verlor.",lernschwach,0.26,11.0,43.75,43.75,suboptimal,nonamb,True,verwirrte -> erboste (Eng: maddened),True,lernschwach war -> aufgewühlt war,False,,True,das Hintergrundwissen fehlte -> die Grenze erreichte
70,original,1,86,begleitete,NP1-Causality,Alexander,begleitete,"Anna,",weil,er,am frühen Morgen,ortskundig war,und,eine Abkürzung,kannte,"Alexander begleitete Anna, weil er am frühen Morgen ortskundig war und eine Abkürzung kannte.",ok_prefix_keep_particle_or_punctuation,Alexander,Nicole,Paul,Anna,NP2,,,picked up,AgP,6.0,0.0,0.45,-71,NP2,holte … ab,abholte,0.27,7.0,,"Der Taxifahrer holte die Passagierin ab, weil er am frühen Morgen profitorientiert war und den Gewinn maximierte. ",profitorientiert,0.44,16.0,43.75,43.75,suboptimal,nonamb,True,holte -> begleitete (Eng: picked up),True,tatkräftig war -> ortskundig war,False,,True,die Anfrage übernahm -> eine Abkürzung kannte
70,both_male,2,86,begleitete,NP1-Causality,Alexander,begleitete,"Paul,",weil,er,am frühen Morgen,ortskundig war,und,eine Abkürzung,kannte,"Alexander begleitete Paul, weil er am frühen Morgen ortskundig war und eine Abkürzung kannte.",ok_prefix_keep_particle_or_punctuation,Alexander,Nicole,Paul,Anna,NP2,,,picked up,AgP,6.0,0.0,0.45,-71,NP2,holte … ab,abholte,0.27,7.0,,"Der Taxifahrer holte die Passagierin ab, weil er am frühen Morgen profitorientiert war und den Gewinn maximierte. ",profitorientiert,0.44,16.0,43.75,43.75,suboptimal,nonamb,True,holte -> begleitete (Eng: picked up),True,tatkräftig war -> ortskundig war,False,,True,die Anfrage übernahm -> eine Abkürzung kannte
70,both_female,3,86,begleitete,NP1-Causality,Nicole,begleitete,"Anna,",weil,sie,am frühen Morgen,ortskundig war,und,eine Abkürzung,kannte,"Nicole begleitete Anna, weil sie am frühen Morgen ortskundig war und eine Abkürzung kannte.",ok_prefix_keep_particle_or_punctuation,Alexander,Nicole,Paul,Anna,NP2,,,picked up,AgP,6.0,0.0,0.45,-71,NP2,holte … ab,abholte,0.27,7.0,,"Der Taxifahrer holte die Passagierin ab, weil er am frühen Morgen profitorientiert war und den Gewinn maximierte. ",profitorientiert,0.44,16.0,43.75,43.75,suboptimal,nonamb,True,holte -> begleitete (Eng: picked up),True,tatkräftig war -> ortskundig war,False,,True,die Anfrage übernahm -> eine Abkürzung kannte
70,swapped,4,86,begleitete,NP1-Causality,Nicole,begleitete,"Paul,",weil,sie,am frühen Morgen,ortskundig war,und,eine Abkürzung,kannte,"Nicole begleitete Paul, weil sie am frühen Morgen ortskundig war und eine Abkürzung kannte.",ok_prefix_keep_particle_or_punctuation,Alexander,Nicole,Paul,Anna,NP2,,,picked up,AgP,6.0,0.0,0.45,-71,NP2,holte … ab,abholte,0.27,7.0,,"Der Taxifahrer holte die Passagierin ab, weil er am frühen Morgen profitorientiert war und den Gewinn maximierte. ",profitorientiert,0.44,16.0,43.75,43.75,suboptimal,nonamb,True,holte -> begleitete (Eng: picked up),True,tatkräftig war -> ortskundig war,False,,True,die Anfrage übernahm -> eine Abkürzung kannte
71,original,5,86,begleitete,NP2-Causality,Alexander,begleitete,"Anna,",weil,sie,am frühen Morgen,orientierungslos war,und,eine Straße,suchte,"Alexander begleitete Anna, weil sie am frühen Morgen orientierungslos war und eine Straße suchte.",ok_prefix_keep_particle_or_punctuation,Alexander,Nicole,Paul,Anna,NP2,,,picked up,AgP,6.0,0.0,0.45,-71,NP2,holte ... ab,abholte,0.27,7.0,,"Der Taxifahrer holte die Passagierin ab, weil sie am frühen Morgen führerscheinlos war und die Kosten bezahlte. ",führerscheinlos,0.01,15.0,43.75,43.75,suboptimal,nonamb,True,holte -> begleitete (Eng: picked up),True,führerscheinlos war -> orientierungslos war,False,,True,die Kosten bezahlte -> eine Straße suchte
71,both_male,6,86,begleitete,NP2-Causality,Alexander,begleitete,"Paul,",weil,er,am frühen Morgen,orientierungslos war,und,eine Straße,suchte,"Alexander begleitete Paul, weil er am frühen Morgen orientierungslos war und eine Straße suchte.",ok_prefix_keep_particle_or_punctuation,Alexander,Nicole,Paul,Anna,NP2,,,picked up,AgP,6.0,0.0,0.45,-71,NP2,holte ... ab,abholte,0.27,7.0,,"Der Taxifahrer holte die Passagierin ab, weil sie am frühen Morgen führerscheinlos war und die Kosten bezahlte. ",führerscheinlos,0.01,15.0,43.75,43.75,suboptimal,nonamb,True,holte -> begleitete (Eng: picked up),True,führerscheinlos war -> orientierungslos war,False,,True,die Kosten bezahlte -> eine Straße suchte
71,both_female,7,86,begleitete,NP2-Causality,Nicole,begleitete,"Anna,",weil,sie,am frühen Morgen,orientierungslos war,und,eine Straße,suchte,"Nicole begleitete Anna, weil sie am frühen Morgen orientierungslos war und eine Straße suchte.",ok_prefix_keep_particle_or_punctuation,Alexander,Nicole,Paul,Anna,NP2,,,picked up,AgP,6.0,0.0,0.45,-71,NP2,holte ... ab,abholte,0.27,7.0,,"Der Taxifahrer holte die Passagierin ab, weil sie am frühen Morgen führerscheinlos war und die Kosten bezahlte. ",führerscheinlos,0.01,15.0,43.75,43.75,suboptimal,nonamb,True,holte -> begleitete (Eng: picked up),True,führerscheinlos war -> orientierungslos war,False,,True,die Kosten bezahlte -> eine Straße suchte
71,swapped,8,86,begleitete,NP2-Causality,Nicole,begleitete,"Paul,",weil,er,am frühen Morgen,orientierungslos war,und,eine Straße,suchte,"Nicole begleitete Paul, weil er am frühen Morgen orientierungslos war und eine Straße suchte.",ok_prefix_keep_particle_or_punctuation,Alexander,Nicole,Paul,Anna,NP2,,,picked up,AgP,6.0,0.0,0.45,-71,NP2,holte ... ab,abholte,0.27,7.0,,"Der Taxifahrer holte die Passagierin ab, weil sie am frühen Morgen führerscheinlos war und die Kosten bezahlte. ",führerscheinlos,0.01,15.0,43.75,43.75,suboptimal,nonamb,True,holte -> begleitete (Eng: picked up),True,führerscheinlos war -> orientierungslos war,False,,True,die Kosten bezahlte -> eine Straße suchte
96,original,1,87,entlohnte,NP1-Causality,Andreas,entlohnte,"Linda,",weil,er,bis spät abends,großzügig war,und,das Trinkgeld,gab,"Andreas entlohnte Linda, weil er bis spät abends großzügig war und das Trinkgeld gab.",ok_prefix_keep_particle_or_punctuation,Andreas,Johanna,Florian,Linda,neutral,,,remunerated,AgP,11.0,0.0,0.18,-6,neutral,entlohnte,entlohnte,0.42,9.0,,"Der Landwirt entlohnte die Erntehelferin, weil er bis spät abends gerecht war und den Anteil berechnete.",gerecht,56.68,7.0,75.0,75.0,optimal,nonamb,False,,True,gerecht war -> großzügig war,False,,True,den Anteil berechnet hatte -> das Trinkgeld gab
96,both_male,2,87,entlohnte,NP1-Causality,Andreas,entlohnte,"Florian,",weil,er,bis spät abends,großzügig war,und,das Trinkgeld,gab,"Andreas entlohnte Florian, weil er bis spät abends großzügig war und das Trinkgeld gab.",ok_prefix_keep_particle_or_punctuation,Andreas,Johanna,Florian,Linda,neutral,,,remunerated,AgP,11.0,0.0,0.18,-6,neutral,entlohnte,entlohnte,0.42,9.0,,"Der Landwirt entlohnte die Erntehelferin, weil er bis spät abends gerecht war und den Anteil berechnete.",gerecht,56.68,7.0,75.0,75.0,optimal,nonamb,False,,True,gerecht war -> großzügig war,False,,True,den Anteil berechnet hatte -> das Trinkgeld gab
96,both_female,3,87,entlohnte,NP1-Causality,Johanna,entlohnte,"Linda,",weil,sie,bis spät abends,großzügig war,und,das Trinkgeld,gab,"Johanna entlohnte Linda, weil sie bis spät abends großzügig war und das Trinkgeld gab.",ok_prefix_keep_particle_or_punctuation,Andreas,Johanna,Florian,Linda,neutral,,,remunerated,AgP,11.0,0.0,0.18,-6,neutral,entlohnte,entlohnte,0.42,9.0,,"Der Landwirt entlohnte die Erntehelferin, weil er bis spät abends gerecht war und den Anteil berechnete.",gerecht,56.68,7.0,75.0,75.0,optimal,nonamb,False,,True,gerecht war -> großzügig war,False,,True,den Anteil berechnet hatte -> das Trinkgeld gab
96,swapped,4,87,entlohnte,NP1-Causality,Johanna,entlohnte,"Florian,",weil,sie,bis spät abends,großzügig war,und,das Trinkgeld,gab,"Johanna entlohnte Florian, weil sie bis spät abends großzügig war und das Trinkgeld gab.",ok_prefix_keep_particle_or_punctuation,Andreas,Johanna,Florian,Linda,neutral,,,remunerated,AgP,11.0,0.0,0.18,-6,neutral,entlohnte,entlohnte,0.42,9.0,,"Der Landwirt entlohnte die Erntehelferin, weil er bis spät abends gerecht war und den Anteil berechnete.",gerecht,56.68,7.0,75.0,75.0,optimal,nonamb,False,,True,gerecht war -> großzügig war,False,,True,den Anteil berechnet hatte -> das Trinkgeld gab
97,original,5,87,entlohnte,NP2-Causality,Andreas,entlohnte,"Linda,",weil,sie,bis spät abends,fleißig war,und,den Auftrag,abschloss,"Andreas entlohnte Linda, weil sie bis spät abends fleißig war und den Auftrag abschloss.",ok_prefix_keep_particle_or_punctuation,Andreas,Johanna,Florian,Linda,neutral,,,remunerated,AgP,11.0,0.0,0.18,-6,neutral,entlohnte,entlohnte,0.42,9.0,,"Der Landwirt entlohnte die Erntehelferin, weil sie bis spät abends arbeitsam war und die Ernte sicherte. ",arbeitsam,0.34,9.0,75.0,75.0,optimal,nonamb,False,,True,arbeitssam war -> fleißig war,False,,True,die Ernte eingefahren war -> den Auftrag abschloss
97,both_male,6,87,entlohnte,NP2-Causality,Andreas,entlohnte,"Florian,",weil,er,bis spät abends,fleißig war,und,den Auftrag,abschloss,"Andreas entlohnte Florian, weil er bis spät abends fleißig war und den Auftrag abschloss.",ok_prefix_keep_particle_or_punctuation,Andreas,Johanna,Florian,Linda,neutral,,,remunerated,AgP,11.0,0.0,0.18,-6,neutral,entlohnte,entlohnte,0.42,9.0,,"Der Landwirt entlohnte die Erntehelferin, weil sie bis spät abends arbeitsam war und die Ernte sicherte. ",arbeitsam,0.34,9.0,75.0,75.0,optimal,nonamb,False,,True,arbeitssam war -> fleißig war,False,,True,die Ernte eingefahren war -> den Auftrag abschloss
97,both_female,7,87,entlohnte,NP2-Causality,Johanna,entlohnte,"Linda,",weil,sie,bis spät abends,fleißig war,und,den Auftrag,abschloss,"Johanna entlohnte Linda, weil sie bis spät abends fleißig war und den Auftrag abschloss.",ok_prefix_keep_particle_or_punctuation,Andreas,Johanna,Florian,Linda,neutral,,,remunerated,AgP,11.0,0.0,0.18,-6,neutral,entlohnte,entlohnte,0.42,9.0,,"Der Landwirt entlohnte die Erntehelferin, weil sie bis spät abends arbeitsam war und die Ernte sicherte. ",arbeitsam,0.34,9.0,75.0,75.0,optimal,nonamb,False,,True,arbeitssam war -> fleißig war,False,,True,die Ernte eingefahren war -> den Auftrag abschloss
97,swapped,8,87,entlohnte,NP2-Causality,Johanna,entlohnte,"Florian,",weil,er,bis spät abends,fleißig war,und,den Auftrag,abschloss,"Johanna entlohnte Florian, weil er bis spät abends fleißig war und den Auftrag abschloss.",ok_prefix_keep_particle_or_punctuation,Andreas,Johanna,Florian,Linda,neutral,,,remunerated,AgP,11.0,0.0,0.18,-6,neutral,entlohnte,entlohnte,0.42,9.0,,"Der Landwirt entlohnte die Erntehelferin, weil sie bis spät abends arbeitsam war und die Ernte sicherte. ",arbeitsam,0.34,9.0,75.0,75.0,optimal,nonamb,False,,True,arbeitssam war -> fleißig war,False,,True,die Ernte eingefahren war -> den Auftrag abschloss
188,original,1,88,bedrückte,NP1-Causality,Alexander,bedrückte,"Petra,",weil,er,seit längerer Zeit,angeschlagen war,und,die Symptome,ignorierte,"Alexander bedrückte Petra, weil er seit längerer Zeit angeschlagen war und die Symptome ignorierte.",ok_prefix_keep_particle_or_punctuation,Alexander,Eva,Karl,Petra,NP1,,,worried,StimExp,7.0,4.0,-1.82,76,NP1,sorgte sich um ,sorgte,12.03,6.0,,"Der Sohn sorgte sich um die Mutter, weil er von Anfang an fachkundig war und die Pflege übernahm. ",fachkundig,4.0,10.0,43.75,43.75,suboptimal,nonamb,True,sorgte sich um -> bedrückte (Eng: worried),True,fachkundig war -> angeschlagen war,True,seit Längerem -> seit längerer Zeit,True,Krankheiten kannte -> die Symptome ignorierte
188,both_male,2,88,bedrückte,NP1-Causality,Alexander,bedrückte,"Karl,",weil,er,seit längerer Zeit,angeschlagen war,und,die Symptome,ignorierte,"Alexander bedrückte Karl, weil er seit längerer Zeit angeschlagen war und die Symptome ignorierte.",ok_prefix_keep_particle_or_punctuation,Alexander,Eva,Karl,Petra,NP1,,,worried,StimExp,7.0,4.0,-1.82,76,NP1,sorgte sich um ,sorgte,12.03,6.0,,"Der Sohn sorgte sich um die Mutter, weil er von Anfang an fachkundig war und die Pflege übernahm. ",fachkundig,4.0,10.0,43.75,43.75,suboptimal,nonamb,True,sorgte sich um -> bedrückte (Eng: worried),True,fachkundig war -> angeschlagen war,True,seit Längerem -> seit längerer Zeit,True,Krankheiten kannte -> die Symptome ignorierte
188,both_female,3,88,bedrückte,NP1-Causality,Eva,bedrückte,"Petra,",weil,sie,seit längerer Zeit,angeschlagen war,und,die Symptome,ignorierte,"Eva bedrückte Petra, weil sie seit längerer Zeit angeschlagen war und die Symptome ignorierte.",ok_prefix_keep_particle_or_punctuation,Alexander,Eva,Karl,Petra,NP1,,,worried,StimExp,7.0,4.0,-1.82,76,NP1,sorgte sich um ,sorgte,12.03,6.0,,"Der Sohn sorgte sich um die Mutter, weil er von Anfang an fachkundig war und die Pflege übernahm. ",fachkundig,4.0,10.0,43.75,43.75,suboptimal,nonamb,True,sorgte sich um -> bedrückte (Eng: worried),True,fachkundig war -> angeschlagen war,True,seit Längerem -> seit längerer Zeit,True,Krankheiten kannte -> die Symptome ignorierte
188,swapped,4,88,bedrückte,NP1-Causality,Eva,bedrückte,"Karl,",weil,sie,seit längerer Zeit,angeschlagen war,und,die Symptome,ignorierte,"Eva bedrückte Karl, weil sie seit längerer Zeit angeschlagen war und die Symptome ignorierte.",ok_prefix_keep_particle_or_punctuation,Alexander,Eva,Karl,Petra,NP1,,,worried,StimExp,7.0,4.0,-1.82,76,NP1,sorgte sich um ,sorgte,12.03,6.0,,"Der Sohn sorgte sich um die Mutter, weil er von Anfang an fachkundig war und die Pflege übernahm. ",fachkundig,4.0,10.0,43.75,43.75,suboptimal,nonamb,True,sorgte sich um -> bedrückte (Eng: worried),True,fachkundig war -> angeschlagen war,True,seit Längerem -> seit längerer Zeit,True,Krankheiten kannte -> die Symptome ignorierte
189,original,5,88,bedrückte,NP2-Causality,Alexander,bedrückte,"Petra,",weil,sie,seit längerer Zeit,verletzlich war,und,jede Sorge,übernahm,"Alexander bedrückte Petra, weil sie seit längerer Zeit verletzlich war und jede Sorge übernahm.",ok_prefix_keep_particle_or_punctuation,Alexander,Eva,Karl,Petra,NP1,,,worried,StimExp,7.0,4.0,-1.82,76,NP1,sorgte sich um ,sorgte,12.03,6.0,,"Der Sohn sorgte sich um die Mutter, weil sie von Anfang an angeschlagen war und die Gesundheit litt. ",angeschlagen,5.13,12.0,43.75,43.75,suboptimal,nonamb,True,sorgte sich um -> bedrückte (Eng: worried),True,angeschlagen war -> verletzlich war,True,seit Längerem -> seit längerer Zeit,True,die Gesundheit litt -> jede Sorge übernahm
189,both_male,6,88,bedrückte,NP2-Causality,Alexander,bedrückte,"Karl,",weil,er,seit längerer Zeit,verletzlich war,und,jede Sorge,übernahm,"Alexander bedrückte Karl, weil er seit längerer Zeit verletzlich war und jede Sorge übernahm.",ok_prefix_keep_particle_or_punctuation,Alexander,Eva,Karl,Petra,NP1,,,worried,StimExp,7.0,4.0,-1.82,76,NP1,sorgte sich um ,sorgte,12.03,6.0,,"Der Sohn sorgte sich um die Mutter, weil sie von Anfang an angeschlagen war und die Gesundheit litt. ",angeschlagen,5.13,12.0,43.75,43.75,suboptimal,nonamb,True,sorgte sich um -> bedrückte (Eng: worried),True,angeschlagen war -> verletzlich war,True,seit Längerem -> seit längerer Zeit,True,die Gesundheit litt -> jede Sorge übernahm
189,both_female,7,88,bedrückte,NP2-Causality,Eva,bedrückte,"Petra,",weil,sie,seit längerer Zeit,verletzlich war,und,jede Sorge,übernahm,"Eva bedrückte Petra, weil sie seit längerer Zeit verletzlich war und jede Sorge übernahm.",ok_prefix_keep_particle_or_punctuation,Alexander,Eva,Karl,Petra,NP1,,,worried,StimExp,7.0,4.0,-1.82,76,NP1,sorgte sich um ,sorgte,12.03,6.0,,"Der Sohn sorgte sich um die Mutter, weil sie von Anfang an angeschlagen war und die Gesundheit litt. ",angeschlagen,5.13,12.0,43.75,43.75,suboptimal,nonamb,True,sorgte sich um -> bedrückte (Eng: worried),True,angeschlagen war -> verletzlich war,True,seit Längerem -> seit längerer Zeit,True,die Gesundheit litt -> jede Sorge übernahm
189,swapped,8,88,bedrückte,NP2-Causality,Eva,bedrückte,"Karl,",weil,er,seit längerer Zeit,verletzlich war,und,jede Sorge,übernahm,"Eva bedrückte Karl, weil er seit längerer Zeit verletzlich war und jede Sorge übernahm.",ok_prefix_keep_particle_or_punctuation,Alexander,Eva,Karl,Petra,NP1,,,worried,StimExp,7.0,4.0,-1.82,76,NP1,sorgte sich um ,sorgte,12.03,6.0,,"Der Sohn sorgte sich um die Mutter, weil sie von Anfang an angeschlagen war und die Gesundheit litt. ",angeschlagen,5.13,12.0,43.75,43.75,suboptimal,nonamb,True,sorgte sich um -> bedrückte (Eng: worried),True,angeschlagen war -> verletzlich war,True,seit Längerem -> seit längerer Zeit,True,die Gesundheit litt -> jede Sorge übernahm
12,original,1,89,dankte,NP1-Causality,David,dankte,"Sabine,",weil,er,bis zum Ende,höflich war,und,die Meinung,respektierte,"David dankte Sabine, weil er bis zum Ende höflich war und die Meinung respektierte.",ok_prefix_keep_particle_or_punctuation,David,Renate,Uwe,Sabine,NP2,,,thanked,AgEvo,7.0,37.0,2.31,-92,NP2,dankte,bedankte,2.58,8.0,,"Der Angehörige bedankte sich bei der Nonne, weil er bis zum Ende höflich war und die Freundlichkeit zeigte.",höflich,5.82,7.0,100.0,100.0,optimal,nonamb,False,,False,,False,,True,Anstand bewahrte -> die Meinung respektierte
12,both_male,2,89,dankte,NP1-Causality,David,dankte,"Uwe,",weil,er,bis zum Ende,höflich war,und,die Meinung,respektierte,"David dankte Uwe, weil er bis zum Ende höflich war und die Meinung respektierte.",ok_prefix_keep_particle_or_punctuation,David,Renate,Uwe,Sabine,NP2,,,thanked,AgEvo,7.0,37.0,2.31,-92,NP2,dankte,bedankte,2.58,8.0,,"Der Angehörige bedankte sich bei der Nonne, weil er bis zum Ende höflich war und die Freundlichkeit zeigte.",höflich,5.82,7.0,100.0,100.0,optimal,nonamb,False,,False,,False,,True,Anstand bewahrte -> die Meinung respektierte
12,both_female,3,89,dankte,NP1-Causality,Renate,dankte,"Sabine,",weil,sie,bis zum Ende,höflich war,und,die Meinung,respektierte,"Renate dankte Sabine, weil sie bis zum Ende höflich war und die Meinung respektierte.",ok_prefix_keep_particle_or_punctuation,David,Renate,Uwe,Sabine,NP2,,,thanked,AgEvo,7.0,37.0,2.31,-92,NP2,dankte,bedankte,2.58,8.0,,"Der Angehörige bedankte sich bei der Nonne, weil er bis zum Ende höflich war und die Freundlichkeit zeigte.",höflich,5.82,7.0,100.0,100.0,optimal,nonamb,False,,False,,False,,True,Anstand bewahrte -> die Meinung respektierte
12,swapped,4,89,dankte,NP1-Causality,Renate,dankte,"Uwe,",weil,sie,bis zum Ende,höflich war,und,die Meinung,respektierte,"Renate dankte Uwe, weil sie bis zum Ende höflich war und die Meinung respektierte.",ok_prefix_keep_particle_or_punctuation,David,Renate,Uwe,Sabine,NP2,,,thanked,AgEvo,7.0,37.0,2.31,-92,NP2,dankte,bedankte,2.58,8.0,,"Der Angehörige bedankte sich bei der Nonne, weil er bis zum Ende höflich war und die Freundlichkeit zeigte.",höflich,5.82,7.0,100.0,100.0,optimal,nonamb,False,,False,,False,,True,Anstand bewahrte -> die Meinung respektierte
13,original,5,89,dankte,NP2-Causality,David,dankte,"Sabine,",weil,sie,bis zum Ende,hilfsbereit war,und,die Unterstützung,anbot,"David dankte Sabine, weil sie bis zum Ende hilfsbereit war und die Unterstützung anbot.",ok_prefix_keep_particle_or_punctuation,David,Renate,Uwe,Sabine,NP2,,,thanked,AgEvo,7.0,37.0,2.31,-92,NP2,dankte,bedankte,2.58,8.0,,"Der Angehörige bedankte sich bei der Nonne, weil sie bis zum Ende gütig war und das Mitgefühl bewahrte.",gütig,2.94,5.0,100.0,100.0,optimal,nonamb,False,,True,gütig war -> hilfsbereit war,False,,True,Mitgefühl zeigte -> die Unterstützung anbot
13,both_male,6,89,dankte,NP2-Causality,David,dankte,"Uwe,",weil,er,bis zum Ende,hilfsbereit war,und,die Unterstützung,anbot,"David dankte Uwe, weil er bis zum Ende hilfsbereit war und die Unterstützung anbot.",ok_prefix_keep_particle_or_punctuation,David,Renate,Uwe,Sabine,NP2,,,thanked,AgEvo,7.0,37.0,2.31,-92,NP2,dankte,bedankte,2.58,8.0,,"Der Angehörige bedankte sich bei der Nonne, weil sie bis zum Ende gütig war und das Mitgefühl bewahrte.",gütig,2.94,5.0,100.0,100.0,optimal,nonamb,False,,True,gütig war -> hilfsbereit war,False,,True,Mitgefühl zeigte -> die Unterstützung anbot
13,both_female,7,89,dankte,NP2-Causality,Renate,dankte,"Sabine,",weil,sie,bis zum Ende,hilfsbereit war,und,die Unterstützung,anbot,"Renate dankte Sabine, weil sie bis zum Ende hilfsbereit war und die Unterstützung anbot.",ok_prefix_keep_particle_or_punctuation,David,Renate,Uwe,Sabine,NP2,,,thanked,AgEvo,7.0,37.0,2.31,-92,NP2,dankte,bedankte,2.58,8.0,,"Der Angehörige bedankte sich bei der Nonne, weil sie bis zum Ende gütig war und das Mitgefühl bewahrte.",gütig,2.94,5.0,100.0,100.0,optimal,nonamb,False,,True,gütig war -> hilfsbereit war,False,,True,Mitgefühl zeigte -> die Unterstützung anbot
13,swapped,8,89,dankte,NP2-Causality,Renate,dankte,"Uwe,",weil,er,bis zum Ende,hilfsbereit war,und,die Unterstützung,anbot,"Renate dankte Uwe, weil er bis zum Ende hilfsbereit war und die Unterstützung anbot.",ok_prefix_keep_particle_or_punctuation,David,Renate,Uwe,Sabine,NP2,,,thanked,AgEvo,7.0,37.0,2.31,-92,NP2,dankte,bedankte,2.58,8.0,,"Der Angehörige bedankte sich bei der Nonne, weil sie bis zum Ende gütig war und das Mitgefühl bewahrte.",gütig,2.94,5.0,100.0,100.0,optimal,nonamb,False,,True,gütig war -> hilfsbereit war,False,,True,Mitgefühl zeigte -> die Unterstützung anbot
132,original,1,90,überraschte,NP1-Causality,Christian,überraschte,"Nina,",weil,er,in der Nacht,leise war,und,die Chance,nutzte,"Christian überraschte Nina, weil er in der Nacht leise war und die Chance nutzte.",ok_prefix_keep_particle_or_punctuation,Christian,Lisa,Peter,Nina,neutral,,,surprised,StimExp,9.0,29.0,0.73,10,neutral,überraschte,überraschte,2.36,11.0,,"Der Liebhaber überraschte die Liebste, weil er in der Nacht unangekündigt war und die Dunkelheit nutzte.",unangekündigt,0.14,13.0,81.25,81.25,optimal,nonamb,False,,True,unangekündigt war -> leise war,False,,True,die Dunkelheit nutzte -> die Chance nutzte
132,both_male,2,90,überraschte,NP1-Causality,Christian,überraschte,"Peter,",weil,er,in der Nacht,leise war,und,die Chance,nutzte,"Christian überraschte Peter, weil er in der Nacht leise war und die Chance nutzte.",ok_prefix_keep_particle_or_punctuation,Christian,Lisa,Peter,Nina,neutral,,,surprised,StimExp,9.0,29.0,0.73,10,neutral,überraschte,überraschte,2.36,11.0,,"Der Liebhaber überraschte die Liebste, weil er in der Nacht unangekündigt war und die Dunkelheit nutzte.",unangekündigt,0.14,13.0,81.25,81.25,optimal,nonamb,False,,True,unangekündigt war -> leise war,False,,True,die Dunkelheit nutzte -> die Chance nutzte
132,both_female,3,90,überraschte,NP1-Causality,Lisa,überraschte,"Nina,",weil,sie,in der Nacht,leise war,und,die Chance,nutzte,"Lisa überraschte Nina, weil sie in der Nacht leise war und die Chance nutzte.",ok_prefix_keep_particle_or_punctuation,Christian,Lisa,Peter,Nina,neutral,,,surprised,StimExp,9.0,29.0,0.73,10,neutral,überraschte,überraschte,2.36,11.0,,"Der Liebhaber überraschte die Liebste, weil er in der Nacht unangekündigt war und die Dunkelheit nutzte.",unangekündigt,0.14,13.0,81.25,81.25,optimal,nonamb,False,,True,unangekündigt war -> leise war,False,,True,die Dunkelheit nutzte -> die Chance nutzte
132,swapped,4,90,überraschte,NP1-Causality,Lisa,überraschte,"Peter,",weil,sie,in der Nacht,leise war,und,die Chance,nutzte,"Lisa überraschte Peter, weil sie in der Nacht leise war und die Chance nutzte.",ok_prefix_keep_particle_or_punctuation,Christian,Lisa,Peter,Nina,neutral,,,surprised,StimExp,9.0,29.0,0.73,10,neutral,überraschte,überraschte,2.36,11.0,,"Der Liebhaber überraschte die Liebste, weil er in der Nacht unangekündigt war und die Dunkelheit nutzte.",unangekündigt,0.14,13.0,81.25,81.25,optimal,nonamb,False,,True,unangekündigt war -> leise war,False,,True,die Dunkelheit nutzte -> die Chance nutzte
133,original,5,90,überraschte,NP2-Causality,Christian,überraschte,"Nina,",weil,sie,in der Nacht,verträumt war,und,den Himmel,beobachtete,"Christian überraschte Nina, weil sie in der Nacht verträumt war und den Himmel beobachtete.",ok_prefix_keep_particle_or_punctuation,Christian,Lisa,Peter,Nina,neutral,,,surprised,StimExp,9.0,29.0,0.73,10,neutral,überraschte,überraschte,2.36,11.0,,"Der Liebhaber überraschte die Liebste, weil sie in der Nacht unwissend war und den Augenblick übersah.",unwissend,2.05,9.0,81.25,81.25,optimal,nonamb,False,,True,unwissend war -> verträumt war,False,,True,die Bewegungen übersah -> den Himmel beobachtete
133,both_male,6,90,überraschte,NP2-Causality,Christian,überraschte,"Peter,",weil,er,in der Nacht,verträumt war,und,den Himmel,beobachtete,"Christian überraschte Peter, weil er in der Nacht verträumt war und den Himmel beobachtete.",ok_prefix_keep_particle_or_punctuation,Christian,Lisa,Peter,Nina,neutral,,,surprised,StimExp,9.0,29.0,0.73,10,neutral,überraschte,überraschte,2.36,11.0,,"Der Liebhaber überraschte die Liebste, weil sie in der Nacht unwissend war und den Augenblick übersah.",unwissend,2.05,9.0,81.25,81.25,optimal,nonamb,False,,True,unwissend war -> verträumt war,False,,True,die Bewegungen übersah -> den Himmel beobachtete
133,both_female,7,90,überraschte,NP2-Causality,Lisa,überraschte,"Nina,",weil,sie,in der Nacht,verträumt war,und,den Himmel,beobachtete,"Lisa überraschte Nina, weil sie in der Nacht verträumt war und den Himmel beobachtete.",ok_prefix_keep_particle_or_punctuation,Christian,Lisa,Peter,Nina,neutral,,,surprised,StimExp,9.0,29.0,0.73,10,neutral,überraschte,überraschte,2.36,11.0,,"Der Liebhaber überraschte die Liebste, weil sie in der Nacht unwissend war und den Augenblick übersah.",unwissend,2.05,9.0,81.25,81.25,optimal,nonamb,False,,True,unwissend war -> verträumt war,False,,True,die Bewegungen übersah -> den Himmel beobachtete
133,swapped,8,90,überraschte,NP2-Causality,Lisa,überraschte,"Peter,",weil,er,in der Nacht,verträumt war,und,den Himmel,beobachtete,"Lisa überraschte Peter, weil er in der Nacht verträumt war und den Himmel beobachtete.",ok_prefix_keep_particle_or_punctuation,Christian,Lisa,Peter,Nina,neutral,,,surprised,StimExp,9.0,29.0,0.73,10,neutral,überraschte,überraschte,2.36,11.0,,"Der Liebhaber überraschte die Liebste, weil sie in der Nacht unwissend war und den Augenblick übersah.",unwissend,2.05,9.0,81.25,81.25,optimal,nonamb,False,,True,unwissend war -> verträumt war,False,,True,die Bewegungen übersah -> den Himmel beobachtete
198,original,1,91,entsetzte,NP1-Causality,Frank,entsetzte,"Sarah,",weil,er,in der Dämmerung,herzlos war,und,die Anteilnahme,verweigerte,"Frank entsetzte Sarah, weil er in der Dämmerung herzlos war und die Anteilnahme verweigerte.",ok_prefix_keep_particle_or_punctuation,Frank,Birgit,Matthias,Sarah,NP1,,,appalled,StimExp,8.0,32.0,-2.45,78,NP1,entsetzte,entsetzte,0.44,8.0,,"Der Schamane entsetzte die Anwohnerin, weil er in der Dämmerung gefährlich war und das Zischen erzeugte.",gefährlich,62.41,10.0,75.0,75.0,optimal,nonamb,False,,True,verschwommen war -> herzlos war,False,,True,Schatten erzeugte -> die Anteilnahme verweigerte
198,both_male,2,91,entsetzte,NP1-Causality,Frank,entsetzte,"Matthias,",weil,er,in der Dämmerung,herzlos war,und,die Anteilnahme,verweigerte,"Frank entsetzte Matthias, weil er in der Dämmerung herzlos war und die Anteilnahme verweigerte.",ok_prefix_keep_particle_or_punctuation,Frank,Birgit,Matthias,Sarah,NP1,,,appalled,StimExp,8.0,32.0,-2.45,78,NP1,entsetzte,entsetzte,0.44,8.0,,"Der Schamane entsetzte die Anwohnerin, weil er in der Dämmerung gefährlich war und das Zischen erzeugte.",gefährlich,62.41,10.0,75.0,75.0,optimal,nonamb,False,,True,verschwommen war -> herzlos war,False,,True,Schatten erzeugte -> die Anteilnahme verweigerte
198,both_female,3,91,entsetzte,NP1-Causality,Birgit,entsetzte,"Sarah,",weil,sie,in der Dämmerung,herzlos war,und,die Anteilnahme,verweigerte,"Birgit entsetzte Sarah, weil sie in der Dämmerung herzlos war und die Anteilnahme verweigerte.",ok_prefix_keep_particle_or_punctuation,Frank,Birgit,Matthias,Sarah,NP1,,,appalled,StimExp,8.0,32.0,-2.45,78,NP1,entsetzte,entsetzte,0.44,8.0,,"Der Schamane entsetzte die Anwohnerin, weil er in der Dämmerung gefährlich war und das Zischen erzeugte.",gefährlich,62.41,10.0,75.0,75.0,optimal,nonamb,False,,True,verschwommen war -> herzlos war,False,,True,Schatten erzeugte -> die Anteilnahme verweigerte
198,swapped,4,91,entsetzte,NP1-Causality,Birgit,entsetzte,"Matthias,",weil,sie,in der Dämmerung,herzlos war,und,die Anteilnahme,verweigerte,"Birgit entsetzte Matthias, weil sie in der Dämmerung herzlos war und die Anteilnahme verweigerte.",ok_prefix_keep_particle_or_punctuation,Frank,Birgit,Matthias,Sarah,NP1,,,appalled,StimExp,8.0,32.0,-2.45,78,NP1,entsetzte,entsetzte,0.44,8.0,,"Der Schamane entsetzte die Anwohnerin, weil er in der Dämmerung gefährlich war und das Zischen erzeugte.",gefährlich,62.41,10.0,75.0,75.0,optimal,nonamb,False,,True,verschwommen war -> herzlos war,False,,True,Schatten erzeugte -> die Anteilnahme verweigerte
199,original,5,91,entsetzte,NP2-Causality,Frank,entsetzte,"Sarah,",weil,sie,in der Dämmerung,bestürzt war,und,jede Hoffnung,verlor,"Frank entsetzte Sarah, weil sie in der Dämmerung bestürzt war und jede Hoffnung verlor.",ok_prefix_keep_particle_or_punctuation,Frank,Birgit,Matthias,Sarah,NP1,,,appalled,StimExp,8.0,32.0,-2.45,78,NP1,entsetzte,entsetzte,0.44,8.0,,"Der Schamane entsetzte die Anwohnerin, weil sie in der Dämmerung ängstlich war und das Wimmern hervorbrachte.",ängstlich,7.09,9.0,75.0,75.0,optimal,nonamb,False,,True,schlecht sah -> bestürzt war,False,,True,Geräusche hörte -> jede Hoffnung verlor
199,both_male,6,91,entsetzte,NP2-Causality,Frank,entsetzte,"Matthias,",weil,er,in der Dämmerung,bestürzt war,und,jede Hoffnung,verlor,"Frank entsetzte Matthias, weil er in der Dämmerung bestürzt war und jede Hoffnung verlor.",ok_prefix_keep_particle_or_punctuation,Frank,Birgit,Matthias,Sarah,NP1,,,appalled,StimExp,8.0,32.0,-2.45,78,NP1,entsetzte,entsetzte,0.44,8.0,,"Der Schamane entsetzte die Anwohnerin, weil sie in der Dämmerung ängstlich war und das Wimmern hervorbrachte.",ängstlich,7.09,9.0,75.0,75.0,optimal,nonamb,False,,True,schlecht sah -> bestürzt war,False,,True,Geräusche hörte -> jede Hoffnung verlor
199,both_female,7,91,entsetzte,NP2-Causality,Birgit,entsetzte,"Sarah,",weil,sie,in der Dämmerung,bestürzt war,und,jede Hoffnung,verlor,"Birgit entsetzte Sarah, weil sie in der Dämmerung bestürzt war und jede Hoffnung verlor.",ok_prefix_keep_particle_or_punctuation,Frank,Birgit,Matthias,Sarah,NP1,,,appalled,StimExp,8.0,32.0,-2.45,78,NP1,entsetzte,entsetzte,0.44,8.0,,"Der Schamane entsetzte die Anwohnerin, weil sie in der Dämmerung ängstlich war und das Wimmern hervorbrachte.",ängstlich,7.09,9.0,75.0,75.0,optimal,nonamb,False,,True,schlecht sah -> bestürzt war,False,,True,Geräusche hörte -> jede Hoffnung verlor
199,swapped,8,91,entsetzte,NP2-Causality,Birgit,entsetzte,"Matthias,",weil,er,in der Dämmerung,bestürzt war,und,jede Hoffnung,verlor,"Birgit entsetzte Matthias, weil er in der Dämmerung bestürzt war und jede Hoffnung verlor.",ok_prefix_keep_particle_or_punctuation,Frank,Birgit,Matthias,Sarah,NP1,,,appalled,StimExp,8.0,32.0,-2.45,78,NP1,entsetzte,entsetzte,0.44,8.0,,"Der Schamane entsetzte die Anwohnerin, weil sie in der Dämmerung ängstlich war und das Wimmern hervorbrachte.",ängstlich,7.09,9.0,75.0,75.0,optimal,nonamb,False,,True,schlecht sah -> bestürzt war,False,,True,Geräusche hörte -> jede Hoffnung verlor
64,original,1,92,bejubelte,NP1-Causality,Hans,bejubelte,"Anna,",weil,er,bei dem Event,gerührt war,und,die Geschichte,bewunderte,"Hans bejubelte Anna, weil er bei dem Event gerührt war und die Geschichte bewunderte.",ok_prefix_keep_particle_or_punctuation,Hans,Monika,Michael,Anna,NP2,,,celebrated,AgEvo,10.0,48.0,2.73,-72,NP2,jubelte …  zu,jubelte zu,7.28,7.0,,"Der Schüler jubelte der Mutter zu, weil sie von Anfang an verreist war und den Strand genoss. ",im Urlaub,6.0,8.0,75.0,75.0,optimal,nonamb,True,jubelte -> bejubelte (Eng: celebrated),True,erfolgreich war -> gerührt war,False,,True,den Wettkampf gewann -> die Geschichte bewunderte
64,both_male,2,92,bejubelte,NP1-Causality,Hans,bejubelte,"Michael,",weil,er,bei dem Event,gerührt war,und,die Geschichte,bewunderte,"Hans bejubelte Michael, weil er bei dem Event gerührt war und die Geschichte bewunderte.",ok_prefix_keep_particle_or_punctuation,Hans,Monika,Michael,Anna,NP2,,,celebrated,AgEvo,10.0,48.0,2.73,-72,NP2,jubelte …  zu,jubelte zu,7.28,7.0,,"Der Schüler jubelte der Mutter zu, weil sie von Anfang an verreist war und den Strand genoss. ",im Urlaub,6.0,8.0,75.0,75.0,optimal,nonamb,True,jubelte -> bejubelte (Eng: celebrated),True,erfolgreich war -> gerührt war,False,,True,den Wettkampf gewann -> die Geschichte bewunderte
64,both_female,3,92,bejubelte,NP1-Causality,Monika,bejubelte,"Anna,",weil,sie,bei dem Event,gerührt war,und,die Geschichte,bewunderte,"Monika bejubelte Anna, weil sie bei dem Event gerührt war und die Geschichte bewunderte.",ok_prefix_keep_particle_or_punctuation,Hans,Monika,Michael,Anna,NP2,,,celebrated,AgEvo,10.0,48.0,2.73,-72,NP2,jubelte …  zu,jubelte zu,7.28,7.0,,"Der Schüler jubelte der Mutter zu, weil sie von Anfang an verreist war und den Strand genoss. ",im Urlaub,6.0,8.0,75.0,75.0,optimal,nonamb,True,jubelte -> bejubelte (Eng: celebrated),True,erfolgreich war -> gerührt war,False,,True,den Wettkampf gewann -> die Geschichte bewunderte
64,swapped,4,92,bejubelte,NP1-Causality,Monika,bejubelte,"Michael,",weil,sie,bei dem Event,gerührt war,und,die Geschichte,bewunderte,"Monika bejubelte Michael, weil sie bei dem Event gerührt war und die Geschichte bewunderte.",ok_prefix_keep_particle_or_punctuation,Hans,Monika,Michael,Anna,NP2,,,celebrated,AgEvo,10.0,48.0,2.73,-72,NP2,jubelte …  zu,jubelte zu,7.28,7.0,,"Der Schüler jubelte der Mutter zu, weil sie von Anfang an verreist war und den Strand genoss. ",im Urlaub,6.0,8.0,75.0,75.0,optimal,nonamb,True,jubelte -> bejubelte (Eng: celebrated),True,erfolgreich war -> gerührt war,False,,True,den Wettkampf gewann -> die Geschichte bewunderte
65,original,5,92,bejubelte,NP2-Causality,Hans,bejubelte,"Anna,",weil,sie,bei dem Event,erfolgreich war,und,eine Medaille,gewann,"Hans bejubelte Anna, weil sie bei dem Event erfolgreich war und eine Medaille gewann.",ok_prefix_keep_particle_or_punctuation,Hans,Monika,Michael,Anna,NP2,,,celebrated,AgEvo,10.0,48.0,2.73,-72,NP2,jubelte …  zu,jubelte zu,7.28,7.0,,"Der Schüler jubelte der Mutter zu, weil er von Anfang an gewinnend war und das Strahlen zeigte. ",gewonnen,55.06,8.0,75.0,75.0,optimal,nonamb,True,jubelte -> bejubelte (Eng: celebrated),True,unterstützend war -> erfolgreich war,False,,True,zum Sieg beitrug -> eine Medaille gewann
65,both_male,6,92,bejubelte,NP2-Causality,Hans,bejubelte,"Michael,",weil,er,bei dem Event,erfolgreich war,und,eine Medaille,gewann,"Hans bejubelte Michael, weil er bei dem Event erfolgreich war und eine Medaille gewann.",ok_prefix_keep_particle_or_punctuation,Hans,Monika,Michael,Anna,NP2,,,celebrated,AgEvo,10.0,48.0,2.73,-72,NP2,jubelte …  zu,jubelte zu,7.28,7.0,,"Der Schüler jubelte der Mutter zu, weil er von Anfang an gewinnend war und das Strahlen zeigte. ",gewonnen,55.06,8.0,75.0,75.0,optimal,nonamb,True,jubelte -> bejubelte (Eng: celebrated),True,unterstützend war -> erfolgreich war,False,,True,zum Sieg beitrug -> eine Medaille gewann
65,both_female,7,92,bejubelte,NP2-Causality,Monika,bejubelte,"Anna,",weil,sie,bei dem Event,erfolgreich war,und,eine Medaille,gewann,"Monika bejubelte Anna, weil sie bei dem Event erfolgreich war und eine Medaille gewann.",ok_prefix_keep_particle_or_punctuation,Hans,Monika,Michael,Anna,NP2,,,celebrated,AgEvo,10.0,48.0,2.73,-72,NP2,jubelte …  zu,jubelte zu,7.28,7.0,,"Der Schüler jubelte der Mutter zu, weil er von Anfang an gewinnend war und das Strahlen zeigte. ",gewonnen,55.06,8.0,75.0,75.0,optimal,nonamb,True,jubelte -> bejubelte (Eng: celebrated),True,unterstützend war -> erfolgreich war,False,,True,zum Sieg beitrug -> eine Medaille gewann
65,swapped,8,92,bejubelte,NP2-Causality,Monika,bejubelte,"Michael,",weil,er,bei dem Event,erfolgreich war,und,eine Medaille,gewann,"Monika bejubelte Michael, weil er bei dem Event erfolgreich war und eine Medaille gewann.",ok_prefix_keep_particle_or_punctuation,Hans,Monika,Michael,Anna,NP2,,,celebrated,AgEvo,10.0,48.0,2.73,-72,NP2,jubelte …  zu,jubelte zu,7.28,7.0,,"Der Schüler jubelte der Mutter zu, weil er von Anfang an gewinnend war und das Strahlen zeigte. ",gewonnen,55.06,8.0,75.0,75.0,optimal,nonamb,True,jubelte -> bejubelte (Eng: celebrated),True,unterstützend war -> erfolgreich war,False,,True,zum Sieg beitrug -> eine Medaille gewann
88,original,1,93,knuddelte,NP1-Causality,Stefan,knuddelte,"Jana,",weil,er,über die Jahre,anhänglich war,und,die Geborgenheit,suchte,"Stefan knuddelte Jana, weil er über die Jahre anhänglich war und die Geborgenheit suchte.",ok_prefix_keep_particle_or_punctuation,Stefan,Martina,Daniel,Jana,neutral,,,cuddled,AgP,7.0,5.0,2.54,-10,neutral,kuschelte,kuschelte,0.17,9.0,,"Der Witwer kuschelte die Katze, weil er von Anfang an fürsorglich war und die Geborgenheit bot.",fürsorglich,1.5,11.0,60.0,60.0,suboptimal,nonamb,True,kuschelte -> knuddelte (Eng: cuddled),True,fürsorglich war -> anhänglich war,True,über Jahre -> über die Jahre,True,das Tier liebte -> die Geborgenheit suchte
88,both_male,2,93,knuddelte,NP1-Causality,Stefan,knuddelte,"Daniel,",weil,er,über die Jahre,anhänglich war,und,die Geborgenheit,suchte,"Stefan knuddelte Daniel, weil er über die Jahre anhänglich war und die Geborgenheit suchte.",ok_prefix_keep_particle_or_punctuation,Stefan,Martina,Daniel,Jana,neutral,,,cuddled,AgP,7.0,5.0,2.54,-10,neutral,kuschelte,kuschelte,0.17,9.0,,"Der Witwer kuschelte die Katze, weil er von Anfang an fürsorglich war und die Geborgenheit bot.",fürsorglich,1.5,11.0,60.0,60.0,suboptimal,nonamb,True,kuschelte -> knuddelte (Eng: cuddled),True,fürsorglich war -> anhänglich war,True,über Jahre -> über die Jahre,True,das Tier liebte -> die Geborgenheit suchte
88,both_female,3,93,knuddelte,NP1-Causality,Martina,knuddelte,"Jana,",weil,sie,über die Jahre,anhänglich war,und,die Geborgenheit,suchte,"Martina knuddelte Jana, weil sie über die Jahre anhänglich war und die Geborgenheit suchte.",ok_prefix_keep_particle_or_punctuation,Stefan,Martina,Daniel,Jana,neutral,,,cuddled,AgP,7.0,5.0,2.54,-10,neutral,kuschelte,kuschelte,0.17,9.0,,"Der Witwer kuschelte die Katze, weil er von Anfang an fürsorglich war und die Geborgenheit bot.",fürsorglich,1.5,11.0,60.0,60.0,suboptimal,nonamb,True,kuschelte -> knuddelte (Eng: cuddled),True,fürsorglich war -> anhänglich war,True,über Jahre -> über die Jahre,True,das Tier liebte -> die Geborgenheit suchte
88,swapped,4,93,knuddelte,NP1-Causality,Martina,knuddelte,"Daniel,",weil,sie,über die Jahre,anhänglich war,und,die Geborgenheit,suchte,"Martina knuddelte Daniel, weil sie über die Jahre anhänglich war und die Geborgenheit suchte.",ok_prefix_keep_particle_or_punctuation,Stefan,Martina,Daniel,Jana,neutral,,,cuddled,AgP,7.0,5.0,2.54,-10,neutral,kuschelte,kuschelte,0.17,9.0,,"Der Witwer kuschelte die Katze, weil er von Anfang an fürsorglich war und die Geborgenheit bot.",fürsorglich,1.5,11.0,60.0,60.0,suboptimal,nonamb,True,kuschelte -> knuddelte (Eng: cuddled),True,fürsorglich war -> anhänglich war,True,über Jahre -> über die Jahre,True,das Tier liebte -> die Geborgenheit suchte
89,original,5,93,knuddelte,NP2-Causality,Stefan,knuddelte,"Jana,",weil,sie,über die Jahre,traurig war,und,den Trost,brauchte,"Stefan knuddelte Jana, weil sie über die Jahre traurig war und den Trost brauchte.",ok_prefix_keep_particle_or_punctuation,Stefan,Martina,Daniel,Jana,neutral,,,cuddled,AgP,7.0,5.0,2.54,-10,neutral,kuschelte,kuschelte,0.17,9.0,,"Der Witwer kuschelte die Katze, weil sie von Anfang an weich war und eine Wärme spendete.",weich,22.09,5.0,60.0,60.0,suboptimal,nonamb,True,kuschelte -> knuddelte (Eng: cuddled),True,anhänglich war -> traurig war,True,über Jahre -> über die Jahre,True,Wärme spendete -> den Trost brauchte
89,both_male,6,93,knuddelte,NP2-Causality,Stefan,knuddelte,"Daniel,",weil,er,über die Jahre,traurig war,und,den Trost,brauchte,"Stefan knuddelte Daniel, weil er über die Jahre traurig war und den Trost brauchte.",ok_prefix_keep_particle_or_punctuation,Stefan,Martina,Daniel,Jana,neutral,,,cuddled,AgP,7.0,5.0,2.54,-10,neutral,kuschelte,kuschelte,0.17,9.0,,"Der Witwer kuschelte die Katze, weil sie von Anfang an weich war und eine Wärme spendete.",weich,22.09,5.0,60.0,60.0,suboptimal,nonamb,True,kuschelte -> knuddelte (Eng: cuddled),True,anhänglich war -> traurig war,True,über Jahre -> über die Jahre,True,Wärme spendete -> den Trost brauchte
89,both_female,7,93,knuddelte,NP2-Causality,Martina,knuddelte,"Jana,",weil,sie,über die Jahre,traurig war,und,den Trost,brauchte,"Martina knuddelte Jana, weil sie über die Jahre traurig war und den Trost brauchte.",ok_prefix_keep_particle_or_punctuation,Stefan,Martina,Daniel,Jana,neutral,,,cuddled,AgP,7.0,5.0,2.54,-10,neutral,kuschelte,kuschelte,0.17,9.0,,"Der Witwer kuschelte die Katze, weil sie von Anfang an weich war und eine Wärme spendete.",weich,22.09,5.0,60.0,60.0,suboptimal,nonamb,True,kuschelte -> knuddelte (Eng: cuddled),True,anhänglich war -> traurig war,True,über Jahre -> über die Jahre,True,Wärme spendete -> den Trost brauchte
89,swapped,8,93,knuddelte,NP2-Causality,Martina,knuddelte,"Daniel,",weil,er,über die Jahre,traurig war,und,den Trost,brauchte,"Martina knuddelte Daniel, weil er über die Jahre traurig war und den Trost brauchte.",ok_prefix_keep_particle_or_punctuation,Stefan,Martina,Daniel,Jana,neutral,,,cuddled,AgP,7.0,5.0,2.54,-10,neutral,kuschelte,kuschelte,0.17,9.0,,"Der Witwer kuschelte die Katze, weil sie von Anfang an weich war und eine Wärme spendete.",weich,22.09,5.0,60.0,60.0,suboptimal,nonamb,True,kuschelte -> knuddelte (Eng: cuddled),True,anhänglich war -> traurig war,True,über Jahre -> über die Jahre,True,Wärme spendete -> den Trost brauchte
178,original,1,94,gestand,NP1-Causality,Sebastian,gestand,"Claudia,",weil,er,am Tag zuvor,bedrückt war,und,die Lüge,bereute,"Sebastian gestand Claudia, weil er am Tag zuvor bedrückt war und die Lüge bereute.",ok_prefix_keep_particle_or_punctuation,Sebastian,Laura,Wolfgang,Claudia,NP1,,,confessed to,AgP,9.0,92.0,-0.64,74,NP1,gestand,gestand,2.4,7.0,,"Der Sünder gestand der Priesterin, weil er am frühen Morgen schuldig war und die Offenbarung machte.",schuldig,15.04,8.0,93.75,93.75,optimal,nonamb,False,,True,frevelhaft  gewesen war -> bedrückt war,False,,True,Absolution suchte -> die Lüge bereute
178,both_male,2,94,gestand,NP1-Causality,Sebastian,gestand,"Wolfgang,",weil,er,am Tag zuvor,bedrückt war,und,die Lüge,bereute,"Sebastian gestand Wolfgang, weil er am Tag zuvor bedrückt war und die Lüge bereute.",ok_prefix_keep_particle_or_punctuation,Sebastian,Laura,Wolfgang,Claudia,NP1,,,confessed to,AgP,9.0,92.0,-0.64,74,NP1,gestand,gestand,2.4,7.0,,"Der Sünder gestand der Priesterin, weil er am frühen Morgen schuldig war und die Offenbarung machte.",schuldig,15.04,8.0,93.75,93.75,optimal,nonamb,False,,True,frevelhaft  gewesen war -> bedrückt war,False,,True,Absolution suchte -> die Lüge bereute
178,both_female,3,94,gestand,NP1-Causality,Laura,gestand,"Claudia,",weil,sie,am Tag zuvor,bedrückt war,und,die Lüge,bereute,"Laura gestand Claudia, weil sie am Tag zuvor bedrückt war und die Lüge bereute.",ok_prefix_keep_particle_or_punctuation,Sebastian,Laura,Wolfgang,Claudia,NP1,,,confessed to,AgP,9.0,92.0,-0.64,74,NP1,gestand,gestand,2.4,7.0,,"Der Sünder gestand der Priesterin, weil er am frühen Morgen schuldig war und die Offenbarung machte.",schuldig,15.04,8.0,93.75,93.75,optimal,nonamb,False,,True,frevelhaft  gewesen war -> bedrückt war,False,,True,Absolution suchte -> die Lüge bereute
178,swapped,4,94,gestand,NP1-Causality,Laura,gestand,"Wolfgang,",weil,sie,am Tag zuvor,bedrückt war,und,die Lüge,bereute,"Laura gestand Wolfgang, weil sie am Tag zuvor bedrückt war und die Lüge bereute.",ok_prefix_keep_particle_or_punctuation,Sebastian,Laura,Wolfgang,Claudia,NP1,,,confessed to,AgP,9.0,92.0,-0.64,74,NP1,gestand,gestand,2.4,7.0,,"Der Sünder gestand der Priesterin, weil er am frühen Morgen schuldig war und die Offenbarung machte.",schuldig,15.04,8.0,93.75,93.75,optimal,nonamb,False,,True,frevelhaft  gewesen war -> bedrückt war,False,,True,Absolution suchte -> die Lüge bereute
179,original,5,94,gestand,NP2-Causality,Sebastian,gestand,"Claudia,",weil,sie,am Tag zuvor,vertrauenswürdig war,und,jedes Geheimnis,bewahrte,"Sebastian gestand Claudia, weil sie am Tag zuvor vertrauenswürdig war und jedes Geheimnis bewahrte.",ok_prefix_keep_particle_or_punctuation,Sebastian,Laura,Wolfgang,Claudia,NP1,,,confessed to,AgP,9.0,92.0,-0.64,74,NP1,gestand,gestand,2.4,7.0,,"Der Sünder gestand der Priesterin, weil sie am frühen Morgen vertrauenswürdig war und die Aufmerksamkeit bot.",vertrauenswürdig,1.98,16.0,93.75,93.75,optimal,nonamb,False,,False,,False,,True,Nachsicht signalisierte -> jedes Geheimnis bewahrte
179,both_male,6,94,gestand,NP2-Causality,Sebastian,gestand,"Wolfgang,",weil,er,am Tag zuvor,vertrauenswürdig war,und,jedes Geheimnis,bewahrte,"Sebastian gestand Wolfgang, weil er am Tag zuvor vertrauenswürdig war und jedes Geheimnis bewahrte.",ok_prefix_keep_particle_or_punctuation,Sebastian,Laura,Wolfgang,Claudia,NP1,,,confessed to,AgP,9.0,92.0,-0.64,74,NP1,gestand,gestand,2.4,7.0,,"Der Sünder gestand der Priesterin, weil sie am frühen Morgen vertrauenswürdig war und die Aufmerksamkeit bot.",vertrauenswürdig,1.98,16.0,93.75,93.75,optimal,nonamb,False,,False,,False,,True,Nachsicht signalisierte -> jedes Geheimnis bewahrte
179,both_female,7,94,gestand,NP2-Causality,Laura,gestand,"Claudia,",weil,sie,am Tag zuvor,vertrauenswürdig war,und,jedes Geheimnis,bewahrte,"Laura gestand Claudia, weil sie am Tag zuvor vertrauenswürdig war und jedes Geheimnis bewahrte.",ok_prefix_keep_particle_or_punctuation,Sebastian,Laura,Wolfgang,Claudia,NP1,,,confessed to,AgP,9.0,92.0,-0.64,74,NP1,gestand,gestand,2.4,7.0,,"Der Sünder gestand der Priesterin, weil sie am frühen Morgen vertrauenswürdig war und die Aufmerksamkeit bot.",vertrauenswürdig,1.98,16.0,93.75,93.75,optimal,nonamb,False,,False,,False,,True,Nachsicht signalisierte -> jedes Geheimnis bewahrte
179,swapped,8,94,gestand,NP2-Causality,Laura,gestand,"Wolfgang,",weil,er,am Tag zuvor,vertrauenswürdig war,und,jedes Geheimnis,bewahrte,"Laura gestand Wolfgang, weil er am Tag zuvor vertrauenswürdig war und jedes Geheimnis bewahrte.",ok_prefix_keep_particle_or_punctuation,Sebastian,Laura,Wolfgang,Claudia,NP1,,,confessed to,AgP,9.0,92.0,-0.64,74,NP1,gestand,gestand,2.4,7.0,,"Der Sünder gestand der Priesterin, weil sie am frühen Morgen vertrauenswürdig war und die Aufmerksamkeit bot.",vertrauenswürdig,1.98,16.0,93.75,93.75,optimal,nonamb,False,,False,,False,,True,Nachsicht signalisierte -> jedes Geheimnis bewahrte
50,original,1,95,misstraute,NP1-Causality,Johannes,misstraute,"Susanne,",weil,er,von Anfang an,wachsam war,und,jedes Wort,hinterfragte,"Johannes misstraute Susanne, weil er von Anfang an wachsam war und jedes Wort hinterfragte.",ok_prefix_keep_particle_or_punctuation,Johannes,Katharina,Tobias,Susanne,NP2,,,distrusted,ExpStim,10.0,63.0,-2.09,-75,NP2,misstraute,misstraute,0.11,10.0,,"Der Hund misstraute dem Mädchen, weil er von Anfang an nicht sozialisiert war und die Scheu zeigte.",sozialisiert,0.95,12.0,37.5,37.5,suboptimal,nonamb,False,,True,unsozialisiert war -> wachsam war,False,,True,Kinder scheute -> jedes Wort hinterfragte
50,both_male,2,95,misstraute,NP1-Causality,Johannes,misstraute,"Tobias,",weil,er,von Anfang an,wachsam war,und,jedes Wort,hinterfragte,"Johannes misstraute Tobias, weil er von Anfang an wachsam war und jedes Wort hinterfragte.",ok_prefix_keep_particle_or_punctuation,Johannes,Katharina,Tobias,Susanne,NP2,,,distrusted,ExpStim,10.0,63.0,-2.09,-75,NP2,misstraute,misstraute,0.11,10.0,,"Der Hund misstraute dem Mädchen, weil er von Anfang an nicht sozialisiert war und die Scheu zeigte.",sozialisiert,0.95,12.0,37.5,37.5,suboptimal,nonamb,False,,True,unsozialisiert war -> wachsam war,False,,True,Kinder scheute -> jedes Wort hinterfragte
50,both_female,3,95,misstraute,NP1-Causality,Katharina,misstraute,"Susanne,",weil,sie,von Anfang an,wachsam war,und,jedes Wort,hinterfragte,"Katharina misstraute Susanne, weil sie von Anfang an wachsam war und jedes Wort hinterfragte.",ok_prefix_keep_particle_or_punctuation,Johannes,Katharina,Tobias,Susanne,NP2,,,distrusted,ExpStim,10.0,63.0,-2.09,-75,NP2,misstraute,misstraute,0.11,10.0,,"Der Hund misstraute dem Mädchen, weil er von Anfang an nicht sozialisiert war und die Scheu zeigte.",sozialisiert,0.95,12.0,37.5,37.5,suboptimal,nonamb,False,,True,unsozialisiert war -> wachsam war,False,,True,Kinder scheute -> jedes Wort hinterfragte
50,swapped,4,95,misstraute,NP1-Causality,Katharina,misstraute,"Tobias,",weil,sie,von Anfang an,wachsam war,und,jedes Wort,hinterfragte,"Katharina misstraute Tobias, weil sie von Anfang an wachsam war und jedes Wort hinterfragte.",ok_prefix_keep_particle_or_punctuation,Johannes,Katharina,Tobias,Susanne,NP2,,,distrusted,ExpStim,10.0,63.0,-2.09,-75,NP2,misstraute,misstraute,0.11,10.0,,"Der Hund misstraute dem Mädchen, weil er von Anfang an nicht sozialisiert war und die Scheu zeigte.",sozialisiert,0.95,12.0,37.5,37.5,suboptimal,nonamb,False,,True,unsozialisiert war -> wachsam war,False,,True,Kinder scheute -> jedes Wort hinterfragte
51,original,5,95,misstraute,NP2-Causality,Johannes,misstraute,"Susanne,",weil,sie,von Anfang an,verschlossen war,und,die Wahrheit,verbarg,"Johannes misstraute Susanne, weil sie von Anfang an verschlossen war und die Wahrheit verbarg.",ok_prefix_keep_particle_or_punctuation,Johannes,Katharina,Tobias,Susanne,NP2,,,distrusted,ExpStim,10.0,63.0,-2.09,-75,NP2,misstraute,misstraute,0.11,10.0,,"Der Hund misstraute dem Mädchen, weil sie von Anfang an unzuverlässig war und die Grenze überschritt.",unzuverlässig,1.72,13.0,37.5,37.5,suboptimal,nonamb,False,,True,unvorhersagbar war -> verschlossen war,False,,True,Hinterhalte generierte -> die Wahrheit verbarg
51,both_male,6,95,misstraute,NP2-Causality,Johannes,misstraute,"Tobias,",weil,er,von Anfang an,verschlossen war,und,die Wahrheit,verbarg,"Johannes misstraute Tobias, weil er von Anfang an verschlossen war und die Wahrheit verbarg.",ok_prefix_keep_particle_or_punctuation,Johannes,Katharina,Tobias,Susanne,NP2,,,distrusted,ExpStim,10.0,63.0,-2.09,-75,NP2,misstraute,misstraute,0.11,10.0,,"Der Hund misstraute dem Mädchen, weil sie von Anfang an unzuverlässig war und die Grenze überschritt.",unzuverlässig,1.72,13.0,37.5,37.5,suboptimal,nonamb,False,,True,unvorhersagbar war -> verschlossen war,False,,True,Hinterhalte generierte -> die Wahrheit verbarg
51,both_female,7,95,misstraute,NP2-Causality,Katharina,misstraute,"Susanne,",weil,sie,von Anfang an,verschlossen war,und,die Wahrheit,verbarg,"Katharina misstraute Susanne, weil sie von Anfang an verschlossen war und die Wahrheit verbarg.",ok_prefix_keep_particle_or_punctuation,Johannes,Katharina,Tobias,Susanne,NP2,,,distrusted,ExpStim,10.0,63.0,-2.09,-75,NP2,misstraute,misstraute,0.11,10.0,,"Der Hund misstraute dem Mädchen, weil sie von Anfang an unzuverlässig war und die Grenze überschritt.",unzuverlässig,1.72,13.0,37.5,37.5,suboptimal,nonamb,False,,True,unvorhersagbar war -> verschlossen war,False,,True,Hinterhalte generierte -> die Wahrheit verbarg
51,swapped,8,95,misstraute,NP2-Causality,Katharina,misstraute,"Tobias,",weil,er,von Anfang an,verschlossen war,und,die Wahrheit,verbarg,"Katharina misstraute Tobias, weil er von Anfang an verschlossen war und die Wahrheit verbarg.",ok_prefix_keep_particle_or_punctuation,Johannes,Katharina,Tobias,Susanne,NP2,,,distrusted,ExpStim,10.0,63.0,-2.09,-75,NP2,misstraute,misstraute,0.11,10.0,,"Der Hund misstraute dem Mädchen, weil sie von Anfang an unzuverlässig war und die Grenze überschritt.",unzuverlässig,1.72,13.0,37.5,37.5,suboptimal,nonamb,False,,True,unvorhersagbar war -> verschlossen war,False,,True,Hinterhalte generierte -> die Wahrheit verbarg
100,original,1,96,filmte,NP1-Causality,Paul,filmte,"Maria,",weil,er,seit einigen Tagen,misstrauisch war,und,die Spur,verfolgte,"Paul filmte Maria, weil er seit einigen Tagen misstrauisch war und die Spur verfolgte.",ok_prefix_keep_particle_or_punctuation,Paul,Julia,Martin,Maria,neutral,,,filmed,AgP,6.0,5.0,0.73,-3,neutral,filmte,filmte,0.45,6.0,,"Der Ehemann filmte die Nachbarin, weil er in dem Moment eifersüchtig war und das Misstrauen entwickelte. ",eifersüchtig,3.51,12.0,68.75,68.75,suboptimal,nonamb,False,,True,eifersüchtig war -> misstrauisch war,True,seit Tagen -> seit einigen Tagen,True,Misstrauen entwickelte -> die Spur verfolgte
100,both_male,2,96,filmte,NP1-Causality,Paul,filmte,"Martin,",weil,er,seit einigen Tagen,misstrauisch war,und,die Spur,verfolgte,"Paul filmte Martin, weil er seit einigen Tagen misstrauisch war und die Spur verfolgte.",ok_prefix_keep_particle_or_punctuation,Paul,Julia,Martin,Maria,neutral,,,filmed,AgP,6.0,5.0,0.73,-3,neutral,filmte,filmte,0.45,6.0,,"Der Ehemann filmte die Nachbarin, weil er in dem Moment eifersüchtig war und das Misstrauen entwickelte. ",eifersüchtig,3.51,12.0,68.75,68.75,suboptimal,nonamb,False,,True,eifersüchtig war -> misstrauisch war,True,seit Tagen -> seit einigen Tagen,True,Misstrauen entwickelte -> die Spur verfolgte
100,both_female,3,96,filmte,NP1-Causality,Julia,filmte,"Maria,",weil,sie,seit einigen Tagen,misstrauisch war,und,die Spur,verfolgte,"Julia filmte Maria, weil sie seit einigen Tagen misstrauisch war und die Spur verfolgte.",ok_prefix_keep_particle_or_punctuation,Paul,Julia,Martin,Maria,neutral,,,filmed,AgP,6.0,5.0,0.73,-3,neutral,filmte,filmte,0.45,6.0,,"Der Ehemann filmte die Nachbarin, weil er in dem Moment eifersüchtig war und das Misstrauen entwickelte. ",eifersüchtig,3.51,12.0,68.75,68.75,suboptimal,nonamb,False,,True,eifersüchtig war -> misstrauisch war,True,seit Tagen -> seit einigen Tagen,True,Misstrauen entwickelte -> die Spur verfolgte
100,swapped,4,96,filmte,NP1-Causality,Julia,filmte,"Martin,",weil,sie,seit einigen Tagen,misstrauisch war,und,die Spur,verfolgte,"Julia filmte Martin, weil sie seit einigen Tagen misstrauisch war und die Spur verfolgte.",ok_prefix_keep_particle_or_punctuation,Paul,Julia,Martin,Maria,neutral,,,filmed,AgP,6.0,5.0,0.73,-3,neutral,filmte,filmte,0.45,6.0,,"Der Ehemann filmte die Nachbarin, weil er in dem Moment eifersüchtig war und das Misstrauen entwickelte. ",eifersüchtig,3.51,12.0,68.75,68.75,suboptimal,nonamb,False,,True,eifersüchtig war -> misstrauisch war,True,seit Tagen -> seit einigen Tagen,True,Misstrauen entwickelte -> die Spur verfolgte
101,original,5,96,filmte,NP2-Causality,Paul,filmte,"Maria,",weil,sie,seit einigen Tagen,komisch war,und,die Wahrheit,verschwieg,"Paul filmte Maria, weil sie seit einigen Tagen komisch war und die Wahrheit verschwieg.",ok_prefix_keep_particle_or_punctuation,Paul,Julia,Martin,Maria,neutral,,,filmed,AgP,6.0,5.0,0.73,-3,neutral,filmte,filmte,0.45,6.0,,"Der Ehemann filmte die Nachbarin, weil sie in dem Moment komisch war und die Auffälligkeit zeigte.",komisch,18.62,7.0,68.75,68.75,suboptimal,nonamb,False,,False,,True,seit Tagen -> seit einigen Tagen,True,Auffälligkeiten zeigte -> die Wahrheit verschwieg
101,both_male,6,96,filmte,NP2-Causality,Paul,filmte,"Martin,",weil,er,seit einigen Tagen,komisch war,und,die Wahrheit,verschwieg,"Paul filmte Martin, weil er seit einigen Tagen komisch war und die Wahrheit verschwieg.",ok_prefix_keep_particle_or_punctuation,Paul,Julia,Martin,Maria,neutral,,,filmed,AgP,6.0,5.0,0.73,-3,neutral,filmte,filmte,0.45,6.0,,"Der Ehemann filmte die Nachbarin, weil sie in dem Moment komisch war und die Auffälligkeit zeigte.",komisch,18.62,7.0,68.75,68.75,suboptimal,nonamb,False,,False,,True,seit Tagen -> seit einigen Tagen,True,Auffälligkeiten zeigte -> die Wahrheit verschwieg
101,both_female,7,96,filmte,NP2-Causality,Julia,filmte,"Maria,",weil,sie,seit einigen Tagen,komisch war,und,die Wahrheit,verschwieg,"Julia filmte Maria, weil sie seit einigen Tagen komisch war und die Wahrheit verschwieg.",ok_prefix_keep_particle_or_punctuation,Paul,Julia,Martin,Maria,neutral,,,filmed,AgP,6.0,5.0,0.73,-3,neutral,filmte,filmte,0.45,6.0,,"Der Ehemann filmte die Nachbarin, weil sie in dem Moment komisch war und die Auffälligkeit zeigte.",komisch,18.62,7.0,68.75,68.75,suboptimal,nonamb,False,,False,,True,seit Tagen -> seit einigen Tagen,True,Auffälligkeiten zeigte -> die Wahrheit verschwieg
101,swapped,8,96,filmte,NP2-Causality,Julia,filmte,"Martin,",weil,er,seit einigen Tagen,komisch war,und,die Wahrheit,verschwieg,"Julia filmte Martin, weil er seit einigen Tagen komisch war und die Wahrheit verschwieg.",ok_prefix_keep_particle_or_punctuation,Paul,Julia,Martin,Maria,neutral,,,filmed,AgP,6.0,5.0,0.73,-3,neutral,filmte,filmte,0.45,6.0,,"Der Ehemann filmte die Nachbarin, weil sie in dem Moment komisch war und die Auffälligkeit zeigte.",komisch,18.62,7.0,68.75,68.75,suboptimal,nonamb,False,,False,,True,seit Tagen -> seit einigen Tagen,True,Auffälligkeiten zeigte -> die Wahrheit verschwieg
180,original,1,97,verstimmte,NP1-Causality,Jürgen,verstimmte,"Barbara,",weil,er,an dem Sonntag,unfreundlich war,und,die Tür,zuschlug,"Jürgen verstimmte Barbara, weil er an dem Sonntag unfreundlich war und die Tür zuschlug.",ok_prefix_keep_particle_or_punctuation,Jürgen,Nicole,Klaus,Barbara,NP1,,,exasperated,StimExp,11.0,3.0,-1.64,74,NP1,verstimmte,zur Verzweiflung brachte,0.02,22.0,,"Der Sohn brachte die Mutter zur Verzweiflung, weil er bis zum Ende unfolgsam war und die Regel ignorierte. ",unfolgsam,0.03,9.0,75.0,75.0,optimal,nonamb,False,,True,unfolgsam war -> unfreundlich war,False,,True,Regeln brach -> die Tür zuschlug
180,both_male,2,97,verstimmte,NP1-Causality,Jürgen,verstimmte,"Klaus,",weil,er,an dem Sonntag,unfreundlich war,und,die Tür,zuschlug,"Jürgen verstimmte Klaus, weil er an dem Sonntag unfreundlich war und die Tür zuschlug.",ok_prefix_keep_particle_or_punctuation,Jürgen,Nicole,Klaus,Barbara,NP1,,,exasperated,StimExp,11.0,3.0,-1.64,74,NP1,verstimmte,zur Verzweiflung brachte,0.02,22.0,,"Der Sohn brachte die Mutter zur Verzweiflung, weil er bis zum Ende unfolgsam war und die Regel ignorierte. ",unfolgsam,0.03,9.0,75.0,75.0,optimal,nonamb,False,,True,unfolgsam war -> unfreundlich war,False,,True,Regeln brach -> die Tür zuschlug
180,both_female,3,97,verstimmte,NP1-Causality,Nicole,verstimmte,"Barbara,",weil,sie,an dem Sonntag,unfreundlich war,und,die Tür,zuschlug,"Nicole verstimmte Barbara, weil sie an dem Sonntag unfreundlich war und die Tür zuschlug.",ok_prefix_keep_particle_or_punctuation,Jürgen,Nicole,Klaus,Barbara,NP1,,,exasperated,StimExp,11.0,3.0,-1.64,74,NP1,verstimmte,zur Verzweiflung brachte,0.02,22.0,,"Der Sohn brachte die Mutter zur Verzweiflung, weil er bis zum Ende unfolgsam war und die Regel ignorierte. ",unfolgsam,0.03,9.0,75.0,75.0,optimal,nonamb,False,,True,unfolgsam war -> unfreundlich war,False,,True,Regeln brach -> die Tür zuschlug
180,swapped,4,97,verstimmte,NP1-Causality,Nicole,verstimmte,"Klaus,",weil,sie,an dem Sonntag,unfreundlich war,und,die Tür,zuschlug,"Nicole verstimmte Klaus, weil sie an dem Sonntag unfreundlich war und die Tür zuschlug.",ok_prefix_keep_particle_or_punctuation,Jürgen,Nicole,Klaus,Barbara,NP1,,,exasperated,StimExp,11.0,3.0,-1.64,74,NP1,verstimmte,zur Verzweiflung brachte,0.02,22.0,,"Der Sohn brachte die Mutter zur Verzweiflung, weil er bis zum Ende unfolgsam war und die Regel ignorierte. ",unfolgsam,0.03,9.0,75.0,75.0,optimal,nonamb,False,,True,unfolgsam war -> unfreundlich war,False,,True,Regeln brach -> die Tür zuschlug
181,original,5,97,verstimmte,NP2-Causality,Jürgen,verstimmte,"Barbara,",weil,sie,an dem Sonntag,gestresst war,und,die Auszeit,brauchte,"Jürgen verstimmte Barbara, weil sie an dem Sonntag gestresst war und die Auszeit brauchte.",ok_prefix_keep_particle_or_punctuation,Jürgen,Nicole,Klaus,Barbara,NP1,,,exasperated,StimExp,11.0,3.0,-1.64,74,NP1,verstimmte,zur Verzweiflung brachte,0.02,22.0,,"Der Sohn brachte die Mutter zur Verzweiflung, weil sie bis zum Ende fürsorglich war und die Hilfe anbot. ",überfürsorglich,1.5,11.0,75.0,75.0,optimal,nonamb,False,,False,,False,,True,Gäste erwartete -> die Auszeit brauchte
181,both_male,6,97,verstimmte,NP2-Causality,Jürgen,verstimmte,"Klaus,",weil,er,an dem Sonntag,gestresst war,und,die Auszeit,brauchte,"Jürgen verstimmte Klaus, weil er an dem Sonntag gestresst war und die Auszeit brauchte.",ok_prefix_keep_particle_or_punctuation,Jürgen,Nicole,Klaus,Barbara,NP1,,,exasperated,StimExp,11.0,3.0,-1.64,74,NP1,verstimmte,zur Verzweiflung brachte,0.02,22.0,,"Der Sohn brachte die Mutter zur Verzweiflung, weil sie bis zum Ende fürsorglich war und die Hilfe anbot. ",überfürsorglich,1.5,11.0,75.0,75.0,optimal,nonamb,False,,False,,False,,True,Gäste erwartete -> die Auszeit brauchte
181,both_female,7,97,verstimmte,NP2-Causality,Nicole,verstimmte,"Barbara,",weil,sie,an dem Sonntag,gestresst war,und,die Auszeit,brauchte,"Nicole verstimmte Barbara, weil sie an dem Sonntag gestresst war und die Auszeit brauchte.",ok_prefix_keep_particle_or_punctuation,Jürgen,Nicole,Klaus,Barbara,NP1,,,exasperated,StimExp,11.0,3.0,-1.64,74,NP1,verstimmte,zur Verzweiflung brachte,0.02,22.0,,"Der Sohn brachte die Mutter zur Verzweiflung, weil sie bis zum Ende fürsorglich war und die Hilfe anbot. ",überfürsorglich,1.5,11.0,75.0,75.0,optimal,nonamb,False,,False,,False,,True,Gäste erwartete -> die Auszeit brauchte
181,swapped,8,97,verstimmte,NP2-Causality,Nicole,verstimmte,"Klaus,",weil,er,an dem Sonntag,gestresst war,und,die Auszeit,brauchte,"Nicole verstimmte Klaus, weil er an dem Sonntag gestresst war und die Auszeit brauchte.",ok_prefix_keep_particle_or_punctuation,Jürgen,Nicole,Klaus,Barbara,NP1,,,exasperated,StimExp,11.0,3.0,-1.64,74,NP1,verstimmte,zur Verzweiflung brachte,0.02,22.0,,"Der Sohn brachte die Mutter zur Verzweiflung, weil sie bis zum Ende fürsorglich war und die Hilfe anbot. ",überfürsorglich,1.5,11.0,75.0,75.0,optimal,nonamb,False,,False,,False,,True,Gäste erwartete -> die Auszeit brauchte
62,original,1,98,führte,NP1-Causality,Thomas,führte,"Lena,",weil,er,an dieser Stelle,erfahren war,und,den Weg,kannte,"Thomas führte Lena, weil er an dieser Stelle erfahren war und den Weg kannte.",ok_prefix_keep_particle_or_punctuation,Thomas,Daniela,Philipp,Lena,NP2,,,guided,AgP,6.0,475.0,1.27,-73,NP2,führte,führte,68.41,6.0,,"Der Kunsthistoriker führte die Touristin, weil er von Anfang an fachkundig war und die Erklärung abgab.",vom Fach,0.49,7.0,56.25,56.25,suboptimal,nonamb,False,,True,fachkundig war -> erfahren war,False,,True,Wissen weitergab -> den Weg kannte
62,both_male,2,98,führte,NP1-Causality,Thomas,führte,"Philipp,",weil,er,an dieser Stelle,erfahren war,und,den Weg,kannte,"Thomas führte Philipp, weil er an dieser Stelle erfahren war und den Weg kannte.",ok_prefix_keep_particle_or_punctuation,Thomas,Daniela,Philipp,Lena,NP2,,,guided,AgP,6.0,475.0,1.27,-73,NP2,führte,führte,68.41,6.0,,"Der Kunsthistoriker führte die Touristin, weil er von Anfang an fachkundig war und die Erklärung abgab.",vom Fach,0.49,7.0,56.25,56.25,suboptimal,nonamb,False,,True,fachkundig war -> erfahren war,False,,True,Wissen weitergab -> den Weg kannte
62,both_female,3,98,führte,NP1-Causality,Daniela,führte,"Lena,",weil,sie,an dieser Stelle,erfahren war,und,den Weg,kannte,"Daniela führte Lena, weil sie an dieser Stelle erfahren war und den Weg kannte.",ok_prefix_keep_particle_or_punctuation,Thomas,Daniela,Philipp,Lena,NP2,,,guided,AgP,6.0,475.0,1.27,-73,NP2,führte,führte,68.41,6.0,,"Der Kunsthistoriker führte die Touristin, weil er von Anfang an fachkundig war und die Erklärung abgab.",vom Fach,0.49,7.0,56.25,56.25,suboptimal,nonamb,False,,True,fachkundig war -> erfahren war,False,,True,Wissen weitergab -> den Weg kannte
62,swapped,4,98,führte,NP1-Causality,Daniela,führte,"Philipp,",weil,sie,an dieser Stelle,erfahren war,und,den Weg,kannte,"Daniela führte Philipp, weil sie an dieser Stelle erfahren war und den Weg kannte.",ok_prefix_keep_particle_or_punctuation,Thomas,Daniela,Philipp,Lena,NP2,,,guided,AgP,6.0,475.0,1.27,-73,NP2,führte,führte,68.41,6.0,,"Der Kunsthistoriker führte die Touristin, weil er von Anfang an fachkundig war und die Erklärung abgab.",vom Fach,0.49,7.0,56.25,56.25,suboptimal,nonamb,False,,True,fachkundig war -> erfahren war,False,,True,Wissen weitergab -> den Weg kannte
63,original,5,98,führte,NP2-Causality,Thomas,führte,"Lena,",weil,sie,an dieser Stelle,unerfahren war,und,die Orientierung,verlor,"Thomas führte Lena, weil sie an dieser Stelle unerfahren war und die Orientierung verlor.",ok_prefix_keep_particle_or_punctuation,Thomas,Daniela,Philipp,Lena,NP2,,,guided,AgP,6.0,475.0,1.27,-73,NP2,führte,führte,68.41,6.0,,"Der Kunsthistoriker führte die Touristin, weil sie von Anfang an neugierig war und den Hinweis verlangte.",neugierig,12.44,9.0,56.25,56.25,suboptimal,nonamb,False,,True,interessiert war -> unerfahren war,False,,True,Erklärungen suchte -> die Orientierung verlor
63,both_male,6,98,führte,NP2-Causality,Thomas,führte,"Philipp,",weil,er,an dieser Stelle,unerfahren war,und,die Orientierung,verlor,"Thomas führte Philipp, weil er an dieser Stelle unerfahren war und die Orientierung verlor.",ok_prefix_keep_particle_or_punctuation,Thomas,Daniela,Philipp,Lena,NP2,,,guided,AgP,6.0,475.0,1.27,-73,NP2,führte,führte,68.41,6.0,,"Der Kunsthistoriker führte die Touristin, weil sie von Anfang an neugierig war und den Hinweis verlangte.",neugierig,12.44,9.0,56.25,56.25,suboptimal,nonamb,False,,True,interessiert war -> unerfahren war,False,,True,Erklärungen suchte -> die Orientierung verlor
63,both_female,7,98,führte,NP2-Causality,Daniela,führte,"Lena,",weil,sie,an dieser Stelle,unerfahren war,und,die Orientierung,verlor,"Daniela führte Lena, weil sie an dieser Stelle unerfahren war und die Orientierung verlor.",ok_prefix_keep_particle_or_punctuation,Thomas,Daniela,Philipp,Lena,NP2,,,guided,AgP,6.0,475.0,1.27,-73,NP2,führte,führte,68.41,6.0,,"Der Kunsthistoriker führte die Touristin, weil sie von Anfang an neugierig war und den Hinweis verlangte.",neugierig,12.44,9.0,56.25,56.25,suboptimal,nonamb,False,,True,interessiert war -> unerfahren war,False,,True,Erklärungen suchte -> die Orientierung verlor
63,swapped,8,98,führte,NP2-Causality,Daniela,führte,"Philipp,",weil,er,an dieser Stelle,unerfahren war,und,die Orientierung,verlor,"Daniela führte Philipp, weil er an dieser Stelle unerfahren war und die Orientierung verlor.",ok_prefix_keep_particle_or_punctuation,Thomas,Daniela,Philipp,Lena,NP2,,,guided,AgP,6.0,475.0,1.27,-73,NP2,führte,führte,68.41,6.0,,"Der Kunsthistoriker führte die Touristin, weil sie von Anfang an neugierig war und den Hinweis verlangte.",neugierig,12.44,9.0,56.25,56.25,suboptimal,nonamb,False,,True,interessiert war -> unerfahren war,False,,True,Erklärungen suchte -> die Orientierung verlor
128,original,1,99,kränkte,NP1-Causality,Uwe,kränkte,"Johanna,",weil,er,bis zum Ende,eifersüchtig war,und,jeden Erfolg,kleinredete,"Uwe kränkte Johanna, weil er bis zum Ende eifersüchtig war und jeden Erfolg kleinredete.",ok_prefix_keep_particle_or_punctuation,Uwe,Linda,Martin,Johanna,neutral,,,insulted,StimExp,8.0,20.0,-1.91,6,neutral,kränkte,kränkte,0.11,7.0,,"Der Politiker kränkte die Parteigenossin, weil er bis zum Ende neidisch war und den Erfolg missgönnte.",neidisch,2.65,8.0,87.5,87.5,optimal,nonamb,False,,True,neidisch war -> eifersüchtig war,False,,True,den Erfolg missgönnte -> jeden Erfolg kleinredete
128,both_male,2,99,kränkte,NP1-Causality,Uwe,kränkte,"Martin,",weil,er,bis zum Ende,eifersüchtig war,und,jeden Erfolg,kleinredete,"Uwe kränkte Martin, weil er bis zum Ende eifersüchtig war und jeden Erfolg kleinredete.",ok_prefix_keep_particle_or_punctuation,Uwe,Linda,Martin,Johanna,neutral,,,insulted,StimExp,8.0,20.0,-1.91,6,neutral,kränkte,kränkte,0.11,7.0,,"Der Politiker kränkte die Parteigenossin, weil er bis zum Ende neidisch war und den Erfolg missgönnte.",neidisch,2.65,8.0,87.5,87.5,optimal,nonamb,False,,True,neidisch war -> eifersüchtig war,False,,True,den Erfolg missgönnte -> jeden Erfolg kleinredete
128,both_female,3,99,kränkte,NP1-Causality,Linda,kränkte,"Johanna,",weil,sie,bis zum Ende,eifersüchtig war,und,jeden Erfolg,kleinredete,"Linda kränkte Johanna, weil sie bis zum Ende eifersüchtig war und jeden Erfolg kleinredete.",ok_prefix_keep_particle_or_punctuation,Uwe,Linda,Martin,Johanna,neutral,,,insulted,StimExp,8.0,20.0,-1.91,6,neutral,kränkte,kränkte,0.11,7.0,,"Der Politiker kränkte die Parteigenossin, weil er bis zum Ende neidisch war und den Erfolg missgönnte.",neidisch,2.65,8.0,87.5,87.5,optimal,nonamb,False,,True,neidisch war -> eifersüchtig war,False,,True,den Erfolg missgönnte -> jeden Erfolg kleinredete
128,swapped,4,99,kränkte,NP1-Causality,Linda,kränkte,"Martin,",weil,sie,bis zum Ende,eifersüchtig war,und,jeden Erfolg,kleinredete,"Linda kränkte Martin, weil sie bis zum Ende eifersüchtig war und jeden Erfolg kleinredete.",ok_prefix_keep_particle_or_punctuation,Uwe,Linda,Martin,Johanna,neutral,,,insulted,StimExp,8.0,20.0,-1.91,6,neutral,kränkte,kränkte,0.11,7.0,,"Der Politiker kränkte die Parteigenossin, weil er bis zum Ende neidisch war und den Erfolg missgönnte.",neidisch,2.65,8.0,87.5,87.5,optimal,nonamb,False,,True,neidisch war -> eifersüchtig war,False,,True,den Erfolg missgönnte -> jeden Erfolg kleinredete
129,original,5,99,kränkte,NP2-Causality,Uwe,kränkte,"Johanna,",weil,sie,bis zum Ende,rücksichtslos war,und,das Gespräch,unterbrach,"Uwe kränkte Johanna, weil sie bis zum Ende rücksichtslos war und das Gespräch unterbrach.",ok_prefix_keep_particle_or_punctuation,Uwe,Linda,Martin,Johanna,neutral,,,insulted,StimExp,8.0,20.0,-1.91,6,neutral,kränkte,kränkte,0.11,7.0,,"Der Politiker kränkte die Parteigenossin, weil sie bis zum Ende tatkräftig war und die Führung beanspruchte.",tatkräftig,4.42,10.0,87.5,87.5,optimal,nonamb,False,,True,überheblich war -> rücksichtslos war,False,,True,die Führung beanspruchte -> das Gespräch unterbrach
129,both_male,6,99,kränkte,NP2-Causality,Uwe,kränkte,"Martin,",weil,er,bis zum Ende,rücksichtslos war,und,das Gespräch,unterbrach,"Uwe kränkte Martin, weil er bis zum Ende rücksichtslos war und das Gespräch unterbrach.",ok_prefix_keep_particle_or_punctuation,Uwe,Linda,Martin,Johanna,neutral,,,insulted,StimExp,8.0,20.0,-1.91,6,neutral,kränkte,kränkte,0.11,7.0,,"Der Politiker kränkte die Parteigenossin, weil sie bis zum Ende tatkräftig war und die Führung beanspruchte.",tatkräftig,4.42,10.0,87.5,87.5,optimal,nonamb,False,,True,überheblich war -> rücksichtslos war,False,,True,die Führung beanspruchte -> das Gespräch unterbrach
129,both_female,7,99,kränkte,NP2-Causality,Linda,kränkte,"Johanna,",weil,sie,bis zum Ende,rücksichtslos war,und,das Gespräch,unterbrach,"Linda kränkte Johanna, weil sie bis zum Ende rücksichtslos war und das Gespräch unterbrach.",ok_prefix_keep_particle_or_punctuation,Uwe,Linda,Martin,Johanna,neutral,,,insulted,StimExp,8.0,20.0,-1.91,6,neutral,kränkte,kränkte,0.11,7.0,,"Der Politiker kränkte die Parteigenossin, weil sie bis zum Ende tatkräftig war und die Führung beanspruchte.",tatkräftig,4.42,10.0,87.5,87.5,optimal,nonamb,False,,True,überheblich war -> rücksichtslos war,False,,True,die Führung beanspruchte -> das Gespräch unterbrach
129,swapped,8,99,kränkte,NP2-Causality,Linda,kränkte,"Martin,",weil,er,bis zum Ende,rücksichtslos war,und,das Gespräch,unterbrach,"Linda kränkte Martin, weil er bis zum Ende rücksichtslos war und das Gespräch unterbrach.",ok_prefix_keep_particle_or_punctuation,Uwe,Linda,Martin,Johanna,neutral,,,insulted,StimExp,8.0,20.0,-1.91,6,neutral,kränkte,kränkte,0.11,7.0,,"Der Politiker kränkte die Parteigenossin, weil sie bis zum Ende tatkräftig war und die Führung beanspruchte.",tatkräftig,4.42,10.0,87.5,87.5,optimal,nonamb,False,,True,überheblich war -> rücksichtslos war,False,,True,die Führung beanspruchte -> das Gespräch unterbrach
202,original,1,100,belog,NP1-Causality,Tobias,belog,"Jana,",weil,er,in der Vorlesung,egoistisch war,und,die Verantwortung,mied,"Tobias belog Jana, weil er in der Vorlesung egoistisch war und die Verantwortung mied.",ok_prefix_keep_particle_or_punctuation,Tobias,Sabine,Peter,Jana,NP1,,,lied to,AgP,4.0,133.0,-2.45,78,NP1,log … an,anlog,0.03,5.0,,"Der Student log die Professorin an, weil er am frühen Morgen hemmungslos war und den Respekt verlor.",hemmungslos,2.14,11.0,75.0,75.0,optimal,nonamb,True,log -> belog (Eng: lied to),True,hemmungslos war -> egoistisch war,False,,True,Respektlosigkeit empfand -> die Verantwortung mied
202,both_male,2,100,belog,NP1-Causality,Tobias,belog,"Peter,",weil,er,in der Vorlesung,egoistisch war,und,die Verantwortung,mied,"Tobias belog Peter, weil er in der Vorlesung egoistisch war und die Verantwortung mied.",ok_prefix_keep_particle_or_punctuation,Tobias,Sabine,Peter,Jana,NP1,,,lied to,AgP,4.0,133.0,-2.45,78,NP1,log … an,anlog,0.03,5.0,,"Der Student log die Professorin an, weil er am frühen Morgen hemmungslos war und den Respekt verlor.",hemmungslos,2.14,11.0,75.0,75.0,optimal,nonamb,True,log -> belog (Eng: lied to),True,hemmungslos war -> egoistisch war,False,,True,Respektlosigkeit empfand -> die Verantwortung mied
202,both_female,3,100,belog,NP1-Causality,Sabine,belog,"Jana,",weil,sie,in der Vorlesung,egoistisch war,und,die Verantwortung,mied,"Sabine belog Jana, weil sie in der Vorlesung egoistisch war und die Verantwortung mied.",ok_prefix_keep_particle_or_punctuation,Tobias,Sabine,Peter,Jana,NP1,,,lied to,AgP,4.0,133.0,-2.45,78,NP1,log … an,anlog,0.03,5.0,,"Der Student log die Professorin an, weil er am frühen Morgen hemmungslos war und den Respekt verlor.",hemmungslos,2.14,11.0,75.0,75.0,optimal,nonamb,True,log -> belog (Eng: lied to),True,hemmungslos war -> egoistisch war,False,,True,Respektlosigkeit empfand -> die Verantwortung mied
202,swapped,4,100,belog,NP1-Causality,Sabine,belog,"Peter,",weil,sie,in der Vorlesung,egoistisch war,und,die Verantwortung,mied,"Sabine belog Peter, weil sie in der Vorlesung egoistisch war und die Verantwortung mied.",ok_prefix_keep_particle_or_punctuation,Tobias,Sabine,Peter,Jana,NP1,,,lied to,AgP,4.0,133.0,-2.45,78,NP1,log … an,anlog,0.03,5.0,,"Der Student log die Professorin an, weil er am frühen Morgen hemmungslos war und den Respekt verlor.",hemmungslos,2.14,11.0,75.0,75.0,optimal,nonamb,True,log -> belog (Eng: lied to),True,hemmungslos war -> egoistisch war,False,,True,Respektlosigkeit empfand -> die Verantwortung mied
203,original,5,100,belog,NP2-Causality,Tobias,belog,"Jana,",weil,sie,in der Vorlesung,hartnäckig war,und,jede Antwort,hinterfragte,"Tobias belog Jana, weil sie in der Vorlesung hartnäckig war und jede Antwort hinterfragte.",ok_prefix_keep_particle_or_punctuation,Tobias,Sabine,Peter,Jana,NP1,,,lied to,AgP,4.0,133.0,-2.45,78,NP1,log … an,anlog,0.03,5.0,,"Der Student log die Professorin an, weil sie am frühen Vormittag ahnungslos war und die Täuschung übersah.",ahnungslos,2.31,10.0,75.0,75.0,optimal,nonamb,True,log -> belog (Eng: lied to),True,unaufmerksam war -> hartnäckig war,False,,True,Ahnungslosigkeit dominierte -> jede Antwort hinterfragte
203,both_male,6,100,belog,NP2-Causality,Tobias,belog,"Peter,",weil,er,in der Vorlesung,hartnäckig war,und,jede Antwort,hinterfragte,"Tobias belog Peter, weil er in der Vorlesung hartnäckig war und jede Antwort hinterfragte.",ok_prefix_keep_particle_or_punctuation,Tobias,Sabine,Peter,Jana,NP1,,,lied to,AgP,4.0,133.0,-2.45,78,NP1,log … an,anlog,0.03,5.0,,"Der Student log die Professorin an, weil sie am frühen Vormittag ahnungslos war und die Täuschung übersah.",ahnungslos,2.31,10.0,75.0,75.0,optimal,nonamb,True,log -> belog (Eng: lied to),True,unaufmerksam war -> hartnäckig war,False,,True,Ahnungslosigkeit dominierte -> jede Antwort hinterfragte
203,both_female,7,100,belog,NP2-Causality,Sabine,belog,"Jana,",weil,sie,in der Vorlesung,hartnäckig war,und,jede Antwort,hinterfragte,"Sabine belog Jana, weil sie in der Vorlesung hartnäckig war und jede Antwort hinterfragte.",ok_prefix_keep_particle_or_punctuation,Tobias,Sabine,Peter,Jana,NP1,,,lied to,AgP,4.0,133.0,-2.45,78,NP1,log … an,anlog,0.03,5.0,,"Der Student log die Professorin an, weil sie am frühen Vormittag ahnungslos war und die Täuschung übersah.",ahnungslos,2.31,10.0,75.0,75.0,optimal,nonamb,True,log -> belog (Eng: lied to),True,unaufmerksam war -> hartnäckig war,False,,True,Ahnungslosigkeit dominierte -> jede Antwort hinterfragte
203,swapped,8,100,belog,NP2-Causality,Sabine,belog,"Peter,",weil,er,in der Vorlesung,hartnäckig war,und,jede Antwort,hinterfragte,"Sabine belog Peter, weil er in der Vorlesung hartnäckig war und jede Antwort hinterfragte.",ok_prefix_keep_particle_or_punctuation,Tobias,Sabine,Peter,Jana,NP1,,,lied to,AgP,4.0,133.0,-2.45,78,NP1,log … an,anlog,0.03,5.0,,"Der Student log die Professorin an, weil sie am frühen Vormittag ahnungslos war und die Täuschung übersah.",ahnungslos,2.31,10.0,75.0,75.0,optimal,nonamb,True,log -> belog (Eng: lied to),True,unaufmerksam war -> hartnäckig war,False,,True,Ahnungslosigkeit dominierte -> jede Antwort hinterfragte
42,original,1,101,bestrafte,NP1-Causality,Klaus,bestrafte,"Laura,",weil,er,an dem Abend,konsequent war,und,die Regeln,durchsetzte,"Klaus bestrafte Laura, weil er an dem Abend konsequent war und die Regeln durchsetzte.",ok_prefix_keep_particle_or_punctuation,Klaus,Lisa,Johannes,Laura,NP2,,,penalized,AgEvo,9.0,3.0,-2.0,-77,NP2,bestrafte,bestrafte,0.47,9.0,,"Der Abt bestrafte die Nonne, weil er am späten Nachmittag sittenstreng war und die Ordnung durchsetzte.",sittenstreng,0.08,12.0,75.0,75.0,optimal,nonamb,False,,True,sittenstreng war -> konsequent war,False,,False,
42,both_male,2,101,bestrafte,NP1-Causality,Klaus,bestrafte,"Johannes,",weil,er,an dem Abend,konsequent war,und,die Regeln,durchsetzte,"Klaus bestrafte Johannes, weil er an dem Abend konsequent war und die Regeln durchsetzte.",ok_prefix_keep_particle_or_punctuation,Klaus,Lisa,Johannes,Laura,NP2,,,penalized,AgEvo,9.0,3.0,-2.0,-77,NP2,bestrafte,bestrafte,0.47,9.0,,"Der Abt bestrafte die Nonne, weil er am späten Nachmittag sittenstreng war und die Ordnung durchsetzte.",sittenstreng,0.08,12.0,75.0,75.0,optimal,nonamb,False,,True,sittenstreng war -> konsequent war,False,,False,
42,both_female,3,101,bestrafte,NP1-Causality,Lisa,bestrafte,"Laura,",weil,sie,an dem Abend,konsequent war,und,die Regeln,durchsetzte,"Lisa bestrafte Laura, weil sie an dem Abend konsequent war und die Regeln durchsetzte.",ok_prefix_keep_particle_or_punctuation,Klaus,Lisa,Johannes,Laura,NP2,,,penalized,AgEvo,9.0,3.0,-2.0,-77,NP2,bestrafte,bestrafte,0.47,9.0,,"Der Abt bestrafte die Nonne, weil er am späten Nachmittag sittenstreng war und die Ordnung durchsetzte.",sittenstreng,0.08,12.0,75.0,75.0,optimal,nonamb,False,,True,sittenstreng war -> konsequent war,False,,False,
42,swapped,4,101,bestrafte,NP1-Causality,Lisa,bestrafte,"Johannes,",weil,sie,an dem Abend,konsequent war,und,die Regeln,durchsetzte,"Lisa bestrafte Johannes, weil sie an dem Abend konsequent war und die Regeln durchsetzte.",ok_prefix_keep_particle_or_punctuation,Klaus,Lisa,Johannes,Laura,NP2,,,penalized,AgEvo,9.0,3.0,-2.0,-77,NP2,bestrafte,bestrafte,0.47,9.0,,"Der Abt bestrafte die Nonne, weil er am späten Nachmittag sittenstreng war und die Ordnung durchsetzte.",sittenstreng,0.08,12.0,75.0,75.0,optimal,nonamb,False,,True,sittenstreng war -> konsequent war,False,,False,
43,original,5,101,bestrafte,NP2-Causality,Klaus,bestrafte,"Laura,",weil,sie,an dem Abend,respektlos war,und,die Regeln,verletzte,"Klaus bestrafte Laura, weil sie an dem Abend respektlos war und die Regeln verletzte.",ok_prefix_keep_particle_or_punctuation,Klaus,Lisa,Johannes,Laura,NP2,,,penalized,AgEvo,9.0,3.0,-2.0,-77,NP2,bestrafte,bestrafte,0.47,9.0,,"Der Abt bestrafte die Nonne, weil sie am späten Nachmittag unkeusch war und die Regeln verletzte.",unkeusch,0.12,8.0,75.0,75.0,optimal,nonamb,False,,True,unkeusch war -> respektlos war,False,,False,
43,both_male,6,101,bestrafte,NP2-Causality,Klaus,bestrafte,"Johannes,",weil,er,an dem Abend,respektlos war,und,die Regeln,verletzte,"Klaus bestrafte Johannes, weil er an dem Abend respektlos war und die Regeln verletzte.",ok_prefix_keep_particle_or_punctuation,Klaus,Lisa,Johannes,Laura,NP2,,,penalized,AgEvo,9.0,3.0,-2.0,-77,NP2,bestrafte,bestrafte,0.47,9.0,,"Der Abt bestrafte die Nonne, weil sie am späten Nachmittag unkeusch war und die Regeln verletzte.",unkeusch,0.12,8.0,75.0,75.0,optimal,nonamb,False,,True,unkeusch war -> respektlos war,False,,False,
43,both_female,7,101,bestrafte,NP2-Causality,Lisa,bestrafte,"Laura,",weil,sie,an dem Abend,respektlos war,und,die Regeln,verletzte,"Lisa bestrafte Laura, weil sie an dem Abend respektlos war und die Regeln verletzte.",ok_prefix_keep_particle_or_punctuation,Klaus,Lisa,Johannes,Laura,NP2,,,penalized,AgEvo,9.0,3.0,-2.0,-77,NP2,bestrafte,bestrafte,0.47,9.0,,"Der Abt bestrafte die Nonne, weil sie am späten Nachmittag unkeusch war und die Regeln verletzte.",unkeusch,0.12,8.0,75.0,75.0,optimal,nonamb,False,,True,unkeusch war -> respektlos war,False,,False,
43,swapped,8,101,bestrafte,NP2-Causality,Lisa,bestrafte,"Johannes,",weil,er,an dem Abend,respektlos war,und,die Regeln,verletzte,"Lisa bestrafte Johannes, weil er an dem Abend respektlos war und die Regeln verletzte.",ok_prefix_keep_particle_or_punctuation,Klaus,Lisa,Johannes,Laura,NP2,,,penalized,AgEvo,9.0,3.0,-2.0,-77,NP2,bestrafte,bestrafte,0.47,9.0,,"Der Abt bestrafte die Nonne, weil sie am späten Nachmittag unkeusch war und die Regeln verletzte.",unkeusch,0.12,8.0,75.0,75.0,optimal,nonamb,False,,True,unkeusch war -> respektlos war,False,,False,
80,original,1,102,traf,NP1-Causality,Michael,traf,"Daniela,",weil,er,bei den Partien,kontaktfreudig war,und,einen Tanzpartner,suchte,"Michael traf Daniela, weil er bei den Partien kontaktfreudig war und einen Tanzpartner suchte.",ok_contains_exact_np,Michael,Maria,Wolfgang,Daniela,neutral,,,played with,AgP,6.0,0.0,1.27,-13,neutral,spielte,spielte,25.51,7.0,,"Der Schachspieler spielte mit der Gegnerin, weil er von Anfang an überrascht war und die Züge analysierte.",überrascht,21.94,10.0,81.25,81.25,optimal,nonamb,True,spielte -> traf (Eng: played with),True,überrascht wurde -> kontaktfreudig war,False,,True,die Züge analysierte -> einen Tanzpartner suchte
80,both_male,2,102,traf,NP1-Causality,Michael,traf,"Wolfgang,",weil,er,bei den Partien,kontaktfreudig war,und,einen Tanzpartner,suchte,"Michael traf Wolfgang, weil er bei den Partien kontaktfreudig war und einen Tanzpartner suchte.",ok_contains_exact_np,Michael,Maria,Wolfgang,Daniela,neutral,,,played with,AgP,6.0,0.0,1.27,-13,neutral,spielte,spielte,25.51,7.0,,"Der Schachspieler spielte mit der Gegnerin, weil er von Anfang an überrascht war und die Züge analysierte.",überrascht,21.94,10.0,81.25,81.25,optimal,nonamb,True,spielte -> traf (Eng: played with),True,überrascht wurde -> kontaktfreudig war,False,,True,die Züge analysierte -> einen Tanzpartner suchte
80,both_female,3,102,traf,NP1-Causality,Maria,traf,"Daniela,",weil,sie,bei den Partien,kontaktfreudig war,und,einen Tanzpartner,suchte,"Maria traf Daniela, weil sie bei den Partien kontaktfreudig war und einen Tanzpartner suchte.",ok_contains_exact_np,Michael,Maria,Wolfgang,Daniela,neutral,,,played with,AgP,6.0,0.0,1.27,-13,neutral,spielte,spielte,25.51,7.0,,"Der Schachspieler spielte mit der Gegnerin, weil er von Anfang an überrascht war und die Züge analysierte.",überrascht,21.94,10.0,81.25,81.25,optimal,nonamb,True,spielte -> traf (Eng: played with),True,überrascht wurde -> kontaktfreudig war,False,,True,die Züge analysierte -> einen Tanzpartner suchte
80,swapped,4,102,traf,NP1-Causality,Maria,traf,"Wolfgang,",weil,sie,bei den Partien,kontaktfreudig war,und,einen Tanzpartner,suchte,"Maria traf Wolfgang, weil sie bei den Partien kontaktfreudig war und einen Tanzpartner suchte.",ok_contains_exact_np,Michael,Maria,Wolfgang,Daniela,neutral,,,played with,AgP,6.0,0.0,1.27,-13,neutral,spielte,spielte,25.51,7.0,,"Der Schachspieler spielte mit der Gegnerin, weil er von Anfang an überrascht war und die Züge analysierte.",überrascht,21.94,10.0,81.25,81.25,optimal,nonamb,True,spielte -> traf (Eng: played with),True,überrascht wurde -> kontaktfreudig war,False,,True,die Züge analysierte -> einen Tanzpartner suchte
81,original,5,102,traf,NP2-Causality,Michael,traf,"Daniela,",weil,sie,bei den Partien,geselligkeitsbedürftig war,und,einen Tanzpartner,brauchte,"Michael traf Daniela, weil sie bei den Partien geselligkeitsbedürftig war und einen Tanzpartner brauchte.",ok_contains_exact_np,Michael,Maria,Wolfgang,Daniela,neutral,,,played with,AgP,6.0,0.0,1.27,-13,neutral,spielte,spielte,25.51,7.0,,"Der Schachspieler spielte mit der Gegnerin, weil sie von Anfang an bemerkenswert war und die Strategie prägte.",bemerkenswert,18.77,13.0,81.25,81.25,optimal,nonamb,True,spielte -> traf (Eng: played with),True,durchdacht spielte -> geselligkeitsbedürftig war,False,,True,die Strategie prägte -> einen Tanzpartner brauchte
81,both_male,6,102,traf,NP2-Causality,Michael,traf,"Wolfgang,",weil,er,bei den Partien,geselligkeitsbedürftig war,und,einen Tanzpartner,brauchte,"Michael traf Wolfgang, weil er bei den Partien geselligkeitsbedürftig war und einen Tanzpartner brauchte.",ok_contains_exact_np,Michael,Maria,Wolfgang,Daniela,neutral,,,played with,AgP,6.0,0.0,1.27,-13,neutral,spielte,spielte,25.51,7.0,,"Der Schachspieler spielte mit der Gegnerin, weil sie von Anfang an bemerkenswert war und die Strategie prägte.",bemerkenswert,18.77,13.0,81.25,81.25,optimal,nonamb,True,spielte -> traf (Eng: played with),True,durchdacht spielte -> geselligkeitsbedürftig war,False,,True,die Strategie prägte -> einen Tanzpartner brauchte
81,both_female,7,102,traf,NP2-Causality,Maria,traf,"Daniela,",weil,sie,bei den Partien,geselligkeitsbedürftig war,und,einen Tanzpartner,brauchte,"Maria traf Daniela, weil sie bei den Partien geselligkeitsbedürftig war und einen Tanzpartner brauchte.",ok_contains_exact_np,Michael,Maria,Wolfgang,Daniela,neutral,,,played with,AgP,6.0,0.0,1.27,-13,neutral,spielte,spielte,25.51,7.0,,"Der Schachspieler spielte mit der Gegnerin, weil sie von Anfang an bemerkenswert war und die Strategie prägte.",bemerkenswert,18.77,13.0,81.25,81.25,optimal,nonamb,True,spielte -> traf (Eng: played with),True,durchdacht spielte -> geselligkeitsbedürftig war,False,,True,die Strategie prägte -> einen Tanzpartner brauchte
81,swapped,8,102,traf,NP2-Causality,Maria,traf,"Wolfgang,",weil,er,bei den Partien,geselligkeitsbedürftig war,und,einen Tanzpartner,brauchte,"Maria traf Wolfgang, weil er bei den Partien geselligkeitsbedürftig war und einen Tanzpartner brauchte.",ok_contains_exact_np,Michael,Maria,Wolfgang,Daniela,neutral,,,played with,AgP,6.0,0.0,1.27,-13,neutral,spielte,spielte,25.51,7.0,,"Der Schachspieler spielte mit der Gegnerin, weil sie von Anfang an bemerkenswert war und die Strategie prägte.",bemerkenswert,18.77,13.0,81.25,81.25,optimal,nonamb,True,spielte -> traf (Eng: played with),True,durchdacht spielte -> geselligkeitsbedürftig war,False,,True,die Strategie prägte -> einen Tanzpartner brauchte
160,original,1,103,verunsicherte,NP1-Causality,Jürgen,verunsicherte,"Birgit,",weil,er,seit langer Zeit,einschüchternd war,und,die Regeln,änderte,"Jürgen verunsicherte Birgit, weil er seit langer Zeit einschüchternd war und die Regeln änderte.",ok_prefix_keep_particle_or_punctuation,Jürgen,Petra,Hans,Birgit,NP1,,,unnerved,StimExp,8.0,14.0,-0.82,70,NP1,zermürbte,zermürbte,0.05,9.0,,"Der Aufseher zermürbte die Gefangene, weil er seit langer Zeit  peinigend war und die Angst schürte.",peinigend,0.15,9.0,18.75,18.75,suboptimal,nonamb,True,zermürbte -> verunsicherte (Eng: unnerved),True,peinigend war -> einschüchternd war,False,,True,Angst schürte -> die Regeln änderte
160,both_male,2,103,verunsicherte,NP1-Causality,Jürgen,verunsicherte,"Hans,",weil,er,seit langer Zeit,einschüchternd war,und,die Regeln,änderte,"Jürgen verunsicherte Hans, weil er seit langer Zeit einschüchternd war und die Regeln änderte.",ok_prefix_keep_particle_or_punctuation,Jürgen,Petra,Hans,Birgit,NP1,,,unnerved,StimExp,8.0,14.0,-0.82,70,NP1,zermürbte,zermürbte,0.05,9.0,,"Der Aufseher zermürbte die Gefangene, weil er seit langer Zeit  peinigend war und die Angst schürte.",peinigend,0.15,9.0,18.75,18.75,suboptimal,nonamb,True,zermürbte -> verunsicherte (Eng: unnerved),True,peinigend war -> einschüchternd war,False,,True,Angst schürte -> die Regeln änderte
160,both_female,3,103,verunsicherte,NP1-Causality,Petra,verunsicherte,"Birgit,",weil,sie,seit langer Zeit,einschüchternd war,und,die Regeln,änderte,"Petra verunsicherte Birgit, weil sie seit langer Zeit einschüchternd war und die Regeln änderte.",ok_prefix_keep_particle_or_punctuation,Jürgen,Petra,Hans,Birgit,NP1,,,unnerved,StimExp,8.0,14.0,-0.82,70,NP1,zermürbte,zermürbte,0.05,9.0,,"Der Aufseher zermürbte die Gefangene, weil er seit langer Zeit  peinigend war und die Angst schürte.",peinigend,0.15,9.0,18.75,18.75,suboptimal,nonamb,True,zermürbte -> verunsicherte (Eng: unnerved),True,peinigend war -> einschüchternd war,False,,True,Angst schürte -> die Regeln änderte
160,swapped,4,103,verunsicherte,NP1-Causality,Petra,verunsicherte,"Hans,",weil,sie,seit langer Zeit,einschüchternd war,und,die Regeln,änderte,"Petra verunsicherte Hans, weil sie seit langer Zeit einschüchternd war und die Regeln änderte.",ok_prefix_keep_particle_or_punctuation,Jürgen,Petra,Hans,Birgit,NP1,,,unnerved,StimExp,8.0,14.0,-0.82,70,NP1,zermürbte,zermürbte,0.05,9.0,,"Der Aufseher zermürbte die Gefangene, weil er seit langer Zeit  peinigend war und die Angst schürte.",peinigend,0.15,9.0,18.75,18.75,suboptimal,nonamb,True,zermürbte -> verunsicherte (Eng: unnerved),True,peinigend war -> einschüchternd war,False,,True,Angst schürte -> die Regeln änderte
161,original,5,103,verunsicherte,NP2-Causality,Jürgen,verunsicherte,"Birgit,",weil,sie,seit langer Zeit,eingeschüchtert war,und,jede Antwort,vergaß,"Jürgen verunsicherte Birgit, weil sie seit langer Zeit eingeschüchtert war und jede Antwort vergaß.",ok_prefix_keep_particle_or_punctuation,Jürgen,Petra,Hans,Birgit,NP1,,,unnerved,StimExp,8.0,14.0,-0.82,70,NP1,zermürbte,zermürbte,0.05,9.0,,"Der Aufseher zermürbte die Gefangene, weil sie seit langer Zeit geschwächt war und den Mut verlor.",geschwächt,6.81,10.0,18.75,18.75,suboptimal,nonamb,True,zermürbte -> verunsicherte (Eng: unnerved),True,kränklich war -> eingeschüchtert war,False,,True,den Mut verlor -> jede Antwort vergaß
161,both_male,6,103,verunsicherte,NP2-Causality,Jürgen,verunsicherte,"Hans,",weil,er,seit langer Zeit,eingeschüchtert war,und,jede Antwort,vergaß,"Jürgen verunsicherte Hans, weil er seit langer Zeit eingeschüchtert war und jede Antwort vergaß.",ok_prefix_keep_particle_or_punctuation,Jürgen,Petra,Hans,Birgit,NP1,,,unnerved,StimExp,8.0,14.0,-0.82,70,NP1,zermürbte,zermürbte,0.05,9.0,,"Der Aufseher zermürbte die Gefangene, weil sie seit langer Zeit geschwächt war und den Mut verlor.",geschwächt,6.81,10.0,18.75,18.75,suboptimal,nonamb,True,zermürbte -> verunsicherte (Eng: unnerved),True,kränklich war -> eingeschüchtert war,False,,True,den Mut verlor -> jede Antwort vergaß
161,both_female,7,103,verunsicherte,NP2-Causality,Petra,verunsicherte,"Birgit,",weil,sie,seit langer Zeit,eingeschüchtert war,und,jede Antwort,vergaß,"Petra verunsicherte Birgit, weil sie seit langer Zeit eingeschüchtert war und jede Antwort vergaß.",ok_prefix_keep_particle_or_punctuation,Jürgen,Petra,Hans,Birgit,NP1,,,unnerved,StimExp,8.0,14.0,-0.82,70,NP1,zermürbte,zermürbte,0.05,9.0,,"Der Aufseher zermürbte die Gefangene, weil sie seit langer Zeit geschwächt war und den Mut verlor.",geschwächt,6.81,10.0,18.75,18.75,suboptimal,nonamb,True,zermürbte -> verunsicherte (Eng: unnerved),True,kränklich war -> eingeschüchtert war,False,,True,den Mut verlor -> jede Antwort vergaß
161,swapped,8,103,verunsicherte,NP2-Causality,Petra,verunsicherte,"Hans,",weil,er,seit langer Zeit,eingeschüchtert war,und,jede Antwort,vergaß,"Petra verunsicherte Hans, weil er seit langer Zeit eingeschüchtert war und jede Antwort vergaß.",ok_prefix_keep_particle_or_punctuation,Jürgen,Petra,Hans,Birgit,NP1,,,unnerved,StimExp,8.0,14.0,-0.82,70,NP1,zermürbte,zermürbte,0.05,9.0,,"Der Aufseher zermürbte die Gefangene, weil sie seit langer Zeit geschwächt war und den Mut verlor.",geschwächt,6.81,10.0,18.75,18.75,suboptimal,nonamb,True,zermürbte -> verunsicherte (Eng: unnerved),True,kränklich war -> eingeschüchtert war,False,,True,den Mut verlor -> jede Antwort vergaß
68,original,1,104,versohlte,NP1-Causality,David,versohlte,"Katharina,",weil,er,zu jeder Zeit,impulsiv war,und,die Beherrschung,verlor,"David versohlte Katharina, weil er zu jeder Zeit impulsiv war und die Beherrschung verlor.",ok_prefix_keep_particle_or_punctuation,David,Nicole,Thomas,Katharina,NP2,,,spanked,AgP,7.0,6.0,-1.64,-72,NP2,versohlte,versohlte,0.01,9.0,,"Der Jugendbetreuer versohlte das Mädchen, weil er in dem Moment überlegen war und die Autorität nutzte.",überlegen,40.21,9.0,31.25,31.25,suboptimal,nonamb,False,,True,autoritär war -> impulsiv war,True,immer wieder -> zu jeder Zeit,True,Macht ausnutzte -> die Beherrschung verlor
68,both_male,2,104,versohlte,NP1-Causality,David,versohlte,"Thomas,",weil,er,zu jeder Zeit,impulsiv war,und,die Beherrschung,verlor,"David versohlte Thomas, weil er zu jeder Zeit impulsiv war und die Beherrschung verlor.",ok_prefix_keep_particle_or_punctuation,David,Nicole,Thomas,Katharina,NP2,,,spanked,AgP,7.0,6.0,-1.64,-72,NP2,versohlte,versohlte,0.01,9.0,,"Der Jugendbetreuer versohlte das Mädchen, weil er in dem Moment überlegen war und die Autorität nutzte.",überlegen,40.21,9.0,31.25,31.25,suboptimal,nonamb,False,,True,autoritär war -> impulsiv war,True,immer wieder -> zu jeder Zeit,True,Macht ausnutzte -> die Beherrschung verlor
68,both_female,3,104,versohlte,NP1-Causality,Nicole,versohlte,"Katharina,",weil,sie,zu jeder Zeit,impulsiv war,und,die Beherrschung,verlor,"Nicole versohlte Katharina, weil sie zu jeder Zeit impulsiv war und die Beherrschung verlor.",ok_prefix_keep_particle_or_punctuation,David,Nicole,Thomas,Katharina,NP2,,,spanked,AgP,7.0,6.0,-1.64,-72,NP2,versohlte,versohlte,0.01,9.0,,"Der Jugendbetreuer versohlte das Mädchen, weil er in dem Moment überlegen war und die Autorität nutzte.",überlegen,40.21,9.0,31.25,31.25,suboptimal,nonamb,False,,True,autoritär war -> impulsiv war,True,immer wieder -> zu jeder Zeit,True,Macht ausnutzte -> die Beherrschung verlor
68,swapped,4,104,versohlte,NP1-Causality,Nicole,versohlte,"Thomas,",weil,sie,zu jeder Zeit,impulsiv war,und,die Beherrschung,verlor,"Nicole versohlte Thomas, weil sie zu jeder Zeit impulsiv war und die Beherrschung verlor.",ok_prefix_keep_particle_or_punctuation,David,Nicole,Thomas,Katharina,NP2,,,spanked,AgP,7.0,6.0,-1.64,-72,NP2,versohlte,versohlte,0.01,9.0,,"Der Jugendbetreuer versohlte das Mädchen, weil er in dem Moment überlegen war und die Autorität nutzte.",überlegen,40.21,9.0,31.25,31.25,suboptimal,nonamb,False,,True,autoritär war -> impulsiv war,True,immer wieder -> zu jeder Zeit,True,Macht ausnutzte -> die Beherrschung verlor
69,original,5,104,versohlte,NP2-Causality,David,versohlte,"Katharina,",weil,sie,zu jeder Zeit,respektlos war,und,die Regeln,missachtete,"David versohlte Katharina, weil sie zu jeder Zeit respektlos war und die Regeln missachtete.",ok_prefix_keep_particle_or_punctuation,David,Nicole,Thomas,Katharina,NP2,,,spanked,AgP,7.0,6.0,-1.64,-72,NP2,versohlte,versohlte,0.01,9.0,,"Der Jugendbetreuer versohlte das Mädchen, weil sie in dem Moment ungezogen war und die Regel missachtete.",ungezogen,0.32,9.0,31.25,31.25,suboptimal,nonamb,False,,True,ungezogen war -> respektlos war,True,immer wieder -> zu jeder Zeit,False,
69,both_male,6,104,versohlte,NP2-Causality,David,versohlte,"Thomas,",weil,er,zu jeder Zeit,respektlos war,und,die Regeln,missachtete,"David versohlte Thomas, weil er zu jeder Zeit respektlos war und die Regeln missachtete.",ok_prefix_keep_particle_or_punctuation,David,Nicole,Thomas,Katharina,NP2,,,spanked,AgP,7.0,6.0,-1.64,-72,NP2,versohlte,versohlte,0.01,9.0,,"Der Jugendbetreuer versohlte das Mädchen, weil sie in dem Moment ungezogen war und die Regel missachtete.",ungezogen,0.32,9.0,31.25,31.25,suboptimal,nonamb,False,,True,ungezogen war -> respektlos war,True,immer wieder -> zu jeder Zeit,False,
69,both_female,7,104,versohlte,NP2-Causality,Nicole,versohlte,"Katharina,",weil,sie,zu jeder Zeit,respektlos war,und,die Regeln,missachtete,"Nicole versohlte Katharina, weil sie zu jeder Zeit respektlos war und die Regeln missachtete.",ok_prefix_keep_particle_or_punctuation,David,Nicole,Thomas,Katharina,NP2,,,spanked,AgP,7.0,6.0,-1.64,-72,NP2,versohlte,versohlte,0.01,9.0,,"Der Jugendbetreuer versohlte das Mädchen, weil sie in dem Moment ungezogen war und die Regel missachtete.",ungezogen,0.32,9.0,31.25,31.25,suboptimal,nonamb,False,,True,ungezogen war -> respektlos war,True,immer wieder -> zu jeder Zeit,False,
69,swapped,8,104,versohlte,NP2-Causality,Nicole,versohlte,"Thomas,",weil,er,zu jeder Zeit,respektlos war,und,die Regeln,missachtete,"Nicole versohlte Thomas, weil er zu jeder Zeit respektlos war und die Regeln missachtete.",ok_prefix_keep_particle_or_punctuation,David,Nicole,Thomas,Katharina,NP2,,,spanked,AgP,7.0,6.0,-1.64,-72,NP2,versohlte,versohlte,0.01,9.0,,"Der Jugendbetreuer versohlte das Mädchen, weil sie in dem Moment ungezogen war und die Regel missachtete.",ungezogen,0.32,9.0,31.25,31.25,suboptimal,nonamb,False,,True,ungezogen war -> respektlos war,True,immer wieder -> zu jeder Zeit,False,
94,original,1,105,rammte,NP1-Causality,Alexander,rammte,"Anna,",weil,er,in dem Moment,angespannt war,und,den Wurf,verpatzte,"Alexander rammte Anna, weil er in dem Moment angespannt war und den Wurf verpatzte.",ok_prefix_keep_particle_or_punctuation,Alexander,Renate,Philipp,Anna,neutral,,,struck,AgP,6.0,202.0,-1.45,-8,neutral,traf,traf,22.69,4.0,,"Der Rugbyspieler traf die Schiedsrichterin, weil er in dem Moment weggedrängt war und die Balance verlor.",weggedrängt,0.04,11.0,37.5,37.5,suboptimal,nonamb,True,traf -> rammte (Eng: struck),False,,False,,True,das Gleichgewicht verlor -> den Wurf verpatzte
94,both_male,2,105,rammte,NP1-Causality,Alexander,rammte,"Philipp,",weil,er,in dem Moment,angespannt war,und,den Wurf,verpatzte,"Alexander rammte Philipp, weil er in dem Moment angespannt war und den Wurf verpatzte.",ok_prefix_keep_particle_or_punctuation,Alexander,Renate,Philipp,Anna,neutral,,,struck,AgP,6.0,202.0,-1.45,-8,neutral,traf,traf,22.69,4.0,,"Der Rugbyspieler traf die Schiedsrichterin, weil er in dem Moment weggedrängt war und die Balance verlor.",weggedrängt,0.04,11.0,37.5,37.5,suboptimal,nonamb,True,traf -> rammte (Eng: struck),False,,False,,True,das Gleichgewicht verlor -> den Wurf verpatzte
94,both_female,3,105,rammte,NP1-Causality,Renate,rammte,"Anna,",weil,sie,in dem Moment,angespannt war,und,den Wurf,verpatzte,"Renate rammte Anna, weil sie in dem Moment angespannt war und den Wurf verpatzte.",ok_prefix_keep_particle_or_punctuation,Alexander,Renate,Philipp,Anna,neutral,,,struck,AgP,6.0,202.0,-1.45,-8,neutral,traf,traf,22.69,4.0,,"Der Rugbyspieler traf die Schiedsrichterin, weil er in dem Moment weggedrängt war und die Balance verlor.",weggedrängt,0.04,11.0,37.5,37.5,suboptimal,nonamb,True,traf -> rammte (Eng: struck),False,,False,,True,das Gleichgewicht verlor -> den Wurf verpatzte
94,swapped,4,105,rammte,NP1-Causality,Renate,rammte,"Philipp,",weil,sie,in dem Moment,angespannt war,und,den Wurf,verpatzte,"Renate rammte Philipp, weil sie in dem Moment angespannt war und den Wurf verpatzte.",ok_prefix_keep_particle_or_punctuation,Alexander,Renate,Philipp,Anna,neutral,,,struck,AgP,6.0,202.0,-1.45,-8,neutral,traf,traf,22.69,4.0,,"Der Rugbyspieler traf die Schiedsrichterin, weil er in dem Moment weggedrängt war und die Balance verlor.",weggedrängt,0.04,11.0,37.5,37.5,suboptimal,nonamb,True,traf -> rammte (Eng: struck),False,,False,,True,das Gleichgewicht verlor -> den Wurf verpatzte
95,original,5,105,rammte,NP2-Causality,Alexander,rammte,"Anna,",weil,sie,in dem Moment,abgelenkt war,und,eine Nachricht,tippte,"Alexander rammte Anna, weil sie in dem Moment abgelenkt war und eine Nachricht tippte.",ok_prefix_keep_particle_or_punctuation,Alexander,Renate,Philipp,Anna,neutral,,,struck,AgP,6.0,202.0,-1.45,-8,neutral,traf,traf,22.69,4.0,,"Der Rugbyspieler traf die Schiedsrichterin, weil sie in dem Moment hinderlich war und die Kollision passierte.",im Weg,18.89,5.0,37.5,37.5,suboptimal,nonamb,True,traf -> rammte (Eng: struck),False,,False,,True,den Wurf übersah -> eine Nachricht tippte
95,both_male,6,105,rammte,NP2-Causality,Alexander,rammte,"Philipp,",weil,er,in dem Moment,abgelenkt war,und,eine Nachricht,tippte,"Alexander rammte Philipp, weil er in dem Moment abgelenkt war und eine Nachricht tippte.",ok_prefix_keep_particle_or_punctuation,Alexander,Renate,Philipp,Anna,neutral,,,struck,AgP,6.0,202.0,-1.45,-8,neutral,traf,traf,22.69,4.0,,"Der Rugbyspieler traf die Schiedsrichterin, weil sie in dem Moment hinderlich war und die Kollision passierte.",im Weg,18.89,5.0,37.5,37.5,suboptimal,nonamb,True,traf -> rammte (Eng: struck),False,,False,,True,den Wurf übersah -> eine Nachricht tippte
95,both_female,7,105,rammte,NP2-Causality,Renate,rammte,"Anna,",weil,sie,in dem Moment,abgelenkt war,und,eine Nachricht,tippte,"Renate rammte Anna, weil sie in dem Moment abgelenkt war und eine Nachricht tippte.",ok_prefix_keep_particle_or_punctuation,Alexander,Renate,Philipp,Anna,neutral,,,struck,AgP,6.0,202.0,-1.45,-8,neutral,traf,traf,22.69,4.0,,"Der Rugbyspieler traf die Schiedsrichterin, weil sie in dem Moment hinderlich war und die Kollision passierte.",im Weg,18.89,5.0,37.5,37.5,suboptimal,nonamb,True,traf -> rammte (Eng: struck),False,,False,,True,den Wurf übersah -> eine Nachricht tippte
95,swapped,8,105,rammte,NP2-Causality,Renate,rammte,"Philipp,",weil,er,in dem Moment,abgelenkt war,und,eine Nachricht,tippte,"Renate rammte Philipp, weil er in dem Moment abgelenkt war und eine Nachricht tippte.",ok_prefix_keep_particle_or_punctuation,Alexander,Renate,Philipp,Anna,neutral,,,struck,AgP,6.0,202.0,-1.45,-8,neutral,traf,traf,22.69,4.0,,"Der Rugbyspieler traf die Schiedsrichterin, weil sie in dem Moment hinderlich war und die Kollision passierte.",im Weg,18.89,5.0,37.5,37.5,suboptimal,nonamb,True,traf -> rammte (Eng: struck),False,,False,,True,den Wurf übersah -> eine Nachricht tippte
232,original,1,106,entschädigte,NP1-Causality,Andreas,entschädigte,"Eva,",weil,er,in dem Moment,schuldig war,und,den Schaden,verursachte,"Andreas entschädigte Eva, weil er in dem Moment schuldig war und den Schaden verursachte.",ok_article_noun_match_keep_context_der,Andreas,Barbara,Florian,Eva,NP1,,,apologized to,AgEvo,10.0,57.0,0.0,93,NP1,entschuldigte sich bei,entschuldigte,1.24,13.0,,"Der Chef entschuldigte sich bei der Mitarbeiterin, weil er von Anfang an schuldbewusst war und die Reue zeigte.",schuldbewusst,0.12,13.0,37.5,37.5,suboptimal,nonamb,True,entschuldigte sich -> entschädigte (Eng: apologized to),True,schuldbewusst war -> schuldig war,False,,True,Reue empfand -> den Schaden verursachte
232,both_male,2,106,entschädigte,NP1-Causality,Andreas,entschädigte,"Florian,",weil,er,in dem Moment,schuldig war,und,den Schaden,verursachte,"Andreas entschädigte Florian, weil er in dem Moment schuldig war und den Schaden verursachte.",ok_article_noun_match_keep_context_der,Andreas,Barbara,Florian,Eva,NP1,,,apologized to,AgEvo,10.0,57.0,0.0,93,NP1,entschuldigte sich bei,entschuldigte,1.24,13.0,,"Der Chef entschuldigte sich bei der Mitarbeiterin, weil er von Anfang an schuldbewusst war und die Reue zeigte.",schuldbewusst,0.12,13.0,37.5,37.5,suboptimal,nonamb,True,entschuldigte sich -> entschädigte (Eng: apologized to),True,schuldbewusst war -> schuldig war,False,,True,Reue empfand -> den Schaden verursachte
232,both_female,3,106,entschädigte,NP1-Causality,Barbara,entschädigte,"Eva,",weil,sie,in dem Moment,schuldig war,und,den Schaden,verursachte,"Barbara entschädigte Eva, weil sie in dem Moment schuldig war und den Schaden verursachte.",ok_article_noun_match_keep_context_der,Andreas,Barbara,Florian,Eva,NP1,,,apologized to,AgEvo,10.0,57.0,0.0,93,NP1,entschuldigte sich bei,entschuldigte,1.24,13.0,,"Der Chef entschuldigte sich bei der Mitarbeiterin, weil er von Anfang an schuldbewusst war und die Reue zeigte.",schuldbewusst,0.12,13.0,37.5,37.5,suboptimal,nonamb,True,entschuldigte sich -> entschädigte (Eng: apologized to),True,schuldbewusst war -> schuldig war,False,,True,Reue empfand -> den Schaden verursachte
232,swapped,4,106,entschädigte,NP1-Causality,Barbara,entschädigte,"Florian,",weil,sie,in dem Moment,schuldig war,und,den Schaden,verursachte,"Barbara entschädigte Florian, weil sie in dem Moment schuldig war und den Schaden verursachte.",ok_article_noun_match_keep_context_der,Andreas,Barbara,Florian,Eva,NP1,,,apologized to,AgEvo,10.0,57.0,0.0,93,NP1,entschuldigte sich bei,entschuldigte,1.24,13.0,,"Der Chef entschuldigte sich bei der Mitarbeiterin, weil er von Anfang an schuldbewusst war und die Reue zeigte.",schuldbewusst,0.12,13.0,37.5,37.5,suboptimal,nonamb,True,entschuldigte sich -> entschädigte (Eng: apologized to),True,schuldbewusst war -> schuldig war,False,,True,Reue empfand -> den Schaden verursachte
233,original,5,106,entschädigte,NP2-Causality,Andreas,entschädigte,"Eva,",weil,sie,in dem Moment,benachteiligt war,und,einen Verlust,erlitt,"Andreas entschädigte Eva, weil sie in dem Moment benachteiligt war und einen Verlust erlitt.",ok_article_noun_match_keep_context_der,Andreas,Barbara,Florian,Eva,NP1,,,apologized to,AgEvo,10.0,57.0,0.0,93,NP1,entschuldigte sich bei,entschuldigte,1.24,13.0,,"Der Chef entschuldigte sich bei der Mitarbeiterin, weil sie von Anfang an verletzt war und das Zittern spürte.",verletzt,50.64,8.0,37.5,37.5,suboptimal,nonamb,True,entschuldigte sich -> entschädigte (Eng: apologized to),True,verletzt war -> benachteiligt war,False,,True,Kränkung zeigte -> einen Verlust erlitt
233,both_male,6,106,entschädigte,NP2-Causality,Andreas,entschädigte,"Florian,",weil,er,in dem Moment,benachteiligt war,und,einen Verlust,erlitt,"Andreas entschädigte Florian, weil er in dem Moment benachteiligt war und einen Verlust erlitt.",ok_article_noun_match_keep_context_der,Andreas,Barbara,Florian,Eva,NP1,,,apologized to,AgEvo,10.0,57.0,0.0,93,NP1,entschuldigte sich bei,entschuldigte,1.24,13.0,,"Der Chef entschuldigte sich bei der Mitarbeiterin, weil sie von Anfang an verletzt war und das Zittern spürte.",verletzt,50.64,8.0,37.5,37.5,suboptimal,nonamb,True,entschuldigte sich -> entschädigte (Eng: apologized to),True,verletzt war -> benachteiligt war,False,,True,Kränkung zeigte -> einen Verlust erlitt
233,both_female,7,106,entschädigte,NP2-Causality,Barbara,entschädigte,"Eva,",weil,sie,in dem Moment,benachteiligt war,und,einen Verlust,erlitt,"Barbara entschädigte Eva, weil sie in dem Moment benachteiligt war und einen Verlust erlitt.",ok_article_noun_match_keep_context_der,Andreas,Barbara,Florian,Eva,NP1,,,apologized to,AgEvo,10.0,57.0,0.0,93,NP1,entschuldigte sich bei,entschuldigte,1.24,13.0,,"Der Chef entschuldigte sich bei der Mitarbeiterin, weil sie von Anfang an verletzt war und das Zittern spürte.",verletzt,50.64,8.0,37.5,37.5,suboptimal,nonamb,True,entschuldigte sich -> entschädigte (Eng: apologized to),True,verletzt war -> benachteiligt war,False,,True,Kränkung zeigte -> einen Verlust erlitt
233,swapped,8,106,entschädigte,NP2-Causality,Barbara,entschädigte,"Florian,",weil,er,in dem Moment,benachteiligt war,und,einen Verlust,erlitt,"Barbara entschädigte Florian, weil er in dem Moment benachteiligt war und einen Verlust erlitt.",ok_article_noun_match_keep_context_der,Andreas,Barbara,Florian,Eva,NP1,,,apologized to,AgEvo,10.0,57.0,0.0,93,NP1,entschuldigte sich bei,entschuldigte,1.24,13.0,,"Der Chef entschuldigte sich bei der Mitarbeiterin, weil sie von Anfang an verletzt war und das Zittern spürte.",verletzt,50.64,8.0,37.5,37.5,suboptimal,nonamb,True,entschuldigte sich -> entschädigte (Eng: apologized to),True,verletzt war -> benachteiligt war,False,,True,Kränkung zeigte -> einen Verlust erlitt
14,original,1,107,trug,NP1-Causality,Sebastian,trug,"Lena,",weil,er,an den Nachmittagen,fit war,und,die Kraft,hatte,"Sebastian trug Lena, weil er an den Nachmittagen fit war und die Kraft hatte.",ok_prefix_keep_particle_or_punctuation,Sebastian,Susanne,Christian,Lena,NP2,,,carried,AgP,7.0,0.0,0.09,-92,NP2,trug,trug,22.4,4.0,,"Der Sohn trug die Mutter, weil er am späten Abend kräftig war und den Weg weiterging.",kräftig,31.54,7.0,68.75,68.75,optimal,nonamb,False,,True,energetisch war -> fit war,True,nachmittags -> an den Nachmittagen,True,die Zeit drängte -> die Kraft hatte
14,both_male,2,107,trug,NP1-Causality,Sebastian,trug,"Christian,",weil,er,an den Nachmittagen,fit war,und,die Kraft,hatte,"Sebastian trug Christian, weil er an den Nachmittagen fit war und die Kraft hatte.",ok_prefix_keep_particle_or_punctuation,Sebastian,Susanne,Christian,Lena,NP2,,,carried,AgP,7.0,0.0,0.09,-92,NP2,trug,trug,22.4,4.0,,"Der Sohn trug die Mutter, weil er am späten Abend kräftig war und den Weg weiterging.",kräftig,31.54,7.0,68.75,68.75,optimal,nonamb,False,,True,energetisch war -> fit war,True,nachmittags -> an den Nachmittagen,True,die Zeit drängte -> die Kraft hatte
14,both_female,3,107,trug,NP1-Causality,Susanne,trug,"Lena,",weil,sie,an den Nachmittagen,fit war,und,die Kraft,hatte,"Susanne trug Lena, weil sie an den Nachmittagen fit war und die Kraft hatte.",ok_prefix_keep_particle_or_punctuation,Sebastian,Susanne,Christian,Lena,NP2,,,carried,AgP,7.0,0.0,0.09,-92,NP2,trug,trug,22.4,4.0,,"Der Sohn trug die Mutter, weil er am späten Abend kräftig war und den Weg weiterging.",kräftig,31.54,7.0,68.75,68.75,optimal,nonamb,False,,True,energetisch war -> fit war,True,nachmittags -> an den Nachmittagen,True,die Zeit drängte -> die Kraft hatte
14,swapped,4,107,trug,NP1-Causality,Susanne,trug,"Christian,",weil,sie,an den Nachmittagen,fit war,und,die Kraft,hatte,"Susanne trug Christian, weil sie an den Nachmittagen fit war und die Kraft hatte.",ok_prefix_keep_particle_or_punctuation,Sebastian,Susanne,Christian,Lena,NP2,,,carried,AgP,7.0,0.0,0.09,-92,NP2,trug,trug,22.4,4.0,,"Der Sohn trug die Mutter, weil er am späten Abend kräftig war und den Weg weiterging.",kräftig,31.54,7.0,68.75,68.75,optimal,nonamb,False,,True,energetisch war -> fit war,True,nachmittags -> an den Nachmittagen,True,die Zeit drängte -> die Kraft hatte
15,original,5,107,trug,NP2-Causality,Sebastian,trug,"Lena,",weil,sie,an den Nachmittagen,erschöpft war,und,die Stabilität,verlor,"Sebastian trug Lena, weil sie an den Nachmittagen erschöpft war und die Stabilität verlor.",ok_prefix_keep_particle_or_punctuation,Sebastian,Susanne,Christian,Lena,NP2,,,carried,AgP,7.0,0.0,0.09,-92,NP2,trug,trug,22.4,4.0,,"Der Sohn trug die Mutter, weil sie am späten Abend erschöpft war und das Seufzen ausstieß.",erschöpft,10.12,9.0,68.75,68.75,optimal,nonamb,False,,False,,True,nachmittags -> an den Nachmittagen,True,die Unterstützung brauchte -> die Stabilität verlor
15,both_male,6,107,trug,NP2-Causality,Sebastian,trug,"Christian,",weil,er,an den Nachmittagen,erschöpft war,und,die Stabilität,verlor,"Sebastian trug Christian, weil er an den Nachmittagen erschöpft war und die Stabilität verlor.",ok_prefix_keep_particle_or_punctuation,Sebastian,Susanne,Christian,Lena,NP2,,,carried,AgP,7.0,0.0,0.09,-92,NP2,trug,trug,22.4,4.0,,"Der Sohn trug die Mutter, weil sie am späten Abend erschöpft war und das Seufzen ausstieß.",erschöpft,10.12,9.0,68.75,68.75,optimal,nonamb,False,,False,,True,nachmittags -> an den Nachmittagen,True,die Unterstützung brauchte -> die Stabilität verlor
15,both_female,7,107,trug,NP2-Causality,Susanne,trug,"Lena,",weil,sie,an den Nachmittagen,erschöpft war,und,die Stabilität,verlor,"Susanne trug Lena, weil sie an den Nachmittagen erschöpft war und die Stabilität verlor.",ok_prefix_keep_particle_or_punctuation,Sebastian,Susanne,Christian,Lena,NP2,,,carried,AgP,7.0,0.0,0.09,-92,NP2,trug,trug,22.4,4.0,,"Der Sohn trug die Mutter, weil sie am späten Abend erschöpft war und das Seufzen ausstieß.",erschöpft,10.12,9.0,68.75,68.75,optimal,nonamb,False,,False,,True,nachmittags -> an den Nachmittagen,True,die Unterstützung brauchte -> die Stabilität verlor
15,swapped,8,107,trug,NP2-Causality,Susanne,trug,"Christian,",weil,er,an den Nachmittagen,erschöpft war,und,die Stabilität,verlor,"Susanne trug Christian, weil er an den Nachmittagen erschöpft war und die Stabilität verlor.",ok_prefix_keep_particle_or_punctuation,Sebastian,Susanne,Christian,Lena,NP2,,,carried,AgP,7.0,0.0,0.09,-92,NP2,trug,trug,22.4,4.0,,"Der Sohn trug die Mutter, weil sie am späten Abend erschöpft war und das Seufzen ausstieß.",erschöpft,10.12,9.0,68.75,68.75,optimal,nonamb,False,,False,,True,nachmittags -> an den Nachmittagen,True,die Unterstützung brauchte -> die Stabilität verlor
146,original,1,108,fragte,NP1-Causality,Daniel,fragte,"Nina,",weil,er,bei der Aufgabe,uninformiert war,und,die Lösung,suchte,"Daniel fragte Nina, weil er bei der Aufgabe uninformiert war und die Lösung suchte.",ok_prefix_keep_particle_or_punctuation,Daniel,Julia,Karl,Nina,neutral,,,consulted,AgP,9.0,68.0,0.36,13,neutral,fragte,fragte,37.95,6.0,,"Der Student fragte die Tutorin, weil er in dem Moment unsicher war und die Lösung suchte.",unsicher,14.66,8.0,68.75,68.75,suboptimal,nonamb,False,,True,unsicher war -> uninformiert war,False,,False,
146,both_male,2,108,fragte,NP1-Causality,Daniel,fragte,"Karl,",weil,er,bei der Aufgabe,uninformiert war,und,die Lösung,suchte,"Daniel fragte Karl, weil er bei der Aufgabe uninformiert war und die Lösung suchte.",ok_prefix_keep_particle_or_punctuation,Daniel,Julia,Karl,Nina,neutral,,,consulted,AgP,9.0,68.0,0.36,13,neutral,fragte,fragte,37.95,6.0,,"Der Student fragte die Tutorin, weil er in dem Moment unsicher war und die Lösung suchte.",unsicher,14.66,8.0,68.75,68.75,suboptimal,nonamb,False,,True,unsicher war -> uninformiert war,False,,False,
146,both_female,3,108,fragte,NP1-Causality,Julia,fragte,"Nina,",weil,sie,bei der Aufgabe,uninformiert war,und,die Lösung,suchte,"Julia fragte Nina, weil sie bei der Aufgabe uninformiert war und die Lösung suchte.",ok_prefix_keep_particle_or_punctuation,Daniel,Julia,Karl,Nina,neutral,,,consulted,AgP,9.0,68.0,0.36,13,neutral,fragte,fragte,37.95,6.0,,"Der Student fragte die Tutorin, weil er in dem Moment unsicher war und die Lösung suchte.",unsicher,14.66,8.0,68.75,68.75,suboptimal,nonamb,False,,True,unsicher war -> uninformiert war,False,,False,
146,swapped,4,108,fragte,NP1-Causality,Julia,fragte,"Karl,",weil,sie,bei der Aufgabe,uninformiert war,und,die Lösung,suchte,"Julia fragte Karl, weil sie bei der Aufgabe uninformiert war und die Lösung suchte.",ok_prefix_keep_particle_or_punctuation,Daniel,Julia,Karl,Nina,neutral,,,consulted,AgP,9.0,68.0,0.36,13,neutral,fragte,fragte,37.95,6.0,,"Der Student fragte die Tutorin, weil er in dem Moment unsicher war und die Lösung suchte.",unsicher,14.66,8.0,68.75,68.75,suboptimal,nonamb,False,,True,unsicher war -> uninformiert war,False,,False,
147,original,5,108,fragte,NP2-Causality,Daniel,fragte,"Nina,",weil,sie,bei der Aufgabe,informiert war,und,die Details,kannte,"Daniel fragte Nina, weil sie bei der Aufgabe informiert war und die Details kannte.",ok_prefix_keep_particle_or_punctuation,Daniel,Julia,Karl,Nina,neutral,,,consulted,AgP,9.0,68.0,0.36,13,neutral,fragte,fragte,37.95,6.0,,"Der Student fragte die Tutorin, weil sie  in dem Moment belesen war und die Auskunft lieferte.",belesen,0.59,7.0,68.75,68.75,suboptimal,nonamb,False,,True,sicher war -> informiert war,False,,True,Auskunft lieferte -> die Details kannte
147,both_male,6,108,fragte,NP2-Causality,Daniel,fragte,"Karl,",weil,er,bei der Aufgabe,informiert war,und,die Details,kannte,"Daniel fragte Karl, weil er bei der Aufgabe informiert war und die Details kannte.",ok_prefix_keep_particle_or_punctuation,Daniel,Julia,Karl,Nina,neutral,,,consulted,AgP,9.0,68.0,0.36,13,neutral,fragte,fragte,37.95,6.0,,"Der Student fragte die Tutorin, weil sie  in dem Moment belesen war und die Auskunft lieferte.",belesen,0.59,7.0,68.75,68.75,suboptimal,nonamb,False,,True,sicher war -> informiert war,False,,True,Auskunft lieferte -> die Details kannte
147,both_female,7,108,fragte,NP2-Causality,Julia,fragte,"Nina,",weil,sie,bei der Aufgabe,informiert war,und,die Details,kannte,"Julia fragte Nina, weil sie bei der Aufgabe informiert war und die Details kannte.",ok_prefix_keep_particle_or_punctuation,Daniel,Julia,Karl,Nina,neutral,,,consulted,AgP,9.0,68.0,0.36,13,neutral,fragte,fragte,37.95,6.0,,"Der Student fragte die Tutorin, weil sie  in dem Moment belesen war und die Auskunft lieferte.",belesen,0.59,7.0,68.75,68.75,suboptimal,nonamb,False,,True,sicher war -> informiert war,False,,True,Auskunft lieferte -> die Details kannte
147,swapped,8,108,fragte,NP2-Causality,Julia,fragte,"Karl,",weil,er,bei der Aufgabe,informiert war,und,die Details,kannte,"Julia fragte Karl, weil er bei der Aufgabe informiert war und die Details kannte.",ok_prefix_keep_particle_or_punctuation,Daniel,Julia,Karl,Nina,neutral,,,consulted,AgP,9.0,68.0,0.36,13,neutral,fragte,fragte,37.95,6.0,,"Der Student fragte die Tutorin, weil sie  in dem Moment belesen war und die Auskunft lieferte.",belesen,0.59,7.0,68.75,68.75,suboptimal,nonamb,False,,True,sicher war -> informiert war,False,,True,Auskunft lieferte -> die Details kannte
212,original,1,109,beunruhigte,NP1-Causality,Paul,beunruhigte,"Claudia,",weil,er,in der Situation,abweisend war,und,die Fragen,mied,"Paul beunruhigte Claudia, weil er in der Situation abweisend war und die Fragen mied.",ok_prefix_keep_particle_or_punctuation,Paul,Monika,Stefan,Claudia,NP1,,,concerned,StimExp,9.0,36.0,-1.0,81,NP1,ging an,anging,0.91,6.0,,"Der Verwandte ging die Bestatterin an, weil er von Anfang an ungewaschen war und den Ekel auslöste.",ungewaschen,0.34,11.0,56.25,56.25,suboptimal,nonamb,True,ging -> beunruhigte (Eng: concerned),True,alleine war -> abweisend war,False,,True,Verzweiflung verspührte -> die Fragen mied
212,both_male,2,109,beunruhigte,NP1-Causality,Paul,beunruhigte,"Stefan,",weil,er,in der Situation,abweisend war,und,die Fragen,mied,"Paul beunruhigte Stefan, weil er in der Situation abweisend war und die Fragen mied.",ok_prefix_keep_particle_or_punctuation,Paul,Monika,Stefan,Claudia,NP1,,,concerned,StimExp,9.0,36.0,-1.0,81,NP1,ging an,anging,0.91,6.0,,"Der Verwandte ging die Bestatterin an, weil er von Anfang an ungewaschen war und den Ekel auslöste.",ungewaschen,0.34,11.0,56.25,56.25,suboptimal,nonamb,True,ging -> beunruhigte (Eng: concerned),True,alleine war -> abweisend war,False,,True,Verzweiflung verspührte -> die Fragen mied
212,both_female,3,109,beunruhigte,NP1-Causality,Monika,beunruhigte,"Claudia,",weil,sie,in der Situation,abweisend war,und,die Fragen,mied,"Monika beunruhigte Claudia, weil sie in der Situation abweisend war und die Fragen mied.",ok_prefix_keep_particle_or_punctuation,Paul,Monika,Stefan,Claudia,NP1,,,concerned,StimExp,9.0,36.0,-1.0,81,NP1,ging an,anging,0.91,6.0,,"Der Verwandte ging die Bestatterin an, weil er von Anfang an ungewaschen war und den Ekel auslöste.",ungewaschen,0.34,11.0,56.25,56.25,suboptimal,nonamb,True,ging -> beunruhigte (Eng: concerned),True,alleine war -> abweisend war,False,,True,Verzweiflung verspührte -> die Fragen mied
212,swapped,4,109,beunruhigte,NP1-Causality,Monika,beunruhigte,"Stefan,",weil,sie,in der Situation,abweisend war,und,die Fragen,mied,"Monika beunruhigte Stefan, weil sie in der Situation abweisend war und die Fragen mied.",ok_prefix_keep_particle_or_punctuation,Paul,Monika,Stefan,Claudia,NP1,,,concerned,StimExp,9.0,36.0,-1.0,81,NP1,ging an,anging,0.91,6.0,,"Der Verwandte ging die Bestatterin an, weil er von Anfang an ungewaschen war und den Ekel auslöste.",ungewaschen,0.34,11.0,56.25,56.25,suboptimal,nonamb,True,ging -> beunruhigte (Eng: concerned),True,alleine war -> abweisend war,False,,True,Verzweiflung verspührte -> die Fragen mied
213,original,5,109,beunruhigte,NP2-Causality,Paul,beunruhigte,"Claudia,",weil,sie,in der Situation,alarmiert war,und,die Anzeichen,sah,"Paul beunruhigte Claudia, weil sie in der Situation alarmiert war und die Anzeichen sah.",ok_prefix_keep_particle_or_punctuation,Paul,Monika,Stefan,Claudia,NP1,,,concerned,StimExp,9.0,36.0,-1.0,81,NP1,ging an,anging,0.91,6.0,,"Der Verwandte ging die Bestatterin an, weil sie von Anfang an beauftragt war und die Reinigung erledigte. ",beauftragt,19.9,10.0,56.25,56.25,suboptimal,nonamb,True,ging -> beunruhigte (Eng: concerned),True,ungeschickt war -> alarmiert war,False,,True,Hartherzigkeit zeigte -> die Anzeichen sah
213,both_male,6,109,beunruhigte,NP2-Causality,Paul,beunruhigte,"Stefan,",weil,er,in der Situation,alarmiert war,und,die Anzeichen,sah,"Paul beunruhigte Stefan, weil er in der Situation alarmiert war und die Anzeichen sah.",ok_prefix_keep_particle_or_punctuation,Paul,Monika,Stefan,Claudia,NP1,,,concerned,StimExp,9.0,36.0,-1.0,81,NP1,ging an,anging,0.91,6.0,,"Der Verwandte ging die Bestatterin an, weil sie von Anfang an beauftragt war und die Reinigung erledigte. ",beauftragt,19.9,10.0,56.25,56.25,suboptimal,nonamb,True,ging -> beunruhigte (Eng: concerned),True,ungeschickt war -> alarmiert war,False,,True,Hartherzigkeit zeigte -> die Anzeichen sah
213,both_female,7,109,beunruhigte,NP2-Causality,Monika,beunruhigte,"Claudia,",weil,sie,in der Situation,alarmiert war,und,die Anzeichen,sah,"Monika beunruhigte Claudia, weil sie in der Situation alarmiert war und die Anzeichen sah.",ok_prefix_keep_particle_or_punctuation,Paul,Monika,Stefan,Claudia,NP1,,,concerned,StimExp,9.0,36.0,-1.0,81,NP1,ging an,anging,0.91,6.0,,"Der Verwandte ging die Bestatterin an, weil sie von Anfang an beauftragt war und die Reinigung erledigte. ",beauftragt,19.9,10.0,56.25,56.25,suboptimal,nonamb,True,ging -> beunruhigte (Eng: concerned),True,ungeschickt war -> alarmiert war,False,,True,Hartherzigkeit zeigte -> die Anzeichen sah
213,swapped,8,109,beunruhigte,NP2-Causality,Monika,beunruhigte,"Stefan,",weil,er,in der Situation,alarmiert war,und,die Anzeichen,sah,"Monika beunruhigte Stefan, weil er in der Situation alarmiert war und die Anzeichen sah.",ok_prefix_keep_particle_or_punctuation,Paul,Monika,Stefan,Claudia,NP1,,,concerned,StimExp,9.0,36.0,-1.0,81,NP1,ging an,anging,0.91,6.0,,"Der Verwandte ging die Bestatterin an, weil sie von Anfang an beauftragt war und die Reinigung erledigte. ",beauftragt,19.9,10.0,56.25,56.25,suboptimal,nonamb,True,ging -> beunruhigte (Eng: concerned),True,ungeschickt war -> alarmiert war,False,,True,Hartherzigkeit zeigte -> die Anzeichen sah
108,original,1,111,erleuchtete,NP1-Causality,Matthias,erleuchtete,"Martina,",weil,er,auf der Reise,weise war,und,das Problem,erklärte,"Matthias erleuchtete Martina, weil er auf der Reise weise war und das Problem erklärte.",ok_prefix_keep_particle_or_punctuation,Matthias,Sarah,Frank,Martina,neutral,,,enlightened,StimExp,11.0,2.0,1.0,0,neutral,erleuchtete,beleuchtete,1.24,11.0,,"Der Flugbegleiter beleuchtete die Passagierin, weil er in dem Moment ernst war und die Pflicht erfüllte.  ",ernst,91.97,5.0,100.0,100.0,optimal,nonamb,False,,True,einfühlsam war -> weise war,False,,False,
108,both_male,2,111,erleuchtete,NP1-Causality,Matthias,erleuchtete,"Frank,",weil,er,auf der Reise,weise war,und,das Problem,erklärte,"Matthias erleuchtete Frank, weil er auf der Reise weise war und das Problem erklärte.",ok_prefix_keep_particle_or_punctuation,Matthias,Sarah,Frank,Martina,neutral,,,enlightened,StimExp,11.0,2.0,1.0,0,neutral,erleuchtete,beleuchtete,1.24,11.0,,"Der Flugbegleiter beleuchtete die Passagierin, weil er in dem Moment ernst war und die Pflicht erfüllte.  ",ernst,91.97,5.0,100.0,100.0,optimal,nonamb,False,,True,einfühlsam war -> weise war,False,,False,
108,both_female,3,111,erleuchtete,NP1-Causality,Sarah,erleuchtete,"Martina,",weil,sie,auf der Reise,weise war,und,das Problem,erklärte,"Sarah erleuchtete Martina, weil sie auf der Reise weise war und das Problem erklärte.",ok_prefix_keep_particle_or_punctuation,Matthias,Sarah,Frank,Martina,neutral,,,enlightened,StimExp,11.0,2.0,1.0,0,neutral,erleuchtete,beleuchtete,1.24,11.0,,"Der Flugbegleiter beleuchtete die Passagierin, weil er in dem Moment ernst war und die Pflicht erfüllte.  ",ernst,91.97,5.0,100.0,100.0,optimal,nonamb,False,,True,einfühlsam war -> weise war,False,,False,
108,swapped,4,111,erleuchtete,NP1-Causality,Sarah,erleuchtete,"Frank,",weil,sie,auf der Reise,weise war,und,das Problem,erklärte,"Sarah erleuchtete Frank, weil sie auf der Reise weise war und das Problem erklärte.",ok_prefix_keep_particle_or_punctuation,Matthias,Sarah,Frank,Martina,neutral,,,enlightened,StimExp,11.0,2.0,1.0,0,neutral,erleuchtete,beleuchtete,1.24,11.0,,"Der Flugbegleiter beleuchtete die Passagierin, weil er in dem Moment ernst war und die Pflicht erfüllte.  ",ernst,91.97,5.0,100.0,100.0,optimal,nonamb,False,,True,einfühlsam war -> weise war,False,,False,
109,original,5,111,erleuchtete,NP2-Causality,Matthias,erleuchtete,"Martina,",weil,sie,auf der Reise,ahnungslos war,und,den Weg,verlor,"Matthias erleuchtete Martina, weil sie auf der Reise ahnungslos war und den Weg verlor.",ok_prefix_keep_particle_or_punctuation,Matthias,Sarah,Frank,Martina,neutral,,,enlightened,StimExp,11.0,2.0,1.0,0,neutral,erleuchtete,beleuchtete,1.24,11.0,,"Der Flugbegleiter beleuchtete die Passagierin, weil sie in dem Moment ehrlich war und die Wahrheit sagte.",ehrlich,33.7,7.0,100.0,100.0,optimal,nonamb,False,,True,unwissend war -> ahnungslos war,False,,True,Unischerheit verspührte -> den Weg verlor
109,both_male,6,111,erleuchtete,NP2-Causality,Matthias,erleuchtete,"Frank,",weil,er,auf der Reise,ahnungslos war,und,den Weg,verlor,"Matthias erleuchtete Frank, weil er auf der Reise ahnungslos war und den Weg verlor.",ok_prefix_keep_particle_or_punctuation,Matthias,Sarah,Frank,Martina,neutral,,,enlightened,StimExp,11.0,2.0,1.0,0,neutral,erleuchtete,beleuchtete,1.24,11.0,,"Der Flugbegleiter beleuchtete die Passagierin, weil sie in dem Moment ehrlich war und die Wahrheit sagte.",ehrlich,33.7,7.0,100.0,100.0,optimal,nonamb,False,,True,unwissend war -> ahnungslos war,False,,True,Unischerheit verspührte -> den Weg verlor
109,both_female,7,111,erleuchtete,NP2-Causality,Sarah,erleuchtete,"Martina,",weil,sie,auf der Reise,ahnungslos war,und,den Weg,verlor,"Sarah erleuchtete Martina, weil sie auf der Reise ahnungslos war und den Weg verlor.",ok_prefix_keep_particle_or_punctuation,Matthias,Sarah,Frank,Martina,neutral,,,enlightened,StimExp,11.0,2.0,1.0,0,neutral,erleuchtete,beleuchtete,1.24,11.0,,"Der Flugbegleiter beleuchtete die Passagierin, weil sie in dem Moment ehrlich war und die Wahrheit sagte.",ehrlich,33.7,7.0,100.0,100.0,optimal,nonamb,False,,True,unwissend war -> ahnungslos war,False,,True,Unischerheit verspührte -> den Weg verlor
109,swapped,8,111,erleuchtete,NP2-Causality,Sarah,erleuchtete,"Frank,",weil,er,auf der Reise,ahnungslos war,und,den Weg,verlor,"Sarah erleuchtete Frank, weil er auf der Reise ahnungslos war und den Weg verlor.",ok_prefix_keep_particle_or_punctuation,Matthias,Sarah,Frank,Martina,neutral,,,enlightened,StimExp,11.0,2.0,1.0,0,neutral,erleuchtete,beleuchtete,1.24,11.0,,"Der Flugbegleiter beleuchtete die Passagierin, weil sie in dem Moment ehrlich war und die Wahrheit sagte.",ehrlich,33.7,7.0,100.0,100.0,optimal,nonamb,False,,True,unwissend war -> ahnungslos war,False,,True,Unischerheit verspührte -> den Weg verlor
190,original,1,112,verzückte,NP1-Causality,David,verzückte,"Nicole,",weil,er,bei dem Auftritt,hinreißend war,und,die Zuschauer,begeisterte,"David verzückte Nicole, weil er bei dem Auftritt hinreißend war und die Zuschauer begeisterte.",ok_prefix_keep_particle_or_punctuation,David,Eva,Daniel,Nicole,NP1,,,entranced,StimExp,9.0,9.0,0.55,76,NP1,verzückte,verzückte,0.07,9.0,,"Der Tänzer verzückte die Zuschauerin, weil er am frühen Abend wunderschön war und die Aufmerksamkeit fesselte.",wunderschön,23.36,11.0,50.0,50.0,suboptimal,nonamb,False,,True,wunderschön war -> hinreißend war,False,,True,das Publikum fesselte -> die Zuschauer begeisterte
190,both_male,2,112,verzückte,NP1-Causality,David,verzückte,"Daniel,",weil,er,bei dem Auftritt,hinreißend war,und,die Zuschauer,begeisterte,"David verzückte Daniel, weil er bei dem Auftritt hinreißend war und die Zuschauer begeisterte.",ok_prefix_keep_particle_or_punctuation,David,Eva,Daniel,Nicole,NP1,,,entranced,StimExp,9.0,9.0,0.55,76,NP1,verzückte,verzückte,0.07,9.0,,"Der Tänzer verzückte die Zuschauerin, weil er am frühen Abend wunderschön war und die Aufmerksamkeit fesselte.",wunderschön,23.36,11.0,50.0,50.0,suboptimal,nonamb,False,,True,wunderschön war -> hinreißend war,False,,True,das Publikum fesselte -> die Zuschauer begeisterte
190,both_female,3,112,verzückte,NP1-Causality,Eva,verzückte,"Nicole,",weil,sie,bei dem Auftritt,hinreißend war,und,die Zuschauer,begeisterte,"Eva verzückte Nicole, weil sie bei dem Auftritt hinreißend war und die Zuschauer begeisterte.",ok_prefix_keep_particle_or_punctuation,David,Eva,Daniel,Nicole,NP1,,,entranced,StimExp,9.0,9.0,0.55,76,NP1,verzückte,verzückte,0.07,9.0,,"Der Tänzer verzückte die Zuschauerin, weil er am frühen Abend wunderschön war und die Aufmerksamkeit fesselte.",wunderschön,23.36,11.0,50.0,50.0,suboptimal,nonamb,False,,True,wunderschön war -> hinreißend war,False,,True,das Publikum fesselte -> die Zuschauer begeisterte
190,swapped,4,112,verzückte,NP1-Causality,Eva,verzückte,"Daniel,",weil,sie,bei dem Auftritt,hinreißend war,und,die Zuschauer,begeisterte,"Eva verzückte Daniel, weil sie bei dem Auftritt hinreißend war und die Zuschauer begeisterte.",ok_prefix_keep_particle_or_punctuation,David,Eva,Daniel,Nicole,NP1,,,entranced,StimExp,9.0,9.0,0.55,76,NP1,verzückte,verzückte,0.07,9.0,,"Der Tänzer verzückte die Zuschauerin, weil er am frühen Abend wunderschön war und die Aufmerksamkeit fesselte.",wunderschön,23.36,11.0,50.0,50.0,suboptimal,nonamb,False,,True,wunderschön war -> hinreißend war,False,,True,das Publikum fesselte -> die Zuschauer begeisterte
191,original,5,112,verzückte,NP2-Causality,David,verzückte,"Nicole,",weil,sie,bei dem Auftritt,fasziniert war,und,die Choreografie,bewunderte,"David verzückte Nicole, weil sie bei dem Auftritt fasziniert war und die Choreografie bewunderte.",ok_prefix_keep_particle_or_punctuation,David,Eva,Daniel,Nicole,NP1,,,entranced,StimExp,9.0,9.0,0.55,76,NP1,verzückte,verzückte,0.07,9.0,,"Der Tänzer verzückte die Zuschauerin, weil sie am frühen Abend überrascht war und die Augen aufriss.",überrascht,21.94,10.0,50.0,50.0,suboptimal,nonamb,False,,True,einsam war -> fasziniert war,False,,True,Sehnsucht hatte -> die Choreografie bewunderte
191,both_male,6,112,verzückte,NP2-Causality,David,verzückte,"Daniel,",weil,er,bei dem Auftritt,fasziniert war,und,die Choreografie,bewunderte,"David verzückte Daniel, weil er bei dem Auftritt fasziniert war und die Choreografie bewunderte.",ok_prefix_keep_particle_or_punctuation,David,Eva,Daniel,Nicole,NP1,,,entranced,StimExp,9.0,9.0,0.55,76,NP1,verzückte,verzückte,0.07,9.0,,"Der Tänzer verzückte die Zuschauerin, weil sie am frühen Abend überrascht war und die Augen aufriss.",überrascht,21.94,10.0,50.0,50.0,suboptimal,nonamb,False,,True,einsam war -> fasziniert war,False,,True,Sehnsucht hatte -> die Choreografie bewunderte
191,both_female,7,112,verzückte,NP2-Causality,Eva,verzückte,"Nicole,",weil,sie,bei dem Auftritt,fasziniert war,und,die Choreografie,bewunderte,"Eva verzückte Nicole, weil sie bei dem Auftritt fasziniert war und die Choreografie bewunderte.",ok_prefix_keep_particle_or_punctuation,David,Eva,Daniel,Nicole,NP1,,,entranced,StimExp,9.0,9.0,0.55,76,NP1,verzückte,verzückte,0.07,9.0,,"Der Tänzer verzückte die Zuschauerin, weil sie am frühen Abend überrascht war und die Augen aufriss.",überrascht,21.94,10.0,50.0,50.0,suboptimal,nonamb,False,,True,einsam war -> fasziniert war,False,,True,Sehnsucht hatte -> die Choreografie bewunderte
191,swapped,8,112,verzückte,NP2-Causality,Eva,verzückte,"Daniel,",weil,er,bei dem Auftritt,fasziniert war,und,die Choreografie,bewunderte,"Eva verzückte Daniel, weil er bei dem Auftritt fasziniert war und die Choreografie bewunderte.",ok_prefix_keep_particle_or_punctuation,David,Eva,Daniel,Nicole,NP1,,,entranced,StimExp,9.0,9.0,0.55,76,NP1,verzückte,verzückte,0.07,9.0,,"Der Tänzer verzückte die Zuschauerin, weil sie am frühen Abend überrascht war und die Augen aufriss.",überrascht,21.94,10.0,50.0,50.0,suboptimal,nonamb,False,,True,einsam war -> fasziniert war,False,,True,Sehnsucht hatte -> die Choreografie bewunderte
30,original,1,113,fütterte,NP1-Causality,Paul,fütterte,"Julia,",weil,er,zu der Zeit,pflichtbewusst war,und,die Verantwortung,trug,"Paul fütterte Julia, weil er zu der Zeit pflichtbewusst war und die Verantwortung trug.",ok_prefix_keep_particle_or_punctuation,Paul,Nina,Matthias,Julia,NP2,,,fed,AgP,3.0,283.0,1.09,-85,NP2,fütterte,fütterte,0.32,8.0,,"Der Bauer fütterte die Kuh, weil er in dem Moment fürsorglich war und die Pflege leistete.",fürsorglich,1.5,11.0,87.5,87.5,optimal,nonamb,False,,True,fürsorglich war -> pflichtbewusst war,False,,True,die Aufgaben erledigte -> die Verantwortung trug
30,both_male,2,113,fütterte,NP1-Causality,Paul,fütterte,"Matthias,",weil,er,zu der Zeit,pflichtbewusst war,und,die Verantwortung,trug,"Paul fütterte Matthias, weil er zu der Zeit pflichtbewusst war und die Verantwortung trug.",ok_prefix_keep_particle_or_punctuation,Paul,Nina,Matthias,Julia,NP2,,,fed,AgP,3.0,283.0,1.09,-85,NP2,fütterte,fütterte,0.32,8.0,,"Der Bauer fütterte die Kuh, weil er in dem Moment fürsorglich war und die Pflege leistete.",fürsorglich,1.5,11.0,87.5,87.5,optimal,nonamb,False,,True,fürsorglich war -> pflichtbewusst war,False,,True,die Aufgaben erledigte -> die Verantwortung trug
30,both_female,3,113,fütterte,NP1-Causality,Nina,fütterte,"Julia,",weil,sie,zu der Zeit,pflichtbewusst war,und,die Verantwortung,trug,"Nina fütterte Julia, weil sie zu der Zeit pflichtbewusst war und die Verantwortung trug.",ok_prefix_keep_particle_or_punctuation,Paul,Nina,Matthias,Julia,NP2,,,fed,AgP,3.0,283.0,1.09,-85,NP2,fütterte,fütterte,0.32,8.0,,"Der Bauer fütterte die Kuh, weil er in dem Moment fürsorglich war und die Pflege leistete.",fürsorglich,1.5,11.0,87.5,87.5,optimal,nonamb,False,,True,fürsorglich war -> pflichtbewusst war,False,,True,die Aufgaben erledigte -> die Verantwortung trug
30,swapped,4,113,fütterte,NP1-Causality,Nina,fütterte,"Matthias,",weil,sie,zu der Zeit,pflichtbewusst war,und,die Verantwortung,trug,"Nina fütterte Matthias, weil sie zu der Zeit pflichtbewusst war und die Verantwortung trug.",ok_prefix_keep_particle_or_punctuation,Paul,Nina,Matthias,Julia,NP2,,,fed,AgP,3.0,283.0,1.09,-85,NP2,fütterte,fütterte,0.32,8.0,,"Der Bauer fütterte die Kuh, weil er in dem Moment fürsorglich war und die Pflege leistete.",fürsorglich,1.5,11.0,87.5,87.5,optimal,nonamb,False,,True,fürsorglich war -> pflichtbewusst war,False,,True,die Aufgaben erledigte -> die Verantwortung trug
31,original,5,113,fütterte,NP2-Causality,Paul,fütterte,"Julia,",weil,sie,zu der Zeit,hungrig war,und,eine Mahlzeit,erwartete,"Paul fütterte Julia, weil sie zu der Zeit hungrig war und eine Mahlzeit erwartete.",ok_prefix_keep_particle_or_punctuation,Paul,Nina,Matthias,Julia,NP2,,,fed,AgP,3.0,283.0,1.09,-85,NP2,fütterte,fütterte,0.32,8.0,,"Der Bauer fütterte die Kuh, weil sie in dem Moment mager war und die Mahlzeit forderte.",mager,5.0,5.0,87.5,87.5,optimal,nonamb,False,,False,,False,,True,eine Mahlzeit einforderte -> eine Mahlzeit erwartete
31,both_male,6,113,fütterte,NP2-Causality,Paul,fütterte,"Matthias,",weil,er,zu der Zeit,hungrig war,und,eine Mahlzeit,erwartete,"Paul fütterte Matthias, weil er zu der Zeit hungrig war und eine Mahlzeit erwartete.",ok_prefix_keep_particle_or_punctuation,Paul,Nina,Matthias,Julia,NP2,,,fed,AgP,3.0,283.0,1.09,-85,NP2,fütterte,fütterte,0.32,8.0,,"Der Bauer fütterte die Kuh, weil sie in dem Moment mager war und die Mahlzeit forderte.",mager,5.0,5.0,87.5,87.5,optimal,nonamb,False,,False,,False,,True,eine Mahlzeit einforderte -> eine Mahlzeit erwartete
31,both_female,7,113,fütterte,NP2-Causality,Nina,fütterte,"Julia,",weil,sie,zu der Zeit,hungrig war,und,eine Mahlzeit,erwartete,"Nina fütterte Julia, weil sie zu der Zeit hungrig war und eine Mahlzeit erwartete.",ok_prefix_keep_particle_or_punctuation,Paul,Nina,Matthias,Julia,NP2,,,fed,AgP,3.0,283.0,1.09,-85,NP2,fütterte,fütterte,0.32,8.0,,"Der Bauer fütterte die Kuh, weil sie in dem Moment mager war und die Mahlzeit forderte.",mager,5.0,5.0,87.5,87.5,optimal,nonamb,False,,False,,False,,True,eine Mahlzeit einforderte -> eine Mahlzeit erwartete
31,swapped,8,113,fütterte,NP2-Causality,Nina,fütterte,"Matthias,",weil,er,zu der Zeit,hungrig war,und,eine Mahlzeit,erwartete,"Nina fütterte Matthias, weil er zu der Zeit hungrig war und eine Mahlzeit erwartete.",ok_prefix_keep_particle_or_punctuation,Paul,Nina,Matthias,Julia,NP2,,,fed,AgP,3.0,283.0,1.09,-85,NP2,fütterte,fütterte,0.32,8.0,,"Der Bauer fütterte die Kuh, weil sie in dem Moment mager war und die Mahlzeit forderte.",mager,5.0,5.0,87.5,87.5,optimal,nonamb,False,,False,,False,,True,eine Mahlzeit einforderte -> eine Mahlzeit erwartete
140,original,1,114,umarmte,NP1-Causality,Andreas,umarmte,"Susanne,",weil,er,zu jedem Zeitpunkt,liebevoll war,und,die Gelegenheit,nutzte,"Andreas umarmte Susanne, weil er zu jedem Zeitpunkt liebevoll war und die Gelegenheit nutzte.",ok_prefix_keep_particle_or_punctuation,Andreas,Daniela,Wolfgang,Susanne,neutral,,,hugged,AgP,6.0,9.0,2.09,12,neutral,umarmte,drückte,6.18,7.0,,"Der Vater drückte die Tochter, weil er zu jenem Zeitpunkt liebevoll war und die Nähe wollte.",liebevoll,13.94,9.0,25.0,25.0,suboptimal,nonamb,False,,False,,False,,True,Nähe suchte -> die Gelegenheit nutzte
140,both_male,2,114,umarmte,NP1-Causality,Andreas,umarmte,"Wolfgang,",weil,er,zu jedem Zeitpunkt,liebevoll war,und,die Gelegenheit,nutzte,"Andreas umarmte Wolfgang, weil er zu jedem Zeitpunkt liebevoll war und die Gelegenheit nutzte.",ok_prefix_keep_particle_or_punctuation,Andreas,Daniela,Wolfgang,Susanne,neutral,,,hugged,AgP,6.0,9.0,2.09,12,neutral,umarmte,drückte,6.18,7.0,,"Der Vater drückte die Tochter, weil er zu jenem Zeitpunkt liebevoll war und die Nähe wollte.",liebevoll,13.94,9.0,25.0,25.0,suboptimal,nonamb,False,,False,,False,,True,Nähe suchte -> die Gelegenheit nutzte
140,both_female,3,114,umarmte,NP1-Causality,Daniela,umarmte,"Susanne,",weil,sie,zu jedem Zeitpunkt,liebevoll war,und,die Gelegenheit,nutzte,"Daniela umarmte Susanne, weil sie zu jedem Zeitpunkt liebevoll war und die Gelegenheit nutzte.",ok_prefix_keep_particle_or_punctuation,Andreas,Daniela,Wolfgang,Susanne,neutral,,,hugged,AgP,6.0,9.0,2.09,12,neutral,umarmte,drückte,6.18,7.0,,"Der Vater drückte die Tochter, weil er zu jenem Zeitpunkt liebevoll war und die Nähe wollte.",liebevoll,13.94,9.0,25.0,25.0,suboptimal,nonamb,False,,False,,False,,True,Nähe suchte -> die Gelegenheit nutzte
140,swapped,4,114,umarmte,NP1-Causality,Daniela,umarmte,"Wolfgang,",weil,sie,zu jedem Zeitpunkt,liebevoll war,und,die Gelegenheit,nutzte,"Daniela umarmte Wolfgang, weil sie zu jedem Zeitpunkt liebevoll war und die Gelegenheit nutzte.",ok_prefix_keep_particle_or_punctuation,Andreas,Daniela,Wolfgang,Susanne,neutral,,,hugged,AgP,6.0,9.0,2.09,12,neutral,umarmte,drückte,6.18,7.0,,"Der Vater drückte die Tochter, weil er zu jenem Zeitpunkt liebevoll war und die Nähe wollte.",liebevoll,13.94,9.0,25.0,25.0,suboptimal,nonamb,False,,False,,False,,True,Nähe suchte -> die Gelegenheit nutzte
141,original,5,114,umarmte,NP2-Causality,Andreas,umarmte,"Susanne,",weil,sie,zu jedem Zeitpunkt,traurig war,und,die Nähe,brauchte,"Andreas umarmte Susanne, weil sie zu jedem Zeitpunkt traurig war und die Nähe brauchte.",ok_prefix_keep_particle_or_punctuation,Andreas,Daniela,Wolfgang,Susanne,neutral,,,hugged,AgP,6.0,9.0,2.09,12,neutral,umarmte,drückte,6.18,7.0,,"Der Vater drückte die Tochter, weil sie zu jenem Zeitpunkt deprimiert war und den Trost suchte. ",deprimiert,1.23,10.0,25.0,25.0,suboptimal,nonamb,False,,True,deprimiert war -> traurig war,False,,True,Trost benötigte -> die Nähe brauchte
141,both_male,6,114,umarmte,NP2-Causality,Andreas,umarmte,"Wolfgang,",weil,er,zu jedem Zeitpunkt,traurig war,und,die Nähe,brauchte,"Andreas umarmte Wolfgang, weil er zu jedem Zeitpunkt traurig war und die Nähe brauchte.",ok_prefix_keep_particle_or_punctuation,Andreas,Daniela,Wolfgang,Susanne,neutral,,,hugged,AgP,6.0,9.0,2.09,12,neutral,umarmte,drückte,6.18,7.0,,"Der Vater drückte die Tochter, weil sie zu jenem Zeitpunkt deprimiert war und den Trost suchte. ",deprimiert,1.23,10.0,25.0,25.0,suboptimal,nonamb,False,,True,deprimiert war -> traurig war,False,,True,Trost benötigte -> die Nähe brauchte
141,both_female,7,114,umarmte,NP2-Causality,Daniela,umarmte,"Susanne,",weil,sie,zu jedem Zeitpunkt,traurig war,und,die Nähe,brauchte,"Daniela umarmte Susanne, weil sie zu jedem Zeitpunkt traurig war und die Nähe brauchte.",ok_prefix_keep_particle_or_punctuation,Andreas,Daniela,Wolfgang,Susanne,neutral,,,hugged,AgP,6.0,9.0,2.09,12,neutral,umarmte,drückte,6.18,7.0,,"Der Vater drückte die Tochter, weil sie zu jenem Zeitpunkt deprimiert war und den Trost suchte. ",deprimiert,1.23,10.0,25.0,25.0,suboptimal,nonamb,False,,True,deprimiert war -> traurig war,False,,True,Trost benötigte -> die Nähe brauchte
141,swapped,8,114,umarmte,NP2-Causality,Daniela,umarmte,"Wolfgang,",weil,er,zu jedem Zeitpunkt,traurig war,und,die Nähe,brauchte,"Daniela umarmte Wolfgang, weil er zu jedem Zeitpunkt traurig war und die Nähe brauchte.",ok_prefix_keep_particle_or_punctuation,Andreas,Daniela,Wolfgang,Susanne,neutral,,,hugged,AgP,6.0,9.0,2.09,12,neutral,umarmte,drückte,6.18,7.0,,"Der Vater drückte die Tochter, weil sie zu jenem Zeitpunkt deprimiert war und den Trost suchte. ",deprimiert,1.23,10.0,25.0,25.0,suboptimal,nonamb,False,,True,deprimiert war -> traurig war,False,,True,Trost benötigte -> die Nähe brauchte
214,original,1,115,irritierte,NP1-Causality,Peter,irritierte,"Sarah,",weil,er,am späten Morgen,aufdringlich war,und,die Ruhe,störte,"Peter irritierte Sarah, weil er am späten Morgen aufdringlich war und die Ruhe störte.",ok_prefix_keep_particle_or_punctuation,Peter,Martina,Alexander,Sarah,NP1,,,irritated,StimExp,9.0,5.0,-2.09,81,NP1,irritierte,irritierte,0.41,10.0,,"Der Polizist irritierte die Diebin, weil er am späten Mittag hilfsbereit war und das Essen anbot.",hilfsbereit,4.33,11.0,68.75,68.75,optimal,nonamb,False,,True,hilfsbereit war -> aufdringlich war,False,,True,Essen anbot -> die Ruhe störte
214,both_male,2,115,irritierte,NP1-Causality,Peter,irritierte,"Alexander,",weil,er,am späten Morgen,aufdringlich war,und,die Ruhe,störte,"Peter irritierte Alexander, weil er am späten Morgen aufdringlich war und die Ruhe störte.",ok_prefix_keep_particle_or_punctuation,Peter,Martina,Alexander,Sarah,NP1,,,irritated,StimExp,9.0,5.0,-2.09,81,NP1,irritierte,irritierte,0.41,10.0,,"Der Polizist irritierte die Diebin, weil er am späten Mittag hilfsbereit war und das Essen anbot.",hilfsbereit,4.33,11.0,68.75,68.75,optimal,nonamb,False,,True,hilfsbereit war -> aufdringlich war,False,,True,Essen anbot -> die Ruhe störte
214,both_female,3,115,irritierte,NP1-Causality,Martina,irritierte,"Sarah,",weil,sie,am späten Morgen,aufdringlich war,und,die Ruhe,störte,"Martina irritierte Sarah, weil sie am späten Morgen aufdringlich war und die Ruhe störte.",ok_prefix_keep_particle_or_punctuation,Peter,Martina,Alexander,Sarah,NP1,,,irritated,StimExp,9.0,5.0,-2.09,81,NP1,irritierte,irritierte,0.41,10.0,,"Der Polizist irritierte die Diebin, weil er am späten Mittag hilfsbereit war und das Essen anbot.",hilfsbereit,4.33,11.0,68.75,68.75,optimal,nonamb,False,,True,hilfsbereit war -> aufdringlich war,False,,True,Essen anbot -> die Ruhe störte
214,swapped,4,115,irritierte,NP1-Causality,Martina,irritierte,"Alexander,",weil,sie,am späten Morgen,aufdringlich war,und,die Ruhe,störte,"Martina irritierte Alexander, weil sie am späten Morgen aufdringlich war und die Ruhe störte.",ok_prefix_keep_particle_or_punctuation,Peter,Martina,Alexander,Sarah,NP1,,,irritated,StimExp,9.0,5.0,-2.09,81,NP1,irritierte,irritierte,0.41,10.0,,"Der Polizist irritierte die Diebin, weil er am späten Mittag hilfsbereit war und das Essen anbot.",hilfsbereit,4.33,11.0,68.75,68.75,optimal,nonamb,False,,True,hilfsbereit war -> aufdringlich war,False,,True,Essen anbot -> die Ruhe störte
215,original,5,115,irritierte,NP2-Causality,Peter,irritierte,"Sarah,",weil,sie,am späten Morgen,überfordert war,und,die Übersicht,verlor,"Peter irritierte Sarah, weil sie am späten Morgen überfordert war und die Übersicht verlor.",ok_prefix_keep_particle_or_punctuation,Peter,Martina,Alexander,Sarah,NP1,,,irritated,StimExp,9.0,5.0,-2.09,81,NP1,irritierte,irritierte,0.41,10.0,,"Der Polizist irritierte die Diebin, weil sie am späten Mittag endeckt war und die Tarnung aufflog.",entdeckt,44.77,8.0,68.75,68.75,optimal,nonamb,False,,False,,False,,True,die Tarnung aufflog -> die Übersicht verlor
215,both_male,6,115,irritierte,NP2-Causality,Peter,irritierte,"Alexander,",weil,er,am späten Morgen,überfordert war,und,die Übersicht,verlor,"Peter irritierte Alexander, weil er am späten Morgen überfordert war und die Übersicht verlor.",ok_prefix_keep_particle_or_punctuation,Peter,Martina,Alexander,Sarah,NP1,,,irritated,StimExp,9.0,5.0,-2.09,81,NP1,irritierte,irritierte,0.41,10.0,,"Der Polizist irritierte die Diebin, weil sie am späten Mittag endeckt war und die Tarnung aufflog.",entdeckt,44.77,8.0,68.75,68.75,optimal,nonamb,False,,False,,False,,True,die Tarnung aufflog -> die Übersicht verlor
215,both_female,7,115,irritierte,NP2-Causality,Martina,irritierte,"Sarah,",weil,sie,am späten Morgen,überfordert war,und,die Übersicht,verlor,"Martina irritierte Sarah, weil sie am späten Morgen überfordert war und die Übersicht verlor.",ok_prefix_keep_particle_or_punctuation,Peter,Martina,Alexander,Sarah,NP1,,,irritated,StimExp,9.0,5.0,-2.09,81,NP1,irritierte,irritierte,0.41,10.0,,"Der Polizist irritierte die Diebin, weil sie am späten Mittag endeckt war und die Tarnung aufflog.",entdeckt,44.77,8.0,68.75,68.75,optimal,nonamb,False,,False,,False,,True,die Tarnung aufflog -> die Übersicht verlor
215,swapped,8,115,irritierte,NP2-Causality,Martina,irritierte,"Alexander,",weil,er,am späten Morgen,überfordert war,und,die Übersicht,verlor,"Martina irritierte Alexander, weil er am späten Morgen überfordert war und die Übersicht verlor.",ok_prefix_keep_particle_or_punctuation,Peter,Martina,Alexander,Sarah,NP1,,,irritated,StimExp,9.0,5.0,-2.09,81,NP1,irritierte,irritierte,0.41,10.0,,"Der Polizist irritierte die Diebin, weil sie am späten Mittag endeckt war und die Tarnung aufflog.",entdeckt,44.77,8.0,68.75,68.75,optimal,nonamb,False,,False,,False,,True,die Tarnung aufflog -> die Übersicht verlor
8,original,1,116,bemerkte,NP1-Causality,Karl,bemerkte,"Birgit,",weil,er,in der Dämmerung,wachsam war,und,die Umgebung,beobachtete,"Karl bemerkte Birgit, weil er in der Dämmerung wachsam war und die Umgebung beobachtete.",ok_prefix_keep_particle_or_punctuation,Karl,Monika,Florian,Birgit,NP2,,,noticed,ExpStim,7.0,844.0,0.55,-92,NP2,bemerkte,bemerkte,10.02,8.0,,"Der Passant bemerkte die Fremde, weil er in der Dämmerung hellhörig war und das Geräusch wahrnahm.",hellhörig,1.47,9.0,56.25,56.25,suboptimal,nonamb,False,,True,hellhörig war -> wachsam war,False,,True,das Geräusch wahrnahm -> die Umgebung beobachtete
8,both_male,2,116,bemerkte,NP1-Causality,Karl,bemerkte,"Florian,",weil,er,in der Dämmerung,wachsam war,und,die Umgebung,beobachtete,"Karl bemerkte Florian, weil er in der Dämmerung wachsam war und die Umgebung beobachtete.",ok_prefix_keep_particle_or_punctuation,Karl,Monika,Florian,Birgit,NP2,,,noticed,ExpStim,7.0,844.0,0.55,-92,NP2,bemerkte,bemerkte,10.02,8.0,,"Der Passant bemerkte die Fremde, weil er in der Dämmerung hellhörig war und das Geräusch wahrnahm.",hellhörig,1.47,9.0,56.25,56.25,suboptimal,nonamb,False,,True,hellhörig war -> wachsam war,False,,True,das Geräusch wahrnahm -> die Umgebung beobachtete
8,both_female,3,116,bemerkte,NP1-Causality,Monika,bemerkte,"Birgit,",weil,sie,in der Dämmerung,wachsam war,und,die Umgebung,beobachtete,"Monika bemerkte Birgit, weil sie in der Dämmerung wachsam war und die Umgebung beobachtete.",ok_prefix_keep_particle_or_punctuation,Karl,Monika,Florian,Birgit,NP2,,,noticed,ExpStim,7.0,844.0,0.55,-92,NP2,bemerkte,bemerkte,10.02,8.0,,"Der Passant bemerkte die Fremde, weil er in der Dämmerung hellhörig war und das Geräusch wahrnahm.",hellhörig,1.47,9.0,56.25,56.25,suboptimal,nonamb,False,,True,hellhörig war -> wachsam war,False,,True,das Geräusch wahrnahm -> die Umgebung beobachtete
8,swapped,4,116,bemerkte,NP1-Causality,Monika,bemerkte,"Florian,",weil,sie,in der Dämmerung,wachsam war,und,die Umgebung,beobachtete,"Monika bemerkte Florian, weil sie in der Dämmerung wachsam war und die Umgebung beobachtete.",ok_prefix_keep_particle_or_punctuation,Karl,Monika,Florian,Birgit,NP2,,,noticed,ExpStim,7.0,844.0,0.55,-92,NP2,bemerkte,bemerkte,10.02,8.0,,"Der Passant bemerkte die Fremde, weil er in der Dämmerung hellhörig war und das Geräusch wahrnahm.",hellhörig,1.47,9.0,56.25,56.25,suboptimal,nonamb,False,,True,hellhörig war -> wachsam war,False,,True,das Geräusch wahrnahm -> die Umgebung beobachtete
9,original,5,116,bemerkte,NP2-Causality,Karl,bemerkte,"Birgit,",weil,sie,in der Dämmerung,hörbar war,und,ein Lied,summte,"Karl bemerkte Birgit, weil sie in der Dämmerung hörbar war und ein Lied summte.",ok_prefix_keep_particle_or_punctuation,Karl,Monika,Florian,Birgit,NP2,,,noticed,ExpStim,7.0,844.0,0.55,-92,NP2,bemerkte,bemerkte,10.02,8.0,,"Der Passant bemerkte die Fremde, weil sie in der Dämmerung auffällig war und die Aufmerksamkeit erregte.",auffällig,16.14,9.0,56.25,56.25,suboptimal,nonamb,False,,True,auffällig war -> hörbar war,False,,True,Aufmerksamkeit erregte -> ein Lied summte
9,both_male,6,116,bemerkte,NP2-Causality,Karl,bemerkte,"Florian,",weil,er,in der Dämmerung,hörbar war,und,ein Lied,summte,"Karl bemerkte Florian, weil er in der Dämmerung hörbar war und ein Lied summte.",ok_prefix_keep_particle_or_punctuation,Karl,Monika,Florian,Birgit,NP2,,,noticed,ExpStim,7.0,844.0,0.55,-92,NP2,bemerkte,bemerkte,10.02,8.0,,"Der Passant bemerkte die Fremde, weil sie in der Dämmerung auffällig war und die Aufmerksamkeit erregte.",auffällig,16.14,9.0,56.25,56.25,suboptimal,nonamb,False,,True,auffällig war -> hörbar war,False,,True,Aufmerksamkeit erregte -> ein Lied summte
9,both_female,7,116,bemerkte,NP2-Causality,Monika,bemerkte,"Birgit,",weil,sie,in der Dämmerung,hörbar war,und,ein Lied,summte,"Monika bemerkte Birgit, weil sie in der Dämmerung hörbar war und ein Lied summte.",ok_prefix_keep_particle_or_punctuation,Karl,Monika,Florian,Birgit,NP2,,,noticed,ExpStim,7.0,844.0,0.55,-92,NP2,bemerkte,bemerkte,10.02,8.0,,"Der Passant bemerkte die Fremde, weil sie in der Dämmerung auffällig war und die Aufmerksamkeit erregte.",auffällig,16.14,9.0,56.25,56.25,suboptimal,nonamb,False,,True,auffällig war -> hörbar war,False,,True,Aufmerksamkeit erregte -> ein Lied summte
9,swapped,8,116,bemerkte,NP2-Causality,Monika,bemerkte,"Florian,",weil,er,in der Dämmerung,hörbar war,und,ein Lied,summte,"Monika bemerkte Florian, weil er in der Dämmerung hörbar war und ein Lied summte.",ok_prefix_keep_particle_or_punctuation,Karl,Monika,Florian,Birgit,NP2,,,noticed,ExpStim,7.0,844.0,0.55,-92,NP2,bemerkte,bemerkte,10.02,8.0,,"Der Passant bemerkte die Fremde, weil sie in der Dämmerung auffällig war und die Aufmerksamkeit erregte.",auffällig,16.14,9.0,56.25,56.25,suboptimal,nonamb,False,,True,auffällig war -> hörbar war,False,,True,Aufmerksamkeit erregte -> ein Lied summte
110,original,1,117,überholte,NP1-Causality,Johannes,überholte,"Sabine,",weil,er,nach dem Feierabend,ungeduldig war,und,die Spur,wechselte,"Johannes überholte Sabine, weil er nach dem Feierabend ungeduldig war und die Spur wechselte.",ok_prefix_keep_particle_or_punctuation,Johannes,Johanna,Tobias,Sabine,neutral,,,passed,AgP,6.0,357.0,1.27,0,neutral,überholen,vorbeiging,0.24,10.0,,"Der Besucher ging an der Türsteherin vorbei, weil er in dem Moment kontrolliert war und die Fassung bewahrte.",kontrolliert,23.73,12.0,87.5,87.5,optimal,nonamb,False,,False,,True,am Feierabend -> nach dem Feierabend,True,nach Hause wollte -> die Spur wechselte
110,both_male,2,117,überholte,NP1-Causality,Johannes,überholte,"Tobias,",weil,er,nach dem Feierabend,ungeduldig war,und,die Spur,wechselte,"Johannes überholte Tobias, weil er nach dem Feierabend ungeduldig war und die Spur wechselte.",ok_prefix_keep_particle_or_punctuation,Johannes,Johanna,Tobias,Sabine,neutral,,,passed,AgP,6.0,357.0,1.27,0,neutral,überholen,vorbeiging,0.24,10.0,,"Der Besucher ging an der Türsteherin vorbei, weil er in dem Moment kontrolliert war und die Fassung bewahrte.",kontrolliert,23.73,12.0,87.5,87.5,optimal,nonamb,False,,False,,True,am Feierabend -> nach dem Feierabend,True,nach Hause wollte -> die Spur wechselte
110,both_female,3,117,überholte,NP1-Causality,Johanna,überholte,"Sabine,",weil,sie,nach dem Feierabend,ungeduldig war,und,die Spur,wechselte,"Johanna überholte Sabine, weil sie nach dem Feierabend ungeduldig war und die Spur wechselte.",ok_prefix_keep_particle_or_punctuation,Johannes,Johanna,Tobias,Sabine,neutral,,,passed,AgP,6.0,357.0,1.27,0,neutral,überholen,vorbeiging,0.24,10.0,,"Der Besucher ging an der Türsteherin vorbei, weil er in dem Moment kontrolliert war und die Fassung bewahrte.",kontrolliert,23.73,12.0,87.5,87.5,optimal,nonamb,False,,False,,True,am Feierabend -> nach dem Feierabend,True,nach Hause wollte -> die Spur wechselte
110,swapped,4,117,überholte,NP1-Causality,Johanna,überholte,"Tobias,",weil,sie,nach dem Feierabend,ungeduldig war,und,die Spur,wechselte,"Johanna überholte Tobias, weil sie nach dem Feierabend ungeduldig war und die Spur wechselte.",ok_prefix_keep_particle_or_punctuation,Johannes,Johanna,Tobias,Sabine,neutral,,,passed,AgP,6.0,357.0,1.27,0,neutral,überholen,vorbeiging,0.24,10.0,,"Der Besucher ging an der Türsteherin vorbei, weil er in dem Moment kontrolliert war und die Fassung bewahrte.",kontrolliert,23.73,12.0,87.5,87.5,optimal,nonamb,False,,False,,True,am Feierabend -> nach dem Feierabend,True,nach Hause wollte -> die Spur wechselte
111,original,5,117,überholte,NP2-Causality,Johannes,überholte,"Sabine,",weil,sie,nach dem Feierabend,lahm war,und,das Tempo,drosselte,"Johannes überholte Sabine, weil sie nach dem Feierabend lahm war und das Tempo drosselte.",ok_prefix_keep_particle_or_punctuation,Johannes,Johanna,Tobias,Sabine,neutral,,,passed,AgP,6.0,357.0,1.27,0,neutral,überholen,vorbeiging,0.24,10.0,,"Der Besucher ging an der Türsteherin vorbei, weil sie in dem Moment einverstanden war und den Durchgang erlaubte.",einverstanden,11.97,13.0,87.5,87.5,optimal,nonamb,False,,True,unaufmerksam war -> lahm war,True,am Feierabend -> nach dem Feierabend,True,das Fahrsignal übersah -> das Tempo drosselte
111,both_male,6,117,überholte,NP2-Causality,Johannes,überholte,"Tobias,",weil,er,nach dem Feierabend,lahm war,und,das Tempo,drosselte,"Johannes überholte Tobias, weil er nach dem Feierabend lahm war und das Tempo drosselte.",ok_prefix_keep_particle_or_punctuation,Johannes,Johanna,Tobias,Sabine,neutral,,,passed,AgP,6.0,357.0,1.27,0,neutral,überholen,vorbeiging,0.24,10.0,,"Der Besucher ging an der Türsteherin vorbei, weil sie in dem Moment einverstanden war und den Durchgang erlaubte.",einverstanden,11.97,13.0,87.5,87.5,optimal,nonamb,False,,True,unaufmerksam war -> lahm war,True,am Feierabend -> nach dem Feierabend,True,das Fahrsignal übersah -> das Tempo drosselte
111,both_female,7,117,überholte,NP2-Causality,Johanna,überholte,"Sabine,",weil,sie,nach dem Feierabend,lahm war,und,das Tempo,drosselte,"Johanna überholte Sabine, weil sie nach dem Feierabend lahm war und das Tempo drosselte.",ok_prefix_keep_particle_or_punctuation,Johannes,Johanna,Tobias,Sabine,neutral,,,passed,AgP,6.0,357.0,1.27,0,neutral,überholen,vorbeiging,0.24,10.0,,"Der Besucher ging an der Türsteherin vorbei, weil sie in dem Moment einverstanden war und den Durchgang erlaubte.",einverstanden,11.97,13.0,87.5,87.5,optimal,nonamb,False,,True,unaufmerksam war -> lahm war,True,am Feierabend -> nach dem Feierabend,True,das Fahrsignal übersah -> das Tempo drosselte
111,swapped,8,117,überholte,NP2-Causality,Johanna,überholte,"Tobias,",weil,er,nach dem Feierabend,lahm war,und,das Tempo,drosselte,"Johanna überholte Tobias, weil er nach dem Feierabend lahm war und das Tempo drosselte.",ok_prefix_keep_particle_or_punctuation,Johannes,Johanna,Tobias,Sabine,neutral,,,passed,AgP,6.0,357.0,1.27,0,neutral,überholen,vorbeiging,0.24,10.0,,"Der Besucher ging an der Türsteherin vorbei, weil sie in dem Moment einverstanden war und den Durchgang erlaubte.",einverstanden,11.97,13.0,87.5,87.5,optimal,nonamb,False,,True,unaufmerksam war -> lahm war,True,am Feierabend -> nach dem Feierabend,True,das Fahrsignal übersah -> das Tempo drosselte
218,original,1,118,kontaktierte,NP1-Causality,Michael,kontaktierte,"Jana,",weil,er,nach dem Essen,unschlüssig war,und,eine Meinung,brauchte,"Michael kontaktierte Jana, weil er nach dem Essen unschlüssig war und eine Meinung brauchte.",ok_prefix_keep_particle_or_punctuation,Michael,Barbara,Christian,Jana,NP1,,,telephoned,AgP,10.0,48.0,0.18,82,NP1,rief … an,anrief,0.72,6.0,,"Der Kommissar rief die Zeugin an, weil er am frühen Morgen neugierig war und den Fall prüfte.",neugierig,12.44,9.0,68.75,68.75,suboptimal,nonamb,True,rief -> kontaktierte (Eng: telephoned),True,neugierig war -> unschlüssig war,False,,True,den Fall prüfte -> eine Meinung brauchte
218,both_male,2,118,kontaktierte,NP1-Causality,Michael,kontaktierte,"Christian,",weil,er,nach dem Essen,unschlüssig war,und,eine Meinung,brauchte,"Michael kontaktierte Christian, weil er nach dem Essen unschlüssig war und eine Meinung brauchte.",ok_prefix_keep_particle_or_punctuation,Michael,Barbara,Christian,Jana,NP1,,,telephoned,AgP,10.0,48.0,0.18,82,NP1,rief … an,anrief,0.72,6.0,,"Der Kommissar rief die Zeugin an, weil er am frühen Morgen neugierig war und den Fall prüfte.",neugierig,12.44,9.0,68.75,68.75,suboptimal,nonamb,True,rief -> kontaktierte (Eng: telephoned),True,neugierig war -> unschlüssig war,False,,True,den Fall prüfte -> eine Meinung brauchte
218,both_female,3,118,kontaktierte,NP1-Causality,Barbara,kontaktierte,"Jana,",weil,sie,nach dem Essen,unschlüssig war,und,eine Meinung,brauchte,"Barbara kontaktierte Jana, weil sie nach dem Essen unschlüssig war und eine Meinung brauchte.",ok_prefix_keep_particle_or_punctuation,Michael,Barbara,Christian,Jana,NP1,,,telephoned,AgP,10.0,48.0,0.18,82,NP1,rief … an,anrief,0.72,6.0,,"Der Kommissar rief die Zeugin an, weil er am frühen Morgen neugierig war und den Fall prüfte.",neugierig,12.44,9.0,68.75,68.75,suboptimal,nonamb,True,rief -> kontaktierte (Eng: telephoned),True,neugierig war -> unschlüssig war,False,,True,den Fall prüfte -> eine Meinung brauchte
218,swapped,4,118,kontaktierte,NP1-Causality,Barbara,kontaktierte,"Christian,",weil,sie,nach dem Essen,unschlüssig war,und,eine Meinung,brauchte,"Barbara kontaktierte Christian, weil sie nach dem Essen unschlüssig war und eine Meinung brauchte.",ok_prefix_keep_particle_or_punctuation,Michael,Barbara,Christian,Jana,NP1,,,telephoned,AgP,10.0,48.0,0.18,82,NP1,rief … an,anrief,0.72,6.0,,"Der Kommissar rief die Zeugin an, weil er am frühen Morgen neugierig war und den Fall prüfte.",neugierig,12.44,9.0,68.75,68.75,suboptimal,nonamb,True,rief -> kontaktierte (Eng: telephoned),True,neugierig war -> unschlüssig war,False,,True,den Fall prüfte -> eine Meinung brauchte
219,original,5,118,kontaktierte,NP2-Causality,Michael,kontaktierte,"Jana,",weil,sie,nach dem Essen,allein war,und,eine Ablenkung,brauchte,"Michael kontaktierte Jana, weil sie nach dem Essen allein war und eine Ablenkung brauchte.",ok_prefix_keep_particle_or_punctuation,Michael,Barbara,Christian,Jana,NP1,,,telephoned,AgP,10.0,48.0,0.18,82,NP1,rief … an,anrief,0.72,6.0,,"Der Kommissar rief die Zeugin an, weil sie am frühen Morgen gefährdet war und die Warnung benötigte.",in Gefahr,7.98,8.0,68.75,68.75,suboptimal,nonamb,True,rief -> kontaktierte (Eng: telephoned),True,gefährdet war -> allein war,False,,True,eine Wahrnung benötigte -> eine Ablenkung brauchte
219,both_male,6,118,kontaktierte,NP2-Causality,Michael,kontaktierte,"Christian,",weil,er,nach dem Essen,allein war,und,eine Ablenkung,brauchte,"Michael kontaktierte Christian, weil er nach dem Essen allein war und eine Ablenkung brauchte.",ok_prefix_keep_particle_or_punctuation,Michael,Barbara,Christian,Jana,NP1,,,telephoned,AgP,10.0,48.0,0.18,82,NP1,rief … an,anrief,0.72,6.0,,"Der Kommissar rief die Zeugin an, weil sie am frühen Morgen gefährdet war und die Warnung benötigte.",in Gefahr,7.98,8.0,68.75,68.75,suboptimal,nonamb,True,rief -> kontaktierte (Eng: telephoned),True,gefährdet war -> allein war,False,,True,eine Wahrnung benötigte -> eine Ablenkung brauchte
219,both_female,7,118,kontaktierte,NP2-Causality,Barbara,kontaktierte,"Jana,",weil,sie,nach dem Essen,allein war,und,eine Ablenkung,brauchte,"Barbara kontaktierte Jana, weil sie nach dem Essen allein war und eine Ablenkung brauchte.",ok_prefix_keep_particle_or_punctuation,Michael,Barbara,Christian,Jana,NP1,,,telephoned,AgP,10.0,48.0,0.18,82,NP1,rief … an,anrief,0.72,6.0,,"Der Kommissar rief die Zeugin an, weil sie am frühen Morgen gefährdet war und die Warnung benötigte.",in Gefahr,7.98,8.0,68.75,68.75,suboptimal,nonamb,True,rief -> kontaktierte (Eng: telephoned),True,gefährdet war -> allein war,False,,True,eine Wahrnung benötigte -> eine Ablenkung brauchte
219,swapped,8,118,kontaktierte,NP2-Causality,Barbara,kontaktierte,"Christian,",weil,er,nach dem Essen,allein war,und,eine Ablenkung,brauchte,"Barbara kontaktierte Christian, weil er nach dem Essen allein war und eine Ablenkung brauchte.",ok_prefix_keep_particle_or_punctuation,Michael,Barbara,Christian,Jana,NP1,,,telephoned,AgP,10.0,48.0,0.18,82,NP1,rief … an,anrief,0.72,6.0,,"Der Kommissar rief die Zeugin an, weil sie am frühen Morgen gefährdet war und die Warnung benötigte.",in Gefahr,7.98,8.0,68.75,68.75,suboptimal,nonamb,True,rief -> kontaktierte (Eng: telephoned),True,gefährdet war -> allein war,False,,True,eine Wahrnung benötigte -> eine Ablenkung brauchte
26,original,1,119,belohnte,NP1-Causality,Hans,belohnte,"Lena,",weil,er,seit kurzer Zeit,großzügig war,und,den Einsatz,schätzte,"Hans belohnte Lena, weil er seit kurzer Zeit großzügig war und den Einsatz schätzte.",ok_prefix_keep_particle_or_punctuation,Hans,Anna,Klaus,Lena,NP2,,,rewarded,AgEvo,8.0,235.0,2.45,-85,NP2,belohnte,belohnte,0.35,8.0,,"Der Versuchsleiter belohnte die Probandin, weil er seit kurzer Zeit dankbar war und die Geste zeigte. ",dankbar,19.83,7.0,87.5,87.5,optimal,nonamb,False,,True,dankbar war -> großzügig war,False,,False,
26,both_male,2,119,belohnte,NP1-Causality,Hans,belohnte,"Klaus,",weil,er,seit kurzer Zeit,großzügig war,und,den Einsatz,schätzte,"Hans belohnte Klaus, weil er seit kurzer Zeit großzügig war und den Einsatz schätzte.",ok_prefix_keep_particle_or_punctuation,Hans,Anna,Klaus,Lena,NP2,,,rewarded,AgEvo,8.0,235.0,2.45,-85,NP2,belohnte,belohnte,0.35,8.0,,"Der Versuchsleiter belohnte die Probandin, weil er seit kurzer Zeit dankbar war und die Geste zeigte. ",dankbar,19.83,7.0,87.5,87.5,optimal,nonamb,False,,True,dankbar war -> großzügig war,False,,False,
26,both_female,3,119,belohnte,NP1-Causality,Anna,belohnte,"Lena,",weil,sie,seit kurzer Zeit,großzügig war,und,den Einsatz,schätzte,"Anna belohnte Lena, weil sie seit kurzer Zeit großzügig war und den Einsatz schätzte.",ok_prefix_keep_particle_or_punctuation,Hans,Anna,Klaus,Lena,NP2,,,rewarded,AgEvo,8.0,235.0,2.45,-85,NP2,belohnte,belohnte,0.35,8.0,,"Der Versuchsleiter belohnte die Probandin, weil er seit kurzer Zeit dankbar war und die Geste zeigte. ",dankbar,19.83,7.0,87.5,87.5,optimal,nonamb,False,,True,dankbar war -> großzügig war,False,,False,
26,swapped,4,119,belohnte,NP1-Causality,Anna,belohnte,"Klaus,",weil,sie,seit kurzer Zeit,großzügig war,und,den Einsatz,schätzte,"Anna belohnte Klaus, weil sie seit kurzer Zeit großzügig war und den Einsatz schätzte.",ok_prefix_keep_particle_or_punctuation,Hans,Anna,Klaus,Lena,NP2,,,rewarded,AgEvo,8.0,235.0,2.45,-85,NP2,belohnte,belohnte,0.35,8.0,,"Der Versuchsleiter belohnte die Probandin, weil er seit kurzer Zeit dankbar war und die Geste zeigte. ",dankbar,19.83,7.0,87.5,87.5,optimal,nonamb,False,,True,dankbar war -> großzügig war,False,,False,
27,original,5,119,belohnte,NP2-Causality,Hans,belohnte,"Lena,",weil,sie,seit kurzer Zeit,zuverlässig war,und,die Fristen,einhielt,"Hans belohnte Lena, weil sie seit kurzer Zeit zuverlässig war und die Fristen einhielt.",ok_prefix_keep_particle_or_punctuation,Hans,Anna,Klaus,Lena,NP2,,,rewarded,AgEvo,8.0,235.0,2.45,-85,NP2,belohnte,belohnte,0.35,8.0,,"Der Versuchsleiter belohnte die Probandin, weil sie seit kurzer Zeit verwendbar war und die Daten lieferte. ",verwendbar,2.36,10.0,87.5,87.5,optimal,nonamb,False,,True,aufmerksam war -> zuverlässig war,False,,True,Daten lieferte -> die Fristen einhielt
27,both_male,6,119,belohnte,NP2-Causality,Hans,belohnte,"Klaus,",weil,er,seit kurzer Zeit,zuverlässig war,und,die Fristen,einhielt,"Hans belohnte Klaus, weil er seit kurzer Zeit zuverlässig war und die Fristen einhielt.",ok_prefix_keep_particle_or_punctuation,Hans,Anna,Klaus,Lena,NP2,,,rewarded,AgEvo,8.0,235.0,2.45,-85,NP2,belohnte,belohnte,0.35,8.0,,"Der Versuchsleiter belohnte die Probandin, weil sie seit kurzer Zeit verwendbar war und die Daten lieferte. ",verwendbar,2.36,10.0,87.5,87.5,optimal,nonamb,False,,True,aufmerksam war -> zuverlässig war,False,,True,Daten lieferte -> die Fristen einhielt
27,both_female,7,119,belohnte,NP2-Causality,Anna,belohnte,"Lena,",weil,sie,seit kurzer Zeit,zuverlässig war,und,die Fristen,einhielt,"Anna belohnte Lena, weil sie seit kurzer Zeit zuverlässig war und die Fristen einhielt.",ok_prefix_keep_particle_or_punctuation,Hans,Anna,Klaus,Lena,NP2,,,rewarded,AgEvo,8.0,235.0,2.45,-85,NP2,belohnte,belohnte,0.35,8.0,,"Der Versuchsleiter belohnte die Probandin, weil sie seit kurzer Zeit verwendbar war und die Daten lieferte. ",verwendbar,2.36,10.0,87.5,87.5,optimal,nonamb,False,,True,aufmerksam war -> zuverlässig war,False,,True,Daten lieferte -> die Fristen einhielt
27,swapped,8,119,belohnte,NP2-Causality,Anna,belohnte,"Klaus,",weil,er,seit kurzer Zeit,zuverlässig war,und,die Fristen,einhielt,"Anna belohnte Klaus, weil er seit kurzer Zeit zuverlässig war und die Fristen einhielt.",ok_prefix_keep_particle_or_punctuation,Hans,Anna,Klaus,Lena,NP2,,,rewarded,AgEvo,8.0,235.0,2.45,-85,NP2,belohnte,belohnte,0.35,8.0,,"Der Versuchsleiter belohnte die Probandin, weil sie seit kurzer Zeit verwendbar war und die Daten lieferte. ",verwendbar,2.36,10.0,87.5,87.5,optimal,nonamb,False,,True,aufmerksam war -> zuverlässig war,False,,True,Daten lieferte -> die Fristen einhielt
74,original,1,120,betrachtete,NP1-Causality,Frank,betrachtete,"Renate,",weil,er,in dem Moment,gebannt war,und,die Antwort,abwartete,"Frank betrachtete Renate, weil er in dem Moment gebannt war und die Antwort abwartete.",ok_prefix_keep_particle_or_punctuation,Frank,Claudia,Philipp,Renate,neutral,,,stared at,AgP,6.0,106.0,-0.36,-15,neutral,starrte … an,starrte,3.03,7.0,,"Der Kater starrte die Maus an, weil er in dem Moment hungrig war und den Sprung vorbereitete.",hungrig,4.51,7.0,12.5,12.5,suboptimal,nonamb,True,starrte -> betrachtete (Eng: stared at),True,hungrig war -> gebannt war,False,,True,den Sprung vorbereitete -> die Antwort abwartete
74,both_male,2,120,betrachtete,NP1-Causality,Frank,betrachtete,"Philipp,",weil,er,in dem Moment,gebannt war,und,die Antwort,abwartete,"Frank betrachtete Philipp, weil er in dem Moment gebannt war und die Antwort abwartete.",ok_prefix_keep_particle_or_punctuation,Frank,Claudia,Philipp,Renate,neutral,,,stared at,AgP,6.0,106.0,-0.36,-15,neutral,starrte … an,starrte,3.03,7.0,,"Der Kater starrte die Maus an, weil er in dem Moment hungrig war und den Sprung vorbereitete.",hungrig,4.51,7.0,12.5,12.5,suboptimal,nonamb,True,starrte -> betrachtete (Eng: stared at),True,hungrig war -> gebannt war,False,,True,den Sprung vorbereitete -> die Antwort abwartete
74,both_female,3,120,betrachtete,NP1-Causality,Claudia,betrachtete,"Renate,",weil,sie,in dem Moment,gebannt war,und,die Antwort,abwartete,"Claudia betrachtete Renate, weil sie in dem Moment gebannt war und die Antwort abwartete.",ok_prefix_keep_particle_or_punctuation,Frank,Claudia,Philipp,Renate,neutral,,,stared at,AgP,6.0,106.0,-0.36,-15,neutral,starrte … an,starrte,3.03,7.0,,"Der Kater starrte die Maus an, weil er in dem Moment hungrig war und den Sprung vorbereitete.",hungrig,4.51,7.0,12.5,12.5,suboptimal,nonamb,True,starrte -> betrachtete (Eng: stared at),True,hungrig war -> gebannt war,False,,True,den Sprung vorbereitete -> die Antwort abwartete
74,swapped,4,120,betrachtete,NP1-Causality,Claudia,betrachtete,"Philipp,",weil,sie,in dem Moment,gebannt war,und,die Antwort,abwartete,"Claudia betrachtete Philipp, weil sie in dem Moment gebannt war und die Antwort abwartete.",ok_prefix_keep_particle_or_punctuation,Frank,Claudia,Philipp,Renate,neutral,,,stared at,AgP,6.0,106.0,-0.36,-15,neutral,starrte … an,starrte,3.03,7.0,,"Der Kater starrte die Maus an, weil er in dem Moment hungrig war und den Sprung vorbereitete.",hungrig,4.51,7.0,12.5,12.5,suboptimal,nonamb,True,starrte -> betrachtete (Eng: stared at),True,hungrig war -> gebannt war,False,,True,den Sprung vorbereitete -> die Antwort abwartete
75,original,5,120,betrachtete,NP2-Causality,Frank,betrachtete,"Renate,",weil,sie,in dem Moment,still war,und,die Hände,faltete,"Frank betrachtete Renate, weil sie in dem Moment still war und die Hände faltete.",ok_prefix_keep_particle_or_punctuation,Frank,Claudia,Philipp,Renate,neutral,,,stared at,AgP,6.0,106.0,-0.36,-15,neutral,starrte … an,starrte,3.03,7.0,,"Der Kater starrte die Maus an, weil sie in dem Moment unaufmerksam war und die Gefahr übersah.",unaufmerksam,0.41,12.0,12.5,12.5,suboptimal,nonamb,True,starrte -> betrachtete (Eng: stared at),True,unaufmerksam war -> still war,False,,True,die Gefahr übersah -> die Hände faltete
75,both_male,6,120,betrachtete,NP2-Causality,Frank,betrachtete,"Philipp,",weil,er,in dem Moment,still war,und,die Hände,faltete,"Frank betrachtete Philipp, weil er in dem Moment still war und die Hände faltete.",ok_prefix_keep_particle_or_punctuation,Frank,Claudia,Philipp,Renate,neutral,,,stared at,AgP,6.0,106.0,-0.36,-15,neutral,starrte … an,starrte,3.03,7.0,,"Der Kater starrte die Maus an, weil sie in dem Moment unaufmerksam war und die Gefahr übersah.",unaufmerksam,0.41,12.0,12.5,12.5,suboptimal,nonamb,True,starrte -> betrachtete (Eng: stared at),True,unaufmerksam war -> still war,False,,True,die Gefahr übersah -> die Hände faltete
75,both_female,7,120,betrachtete,NP2-Causality,Claudia,betrachtete,"Renate,",weil,sie,in dem Moment,still war,und,die Hände,faltete,"Claudia betrachtete Renate, weil sie in dem Moment still war und die Hände faltete.",ok_prefix_keep_particle_or_punctuation,Frank,Claudia,Philipp,Renate,neutral,,,stared at,AgP,6.0,106.0,-0.36,-15,neutral,starrte … an,starrte,3.03,7.0,,"Der Kater starrte die Maus an, weil sie in dem Moment unaufmerksam war und die Gefahr übersah.",unaufmerksam,0.41,12.0,12.5,12.5,suboptimal,nonamb,True,starrte -> betrachtete (Eng: stared at),True,unaufmerksam war -> still war,False,,True,die Gefahr übersah -> die Hände faltete
75,swapped,8,120,betrachtete,NP2-Causality,Claudia,betrachtete,"Philipp,",weil,er,in dem Moment,still war,und,die Hände,faltete,"Claudia betrachtete Philipp, weil er in dem Moment still war und die Hände faltete.",ok_prefix_keep_particle_or_punctuation,Frank,Claudia,Philipp,Renate,neutral,,,stared at,AgP,6.0,106.0,-0.36,-15,neutral,starrte … an,starrte,3.03,7.0,,"Der Kater starrte die Maus an, weil sie in dem Moment unaufmerksam war und die Gefahr übersah.",unaufmerksam,0.41,12.0,12.5,12.5,suboptimal,nonamb,True,starrte -> betrachtete (Eng: stared at),True,unaufmerksam war -> still war,False,,True,die Gefahr übersah -> die Hände faltete
234,original,1,121,umging,NP1-Causality,Julian,umging,"Melanie,",weil,er,seit einiger Zeit,konfliktscheu war,und,jede Konfrontation,vermied,"Julian umging Melanie, weil er seit einiger Zeit konfliktscheu war und jede Konfrontation vermied.",ok_contains_exact_np,Julian,Sandra,Fabian,Melanie,NP2,,,disliked,,,,,-87,NP2,mochte ... nicht,mochte ... nicht,,,,,wählerisch,,,,,,nonamb,False,,False,,False,,False,
234,both_male,2,121,umging,NP1-Causality,Julian,umging,"Fabian,",weil,er,seit einiger Zeit,konfliktscheu war,und,jede Konfrontation,vermied,"Julian umging Fabian, weil er seit einiger Zeit konfliktscheu war und jede Konfrontation vermied.",ok_contains_exact_np,Julian,Sandra,Fabian,Melanie,NP2,,,disliked,,,,,-87,NP2,mochte ... nicht,mochte ... nicht,,,,,wählerisch,,,,,,nonamb,False,,False,,False,,False,
234,both_female,3,121,umging,NP1-Causality,Sandra,umging,"Melanie,",weil,sie,seit einiger Zeit,konfliktscheu war,und,jede Konfrontation,vermied,"Sandra umging Melanie, weil sie seit einiger Zeit konfliktscheu war und jede Konfrontation vermied.",ok_contains_exact_np,Julian,Sandra,Fabian,Melanie,NP2,,,disliked,,,,,-87,NP2,mochte ... nicht,mochte ... nicht,,,,,wählerisch,,,,,,nonamb,False,,False,,False,,False,
234,swapped,4,121,umging,NP1-Causality,Sandra,umging,"Fabian,",weil,sie,seit einiger Zeit,konfliktscheu war,und,jede Konfrontation,vermied,"Sandra umging Fabian, weil sie seit einiger Zeit konfliktscheu war und jede Konfrontation vermied.",ok_contains_exact_np,Julian,Sandra,Fabian,Melanie,NP2,,,disliked,,,,,-87,NP2,mochte ... nicht,mochte ... nicht,,,,,wählerisch,,,,,,nonamb,False,,False,,False,,False,
235,original,5,121,umging,NP2-Causality,Julian,umging,"Melanie,",weil,sie,seit einiger Zeit,anstrengend war,und,jede Person,konfrontierte,"Julian umging Melanie, weil sie seit einiger Zeit anstrengend war und jede Person konfrontierte.",ok_contains_exact_np,Julian,Sandra,Fabian,Melanie,NP2,,,disliked,,,,,-87,NP2,mochte ... nicht,mochte ... nicht,,,,,eigenartig,,,,,,nonamb,False,,False,,False,,False,
235,both_male,6,121,umging,NP2-Causality,Julian,umging,"Fabian,",weil,er,seit einiger Zeit,anstrengend war,und,jede Person,konfrontierte,"Julian umging Fabian, weil er seit einiger Zeit anstrengend war und jede Person konfrontierte.",ok_contains_exact_np,Julian,Sandra,Fabian,Melanie,NP2,,,disliked,,,,,-87,NP2,mochte ... nicht,mochte ... nicht,,,,,eigenartig,,,,,,nonamb,False,,False,,False,,False,
235,both_female,7,121,umging,NP2-Causality,Sandra,umging,"Melanie,",weil,sie,seit einiger Zeit,anstrengend war,und,jede Person,konfrontierte,"Sandra umging Melanie, weil sie seit einiger Zeit anstrengend war und jede Person konfrontierte.",ok_contains_exact_np,Julian,Sandra,Fabian,Melanie,NP2,,,disliked,,,,,-87,NP2,mochte ... nicht,mochte ... nicht,,,,,eigenartig,,,,,,nonamb,False,,False,,False,,False,
235,swapped,8,121,umging,NP2-Causality,Sandra,umging,"Fabian,",weil,er,seit einiger Zeit,anstrengend war,und,jede Person,konfrontierte,"Sandra umging Fabian, weil er seit einiger Zeit anstrengend war und jede Person konfrontierte.",ok_contains_exact_np,Julian,Sandra,Fabian,Melanie,NP2,,,disliked,,,,,-87,NP2,mochte ... nicht,mochte ... nicht,,,,,eigenartig,,,,,,nonamb,False,,False,,False,,False,
236,original,1,122,verschmähte,NP1-Causality,Dominik,verschmähte,"Vanessa,",weil,er,schon seit Langem,rachsüchtig war,und,den Vorfall,nachtrug,"Dominik verschmähte Vanessa, weil er schon seit Langem rachsüchtig war und den Vorfall nachtrug.",ok_contains_exact_np,Dominik,Jasmin,Marco,Vanessa,NP2,,,loathed,,,,,-85,NP2,konnte ... nicht ausstehen,konnte ... nicht ausstehen,,,,,rachsüchtig,,,,,,nonamb,False,,False,,False,,False,
236,both_male,2,122,verschmähte,NP1-Causality,Dominik,verschmähte,"Marco,",weil,er,schon seit Langem,rachsüchtig war,und,den Vorfall,nachtrug,"Dominik verschmähte Marco, weil er schon seit Langem rachsüchtig war und den Vorfall nachtrug.",ok_contains_exact_np,Dominik,Jasmin,Marco,Vanessa,NP2,,,loathed,,,,,-85,NP2,konnte ... nicht ausstehen,konnte ... nicht ausstehen,,,,,rachsüchtig,,,,,,nonamb,False,,False,,False,,False,
236,both_female,3,122,verschmähte,NP1-Causality,Jasmin,verschmähte,"Vanessa,",weil,sie,schon seit Langem,rachsüchtig war,und,den Vorfall,nachtrug,"Jasmin verschmähte Vanessa, weil sie schon seit Langem rachsüchtig war und den Vorfall nachtrug.",ok_contains_exact_np,Dominik,Jasmin,Marco,Vanessa,NP2,,,loathed,,,,,-85,NP2,konnte ... nicht ausstehen,konnte ... nicht ausstehen,,,,,rachsüchtig,,,,,,nonamb,False,,False,,False,,False,
236,swapped,4,122,verschmähte,NP1-Causality,Jasmin,verschmähte,"Marco,",weil,sie,schon seit Langem,rachsüchtig war,und,den Vorfall,nachtrug,"Jasmin verschmähte Marco, weil sie schon seit Langem rachsüchtig war und den Vorfall nachtrug.",ok_contains_exact_np,Dominik,Jasmin,Marco,Vanessa,NP2,,,loathed,,,,,-85,NP2,konnte ... nicht ausstehen,konnte ... nicht ausstehen,,,,,rachsüchtig,,,,,,nonamb,False,,False,,False,,False,
237,original,5,122,verschmähte,NP2-Causality,Dominik,verschmähte,"Vanessa,",weil,sie,schon seit Langem,unaufrichtig war,und,die Kollegen,anlog,"Dominik verschmähte Vanessa, weil sie schon seit Langem unaufrichtig war und die Kollegen anlog.",ok_contains_exact_np,Dominik,Jasmin,Marco,Vanessa,NP2,,,loathed,,,,,-85,NP2,konnte ... nicht ausstehen,konnte ... nicht ausstehen,,,,,widerlich,,,,,,nonamb,False,,False,,False,,False,
237,both_male,6,122,verschmähte,NP2-Causality,Dominik,verschmähte,"Marco,",weil,er,schon seit Langem,unaufrichtig war,und,die Kollegen,anlog,"Dominik verschmähte Marco, weil er schon seit Langem unaufrichtig war und die Kollegen anlog.",ok_contains_exact_np,Dominik,Jasmin,Marco,Vanessa,NP2,,,loathed,,,,,-85,NP2,konnte ... nicht ausstehen,konnte ... nicht ausstehen,,,,,widerlich,,,,,,nonamb,False,,False,,False,,False,
237,both_female,7,122,verschmähte,NP2-Causality,Jasmin,verschmähte,"Vanessa,",weil,sie,schon seit Langem,unaufrichtig war,und,die Kollegen,anlog,"Jasmin verschmähte Vanessa, weil sie schon seit Langem unaufrichtig war und die Kollegen anlog.",ok_contains_exact_np,Dominik,Jasmin,Marco,Vanessa,NP2,,,loathed,,,,,-85,NP2,konnte ... nicht ausstehen,konnte ... nicht ausstehen,,,,,widerlich,,,,,,nonamb,False,,False,,False,,False,
237,swapped,8,122,verschmähte,NP2-Causality,Jasmin,verschmähte,"Marco,",weil,er,schon seit Langem,unaufrichtig war,und,die Kollegen,anlog,"Jasmin verschmähte Marco, weil er schon seit Langem unaufrichtig war und die Kollegen anlog.",ok_contains_exact_np,Dominik,Jasmin,Marco,Vanessa,NP2,,,loathed,,,,,-85,NP2,konnte ... nicht ausstehen,konnte ... nicht ausstehen,,,,,widerlich,,,,,,nonamb,False,,False,,False,,False,
238,original,1,123,respektierte,NP1-Causality,Elias,respektierte,"Christina,",weil,er,von Anfang an,bescheiden war,und,die Kompetenz,anerkannte,"Elias respektierte Christina, weil er von Anfang an bescheiden war und die Kompetenz anerkannte.",ok_contains_exact_np,Elias,Franziska,Jonas,Christina,NP2,,,respected,,,,,-91,NP2,respektierte,respektierte,,,,,bescheiden,,,,,,nonamb,False,,False,,False,,False,
238,both_male,2,123,respektierte,NP1-Causality,Elias,respektierte,"Jonas,",weil,er,von Anfang an,bescheiden war,und,die Kompetenz,anerkannte,"Elias respektierte Jonas, weil er von Anfang an bescheiden war und die Kompetenz anerkannte.",ok_contains_exact_np,Elias,Franziska,Jonas,Christina,NP2,,,respected,,,,,-91,NP2,respektierte,respektierte,,,,,bescheiden,,,,,,nonamb,False,,False,,False,,False,
238,both_female,3,123,respektierte,NP1-Causality,Franziska,respektierte,"Christina,",weil,sie,von Anfang an,bescheiden war,und,die Kompetenz,anerkannte,"Franziska respektierte Christina, weil sie von Anfang an bescheiden war und die Kompetenz anerkannte.",ok_contains_exact_np,Elias,Franziska,Jonas,Christina,NP2,,,respected,,,,,-91,NP2,respektierte,respektierte,,,,,bescheiden,,,,,,nonamb,False,,False,,False,,False,
238,swapped,4,123,respektierte,NP1-Causality,Franziska,respektierte,"Jonas,",weil,sie,von Anfang an,bescheiden war,und,die Kompetenz,anerkannte,"Franziska respektierte Jonas, weil sie von Anfang an bescheiden war und die Kompetenz anerkannte.",ok_contains_exact_np,Elias,Franziska,Jonas,Christina,NP2,,,respected,,,,,-91,NP2,respektierte,respektierte,,,,,bescheiden,,,,,,nonamb,False,,False,,False,,False,
239,original,5,123,respektierte,NP2-Causality,Elias,respektierte,"Christina,",weil,sie,von Anfang an,aufrichtig war,und,die Wahrheit,sagte,"Elias respektierte Christina, weil sie von Anfang an aufrichtig war und die Wahrheit sagte.",ok_contains_exact_np,Elias,Franziska,Jonas,Christina,NP2,,,respected,,,,,-91,NP2,respektierte,respektierte,,,,,ehrlich,,,,,,nonamb,False,,False,,False,,False,
239,both_male,6,123,respektierte,NP2-Causality,Elias,respektierte,"Jonas,",weil,er,von Anfang an,aufrichtig war,und,die Wahrheit,sagte,"Elias respektierte Jonas, weil er von Anfang an aufrichtig war und die Wahrheit sagte.",ok_contains_exact_np,Elias,Franziska,Jonas,Christina,NP2,,,respected,,,,,-91,NP2,respektierte,respektierte,,,,,ehrlich,,,,,,nonamb,False,,False,,False,,False,
239,both_female,7,123,respektierte,NP2-Causality,Franziska,respektierte,"Christina,",weil,sie,von Anfang an,aufrichtig war,und,die Wahrheit,sagte,"Franziska respektierte Christina, weil sie von Anfang an aufrichtig war und die Wahrheit sagte.",ok_contains_exact_np,Elias,Franziska,Jonas,Christina,NP2,,,respected,,,,,-91,NP2,respektierte,respektierte,,,,,ehrlich,,,,,,nonamb,False,,False,,False,,False,
239,swapped,8,123,respektierte,NP2-Causality,Franziska,respektierte,"Jonas,",weil,er,von Anfang an,aufrichtig war,und,die Wahrheit,sagte,"Franziska respektierte Jonas, weil er von Anfang an aufrichtig war und die Wahrheit sagte.",ok_contains_exact_np,Elias,Franziska,Jonas,Christina,NP2,,,respected,,,,,-91,NP2,respektierte,respektierte,,,,,ehrlich,,,,,,nonamb,False,,False,,False,,False,
